person_age,person_income,person_home_ownership,person_emp_length,loan_intent,loan_grade,loan_amnt,loan_int_rate,loan_percent_income,cb_person_default_on_file,cb_person_cred_hist_length,loan_status
58,43613,RENT,,HOMEIMPROVEMENT,B,9633,8.8,0.221,N,29,0
48,93753,MORTGAGE,,EDUCATION,D,23179,14.77,0.247,N,12,0
34,68064,RENT,1.8,VENTURE,B,10960,9.46,0.161,N,23,0
62,16106,MORTGAGE,0.7,EDUCATION,A,9549,7.4,0.593,N,27,0
27,54734,OWN,2.7,HOMEIMPROVEMENT,C,10278,13.53,0.188,N,17,1
40,41128,OWN,0.5,MEDICAL,A,23647,8.36,0.575,N,11,0
58,24329,RENT,1.5,DEBTCONSOLIDATION,A,1355,5.16,0.056,Y,5,0
38,58939,RENT,2.3,EDUCATION,B,15521,10.27,0.263,N,29,0
42,37404,RENT,,EDUCATION,B,13554,10.74,0.362,N,11,1
30,37532,MORTGAGE,7.9,VENTURE,B,23085,10.69,0.615,N,27,1
30,52481,MORTGAGE,2.9,HOMEIMPROVEMENT,A,12646,5.0,0.241,Y,19,0
43,34744,MORTGAGE,6.4,EDUCATION,B,30221,9.55,0.87,Y,18,1
55,51671,OWN,4.2,MEDICAL,D,23269,16.98,0.45,N,17,1
59,35371,RENT,2.1,DEBTCONSOLIDATION,B,17726,9.03,0.501,N,21,0
43,36455,RENT,,MEDICAL,C,12470,11.58,0.342,N,29,1
22,84635,RENT,5.8,PERSONAL,A,25302,7.68,0.299,N,8,0
41,89506,RENT,,HOMEIMPROVEMENT,A,2105,7.36,0.024,N,25,0
21,19153,RENT,4.8,MEDICAL,E,19516,19.28,1.019,Y,20,1
43,73931,MORTGAGE,5.7,VENTURE,B,25842,9.22,0.35,N,20,0
63,105791,RENT,2.4,DEBTCONSOLIDATION,B,5371,8.42,0.051,N,6,0
49,115445,RENT,,HOMEIMPROVEMENT,E,23630,20.14,0.205,N,11,0
57,65264,MORTGAGE,0.9,MEDICAL,C,13937,17.0,0.214,N,27,0
21,27403,RENT,10.8,EDUCATION,D,15881,14.06,0.58,N,24,1
40,69320,MORTGAGE,2.1,HOMEIMPROVEMENT,C,7824,14.22,0.113,Y,5,0
52,30391,RENT,0.7,MEDICAL,A,26770,6.79,0.881,N,8,1
31,40593,MORTGAGE,,EDUCATION,F,8953,22.38,0.221,N,19,1
41,60517,OWN,2.4,PERSONAL,E,27136,18.93,0.448,N,12,0
63,31488,RENT,8.5,DEBTCONSOLIDATION,A,12850,9.63,0.408,N,2,0
44,26094,MORTGAGE,2.8,HOMEIMPROVEMENT,D,22153,15.04,0.849,N,23,1
46,63333,OWN,5.5,HOMEIMPROVEMENT,B,22793,9.28,0.36,N,5,1
61,136895,MORTGAGE,1.8,MEDICAL,C,19023,13.09,0.139,N,17,0
47,97127,RENT,1.2,PERSONAL,A,22866,7.68,0.235,N,24,0
35,72326,RENT,2.5,VENTURE,C,20100,,0.278,N,2,0
34,83998,MORTGAGE,,MEDICAL,A,27057,7.59,0.322,N,2,0
63,69615,OWN,5.3,MEDICAL,C,6778,13.27,0.097,Y,22,0
22,62783,RENT,4.3,VENTURE,A,21216,6.47,0.338,N,18,0
56,80357,RENT,22.1,VENTURE,B,2235,10.61,0.028,N,3,0
26,23095,RENT,5.9,VENTURE,C,11511,12.14,0.498,N,4,1
40,54705,RENT,,DEBTCONSOLIDATION,E,6206,19.24,0.113,N,18,0
28,46886,RENT,0.6,VENTURE,A,22702,6.74,0.484,N,25,0
58,51194,RENT,0.3,VENTURE,E,25903,,0.506,N,3,0
37,38034,RENT,1.9,EDUCATION,B,15039,,0.395,N,3,0
23,65268,RENT,0.7,EDUCATION,D,32795,14.82,0.502,N,9,0
44,31261,OWN,3.7,VENTURE,B,22476,9.53,0.719,N,8,1
33,36547,RENT,3.7,DEBTCONSOLIDATION,E,7328,,0.201,N,20,1
28,34213,RENT,4.3,DEBTCONSOLIDATION,C,14883,12.8,0.435,N,22,0
45,78839,RENT,6.8,PERSONAL,B,30285,10.52,0.384,N,20,0
21,48705,OWN,17.8,DEBTCONSOLIDATION,B,8155,,0.167,N,12,0
39,38045,MORTGAGE,10.5,PERSONAL,F,29962,19.82,0.788,N,12,1
47,39919,MORTGAGE,0.6,VENTURE,D,4544,15.55,0.114,N,22,0
26,49125,RENT,2.1,DEBTCONSOLIDATION,B,31764,9.81,0.647,N,26,0
63,119634,MORTGAGE,1.5,EDUCATION,A,3447,6.72,0.029,N,20,0
27,24832,RENT,1.0,PERSONAL,D,13007,17.9,0.524,N,12,1
54,71077,RENT,3.9,EDUCATION,G,11133,25.4,0.157,N,14,0
33,63546,MORTGAGE,4.0,MEDICAL,A,18693,7.31,0.294,N,4,0
36,30162,MORTGAGE,,EDUCATION,E,9397,19.4,0.312,N,2,1
55,109840,MORTGAGE,6.2,VENTURE,A,18587,7.39,0.169,N,6,0
59,65946,OWN,6.6,DEBTCONSOLIDATION,F,3593,21.47,0.054,N,4,0
23,37076,OWN,0.1,DEBTCONSOLIDATION,D,7768,14.88,0.21,N,4,0
21,17629,RENT,,HOMEIMPROVEMENT,B,32595,12.97,1.849,N,13,1
25,55605,RENT,11.0,VENTURE,B,33085,,0.595,N,5,0
61,47829,RENT,3.7,MEDICAL,C,29020,13.03,0.607,Y,19,0
23,27808,OWN,2.1,DEBTCONSOLIDATION,C,17155,13.05,0.617,N,19,1
48,27612,RENT,,EDUCATION,E,5668,18.09,0.205,N,25,1
37,79037,OWN,1.4,PERSONAL,D,23021,16.21,0.291,N,20,0
45,16720,RENT,0.5,VENTURE,C,24664,,1.475,N,5,1
63,58270,RENT,8.5,DEBTCONSOLIDATION,E,7218,19.86,0.124,N,3,0
53,44218,RENT,0.5,PERSONAL,C,13723,12.69,0.31,N,6,0
29,64436,RENT,1.7,EDUCATION,D,19776,17.35,0.307,N,13,0
55,41694,OWN,0.2,DEBTCONSOLIDATION,D,2467,16.62,0.059,N,26,0
33,57601,RENT,7.6,MEDICAL,E,30232,19.47,0.525,N,10,0
50,32580,RENT,0.2,VENTURE,A,9599,6.05,0.295,N,25,0
34,47711,RENT,1.8,PERSONAL,C,4305,13.08,0.09,N,26,0
27,64151,RENT,4.3,DEBTCONSOLIDATION,B,34835,10.91,0.543,N,26,0
33,53262,RENT,2.6,VENTURE,B,25439,10.14,0.478,N,13,0
42,60425,RENT,1.7,DEBTCONSOLIDATION,B,21565,8.37,0.357,N,14,0
59,29426,OWN,1.6,VENTURE,D,702,17.18,0.024,N,26,0
40,35423,RENT,8.0,PERSONAL,B,2431,10.91,0.069,Y,14,0
35,35762,RENT,,MEDICAL,B,23972,8.2,0.67,N,27,0
64,42105,MORTGAGE,2.1,VENTURE,A,27632,7.15,0.656,N,19,0
37,103488,RENT,0.2,MEDICAL,A,14165,7.98,0.137,Y,20,0
43,40344,RENT,0.2,MEDICAL,C,28953,,0.718,N,21,0
45,26135,MORTGAGE,7.1,EDUCATION,A,20321,5.41,0.778,N,2,0
44,66032,RENT,4.0,DEBTCONSOLIDATION,A,34445,5.71,0.522,N,23,0
64,102811,MORTGAGE,7.7,PERSONAL,B,19877,,0.193,N,13,0
60,24497,MORTGAGE,6.0,EDUCATION,A,26640,8.12,1.087,N,3,1
48,145080,MORTGAGE,11.9,HOMEIMPROVEMENT,A,2912,5.7,0.02,Y,5,0
34,61595,OWN,,DEBTCONSOLIDATION,E,26009,17.7,0.422,Y,6,1
64,86564,RENT,7.8,EDUCATION,D,28106,15.64,0.325,N,21,0
20,109852,RENT,3.2,VENTURE,B,17391,10.83,0.158,N,23,0
44,83695,RENT,1.8,VENTURE,B,18271,12.1,0.218,N,27,0
26,46129,RENT,3.5,VENTURE,E,4529,19.11,0.098,N,11,1
28,95772,MORTGAGE,3.5,HOMEIMPROVEMENT,A,17134,6.19,0.179,Y,23,0
43,56389,MORTGAGE,4.7,MEDICAL,C,9177,12.04,0.163,N,26,0
20,89300,MORTGAGE,1.0,VENTURE,C,33464,14.65,0.375,N,26,0
63,94838,MORTGAGE,5.3,DEBTCONSOLIDATION,D,5985,14.48,0.063,N,2,0
27,26903,RENT,3.0,DEBTCONSOLIDATION,F,28692,22.23,1.066,N,11,1
43,75876,MORTGAGE,4.8,EDUCATION,B,28126,11.58,0.371,N,16,0
30,44354,MORTGAGE,1.4,MEDICAL,B,12298,9.81,0.277,N,9,0
36,52891,MORTGAGE,,EDUCATION,C,15090,11.7,0.285,N,22,0
27,52570,RENT,,EDUCATION,F,10920,22.64,0.208,N,18,0
54,51422,MORTGAGE,10.4,VENTURE,E,29025,19.12,0.564,N,13,1
54,113316,RENT,3.3,EDUCATION,C,18828,13.56,0.166,N,6,0
52,23120,MORTGAGE,1.3,HOMEIMPROVEMENT,D,17946,16.69,0.776,N,7,1
24,19009,MORTGAGE,0.2,DEBTCONSOLIDATION,A,13342,7.62,0.702,N,17,0
61,16927,RENT,5.6,DEBTCONSOLIDATION,B,1729,10.36,0.102,N,8,0
58,88258,MORTGAGE,1.2,DEBTCONSOLIDATION,A,32241,7.81,0.365,N,20,1
60,32035,OWN,22.8,MEDICAL,A,31251,8.62,0.976,N,10,1
47,52717,RENT,3.8,VENTURE,C,32881,12.06,0.624,N,20,0
26,46023,OWN,1.7,VENTURE,E,1956,18.68,0.043,N,18,0
28,30106,MORTGAGE,5.4,EDUCATION,C,25077,13.95,0.833,N,20,0
27,78300,MORTGAGE,1.6,EDUCATION,C,34802,12.91,0.444,N,24,1
31,45701,OWN,8.6,PERSONAL,A,25378,5.48,0.555,N,11,0
53,43012,MORTGAGE,1.8,PERSONAL,C,5082,13.4,0.118,N,18,0
52,55719,MORTGAGE,,VENTURE,B,25465,9.41,0.457,N,15,1
42,72869,RENT,4.6,VENTURE,C,29000,15.54,0.398,Y,15,0
43,28927,RENT,,EDUCATION,B,23757,11.19,0.821,N,21,1
56,79229,MORTGAGE,0.4,HOMEIMPROVEMENT,C,11473,14.39,0.145,N,24,0
54,108816,OWN,,HOMEIMPROVEMENT,B,3059,10.05,0.028,N,16,0
63,22373,OWN,6.7,DEBTCONSOLIDATION,C,17873,13.37,0.799,Y,28,1
59,57128,MORTGAGE,5.3,EDUCATION,A,33192,6.59,0.581,N,29,0
41,41452,MORTGAGE,1.1,PERSONAL,B,3197,8.99,0.077,N,20,0
46,72011,RENT,2.2,PERSONAL,B,31988,8.91,0.444,N,8,0
54,25105,OTHER,1.5,HOMEIMPROVEMENT,D,22715,18.56,0.905,N,17,0
20,120080,RENT,4.8,VENTURE,C,23736,13.48,0.198,N,21,0
54,20244,MORTGAGE,2.1,EDUCATION,E,7094,17.41,0.35,N,24,1
56,42857,MORTGAGE,1.8,DEBTCONSOLIDATION,C,31584,14.15,0.737,Y,10,1
33,62246,MORTGAGE,1.2,DEBTCONSOLIDATION,B,20643,13.15,0.332,N,27,1
22,33607,RENT,2.6,VENTURE,D,17823,14.16,0.53,N,22,0
20,30826,OWN,1.1,PERSONAL,B,21915,10.72,0.711,N,20,0
24,55394,MORTGAGE,16.4,HOMEIMPROVEMENT,A,32096,5.65,0.579,N,18,0
45,51162,OWN,0.8,VENTURE,D,23678,17.39,0.463,N,20,0
33,49181,RENT,12.2,PERSONAL,A,4439,,0.09,N,21,0
58,78611,MORTGAGE,2.8,PERSONAL,A,29529,7.09,0.376,N,13,0
46,39459,MORTGAGE,2.4,DEBTCONSOLIDATION,D,3414,,0.087,N,3,0
28,58441,MORTGAGE,1.3,PERSONAL,D,34303,,0.587,N,5,0
34,37099,OWN,5.0,VENTURE,D,34458,16.53,0.929,N,22,1
34,30726,RENT,5.8,MEDICAL,B,33536,9.44,1.091,N,9,0
45,41914,RENT,3.2,HOMEIMPROVEMENT,E,33267,21.07,0.794,Y,12,1
61,37260,MORTGAGE,0.3,PERSONAL,C,19025,11.29,0.511,Y,12,1
32,38298,RENT,12.5,VENTURE,D,22790,17.09,0.595,N,29,1
51,93053,OTHER,19.6,DEBTCONSOLIDATION,C,1836,12.88,0.02,N,13,0
58,42626,RENT,2.8,EDUCATION,C,13023,14.55,0.306,N,6,1
51,34043,MORTGAGE,4.8,DEBTCONSOLIDATION,A,21039,8.58,0.618,N,19,0
23,49783,RENT,3.0,HOMEIMPROVEMENT,C,17579,,0.353,N,16,0
49,51913,MORTGAGE,1.9,EDUCATION,C,1883,,0.036,N,18,0
56,25519,RENT,0.4,EDUCATION,B,32476,11.09,1.273,N,10,1
42,41600,RENT,3.0,DEBTCONSOLIDATION,D,12410,16.63,0.298,N,5,0
58,40689,RENT,8.5,VENTURE,C,31964,12.86,0.786,N,15,0
64,44592,RENT,0.1,DEBTCONSOLIDATION,C,10826,12.0,0.243,N,10,0
34,73060,OTHER,4.4,MEDICAL,B,3679,10.44,0.05,Y,10,0
62,52847,RENT,10.6,VENTURE,A,3196,5.67,0.06,Y,18,0
48,96313,MORTGAGE,1.2,VENTURE,A,9078,7.78,0.094,N,13,0
55,48707,OTHER,1.0,HOMEIMPROVEMENT,D,29234,17.33,0.6,N,8,1
32,130202,MORTGAGE,7.4,VENTURE,A,4825,6.01,0.037,Y,28,0
51,38046,OTHER,1.5,HOMEIMPROVEMENT,A,19306,6.5,0.507,N,13,0
26,32104,OWN,1.1,PERSONAL,G,9077,,0.283,N,13,0
41,66238,MORTGAGE,2.4,HOMEIMPROVEMENT,A,34329,,0.518,N,7,0
47,103802,MORTGAGE,2.5,VENTURE,C,17984,13.07,0.173,N,17,0
21,22963,RENT,10.4,PERSONAL,E,26542,18.56,1.156,N,3,1
61,43987,RENT,4.8,PERSONAL,C,10484,13.78,0.238,N,11,0
64,35033,MORTGAGE,2.6,MEDICAL,D,21016,15.42,0.6,N,5,1
25,53027,MORTGAGE,3.8,DEBTCONSOLIDATION,F,5004,21.76,0.094,N,6,0
47,49291,MORTGAGE,15.4,VENTURE,E,16209,17.66,0.329,N,6,1
47,102740,MORTGAGE,,EDUCATION,C,29131,14.01,0.284,N,8,1
63,46183,RENT,,DEBTCONSOLIDATION,B,34111,8.69,0.739,N,27,1
63,104415,OWN,16.4,VENTURE,B,6082,11.72,0.058,N,3,0
39,41220,MORTGAGE,15.8,EDUCATION,D,5149,16.29,0.125,N,20,0
49,81598,RENT,1.0,DEBTCONSOLIDATION,D,12211,15.81,0.15,N,19,0
30,55590,OWN,0.8,MEDICAL,D,23076,15.98,0.415,N,8,1
47,126935,RENT,2.7,VENTURE,C,3642,,0.029,Y,15,0
44,21755,MORTGAGE,0.3,DEBTCONSOLIDATION,B,17129,8.38,0.787,Y,16,1
58,25845,MORTGAGE,5.3,MEDICAL,B,5610,8.47,0.217,N,24,0
52,134241,RENT,0.4,EDUCATION,A,22903,8.15,0.171,N,26,0
20,32751,MORTGAGE,0.3,HOMEIMPROVEMENT,D,14897,,0.455,N,21,0
46,33914,MORTGAGE,,VENTURE,A,30051,6.11,0.886,Y,16,1
32,30283,RENT,15.8,PERSONAL,B,9033,9.47,0.298,Y,21,0
60,92193,RENT,2.8,PERSONAL,D,32100,17.35,0.348,Y,23,0
22,24602,OWN,2.2,MEDICAL,A,32900,7.97,1.337,N,29,0
58,49629,RENT,31.0,HOMEIMPROVEMENT,E,25801,18.83,0.52,N,15,0
25,42357,OWN,3.8,PERSONAL,A,3386,7.48,0.08,N,4,0
27,86689,RENT,2.4,PERSONAL,E,10438,19.45,0.12,N,4,0
46,35953,MORTGAGE,2.4,VENTURE,B,23653,8.8,0.658,N,26,0
28,61598,OWN,1.1,PERSONAL,A,16364,5.88,0.266,N,24,0
56,25740,RENT,3.6,EDUCATION,C,26221,10.56,1.019,N,13,0
52,171213,MORTGAGE,2.9,MEDICAL,E,10587,20.79,0.062,N,26,0
61,42968,MORTGAGE,1.6,DEBTCONSOLIDATION,B,17550,9.2,0.408,N,3,0
63,49257,MORTGAGE,0.9,PERSONAL,C,33621,13.02,0.683,Y,5,1
43,121797,MORTGAGE,1.9,VENTURE,F,10914,22.65,0.09,Y,9,1
34,35501,MORTGAGE,3.6,DEBTCONSOLIDATION,A,31233,5.83,0.88,N,10,1
51,122646,MORTGAGE,0.3,EDUCATION,D,27802,14.98,0.227,Y,4,0
51,39092,MORTGAGE,0.8,DEBTCONSOLIDATION,B,3597,8.89,0.092,Y,25,0
43,70928,MORTGAGE,14.7,PERSONAL,B,25119,6.52,0.354,N,25,1
60,35775,RENT,3.9,MEDICAL,B,10296,9.92,0.288,N,4,0
31,23252,OTHER,0.3,MEDICAL,B,31257,12.8,1.344,Y,12,1
58,61575,RENT,5.9,MEDICAL,A,26204,6.36,0.426,Y,25,0
21,69699,RENT,0.3,PERSONAL,B,14175,9.4,0.203,N,7,0
22,23771,RENT,,EDUCATION,B,16563,9.56,0.697,N,26,1
56,41403,RENT,,HOMEIMPROVEMENT,C,24139,,0.583,N,2,1
36,94884,RENT,5.3,DEBTCONSOLIDATION,C,25733,14.06,0.271,N,10,0
21,68190,RENT,6.6,MEDICAL,C,14582,12.0,0.214,N,25,0
21,39443,RENT,0.5,EDUCATION,B,2886,10.56,0.073,N,13,0
47,35290,MORTGAGE,6.5,VENTURE,F,18746,,0.531,N,14,1
42,143133,RENT,0.7,VENTURE,B,7519,10.36,0.053,N,15,0
56,22118,RENT,2.1,EDUCATION,A,22709,7.54,1.027,N,27,1
51,47450,RENT,14.3,VENTURE,C,18547,11.83,0.391,N,9,0
52,21903,RENT,3.5,VENTURE,D,28069,15.37,1.282,Y,25,1
20,101027,RENT,17.1,MEDICAL,A,24416,7.55,0.242,N,16,0
38,48829,MORTGAGE,0.5,PERSONAL,A,24502,6.83,0.502,N,11,0
21,54067,OWN,3.2,PERSONAL,D,1904,16.95,0.035,N,24,0
63,224782,OWN,0.3,PERSONAL,B,33572,9.73,0.149,N,20,0
45,35368,OWN,5.0,PERSONAL,B,22424,11.21,0.634,Y,7,1
51,128247,RENT,0.4,EDUCATION,E,29000,16.64,0.226,N,17,0
25,39541,RENT,1.0,MEDICAL,A,34482,7.39,0.872,N,11,1
51,43112,RENT,1.5,EDUCATION,C,32371,11.45,0.751,N,25,0
23,209189,MORTGAGE,,DEBTCONSOLIDATION,B,13043,11.35,0.062,N,14,0
30,44864,RENT,0.9,DEBTCONSOLIDATION,A,1197,6.82,0.027,N,9,0
36,23019,MORTGAGE,9.4,VENTURE,A,15468,6.59,0.672,N,5,1
57,57242,RENT,0.7,MEDICAL,C,20885,12.01,0.365,N,9,0
43,44577,RENT,0.2,HOMEIMPROVEMENT,A,7299,7.8,0.164,N,9,0
24,59988,OTHER,2.5,PERSONAL,C,30010,13.68,0.5,N,12,1
53,45547,MORTGAGE,19.4,DEBTCONSOLIDATION,F,20307,21.66,0.446,Y,2,1
25,165801,MORTGAGE,0.6,DEBTCONSOLIDATION,D,10328,16.8,0.062,Y,12,0
41,66583,MORTGAGE,0.5,VENTURE,B,17313,10.26,0.26,Y,6,1
30,27140,OWN,7.0,PERSONAL,A,13833,7.1,0.51,N,24,0
35,52496,MORTGAGE,1.9,PERSONAL,B,29077,10.94,0.554,N,16,0
52,31577,OWN,6.3,PERSONAL,B,6656,12.17,0.211,N,25,0
28,42777,RENT,1.1,DEBTCONSOLIDATION,F,23952,22.34,0.56,N,10,1
25,29710,MORTGAGE,3.1,HOMEIMPROVEMENT,G,29041,25.34,0.977,N,12,1
35,156203,MORTGAGE,1.5,VENTURE,B,11682,11.1,0.075,N,12,0
48,33514,RENT,3.0,PERSONAL,A,34488,5.86,1.029,N,16,0
22,71550,OWN,7.3,PERSONAL,E,20825,18.78,0.291,N,13,0
39,41031,OTHER,7.2,MEDICAL,D,802,15.54,0.02,N,15,0
55,25922,MORTGAGE,3.6,PERSONAL,B,27127,10.36,1.046,N,7,1
38,54650,RENT,,MEDICAL,B,8010,10.26,0.147,Y,17,1
45,61106,MORTGAGE,1.5,VENTURE,B,18962,,0.31,Y,27,0
22,66652,OWN,1.4,VENTURE,E,30825,20.8,0.462,Y,14,1
38,11588,MORTGAGE,4.8,VENTURE,A,25617,5.18,2.211,N,6,1
39,24855,RENT,4.9,MEDICAL,D,14532,16.43,0.585,N,25,0
51,83004,MORTGAGE,0.2,DEBTCONSOLIDATION,A,13854,7.85,0.167,N,23,0
26,29496,RENT,4.7,DEBTCONSOLIDATION,E,7049,19.1,0.239,N,19,1
60,54809,MORTGAGE,,HOMEIMPROVEMENT,B,22363,9.38,0.408,N,10,0
52,24540,RENT,6.9,HOMEIMPROVEMENT,A,2979,8.65,0.121,N,13,0
59,73304,MORTGAGE,8.3,DEBTCONSOLIDATION,A,27273,7.4,0.372,N,10,0
58,81813,MORTGAGE,4.0,DEBTCONSOLIDATION,C,28046,11.75,0.343,N,18,0
37,73317,RENT,0.0,PERSONAL,A,33226,8.17,0.453,N,26,0
59,86500,RENT,5.1,VENTURE,C,24311,13.56,0.281,N,22,1
20,115860,RENT,6.9,DEBTCONSOLIDATION,B,11597,9.23,0.1,N,15,0
30,25700,RENT,1.4,EDUCATION,A,29037,6.08,1.13,N,26,0
47,31768,RENT,3.1,DEBTCONSOLIDATION,B,28122,9.04,0.885,N,28,0
44,80309,OTHER,16.9,PERSONAL,C,12357,14.42,0.154,Y,14,0
42,91273,MORTGAGE,1.8,DEBTCONSOLIDATION,B,25839,10.71,0.283,N,6,1
50,33830,OWN,1.3,HOMEIMPROVEMENT,B,21890,11.15,0.647,Y,11,1
49,32560,OWN,1.2,HOMEIMPROVEMENT,C,14477,13.25,0.445,N,23,0
61,34244,RENT,4.1,VENTURE,B,28438,9.18,0.83,N,10,0
54,20276,RENT,15.0,MEDICAL,A,12546,6.05,0.619,N,14,0
26,24360,RENT,4.7,PERSONAL,A,5496,8.29,0.226,Y,8,1
35,24685,MORTGAGE,1.8,MEDICAL,A,8715,7.54,0.353,N,15,0
45,41699,MORTGAGE,5.1,HOMEIMPROVEMENT,C,24750,12.68,0.594,N,29,0
21,56894,RENT,4.9,VENTURE,B,16359,10.03,0.288,N,5,0
20,62218,RENT,4.5,HOMEIMPROVEMENT,B,17891,11.2,0.288,Y,23,0
31,37059,MORTGAGE,0.9,VENTURE,D,1617,16.68,0.044,N,9,0
24,37564,MORTGAGE,5.0,DEBTCONSOLIDATION,B,8728,9.89,0.232,N,6,0
56,52470,OWN,2.8,EDUCATION,C,9544,12.94,0.182,N,14,0
51,21529,RENT,0.1,MEDICAL,A,24191,,1.124,N,21,1
28,83091,OWN,3.9,PERSONAL,D,33901,16.03,0.408,Y,24,0
60,99405,RENT,22.7,VENTURE,C,26592,12.65,0.268,N,29,0
54,34749,MORTGAGE,2.2,DEBTCONSOLIDATION,D,22743,15.94,0.654,Y,20,1
38,39373,OWN,16.8,DEBTCONSOLIDATION,E,21864,18.35,0.555,N,21,1
35,97131,OWN,0.5,EDUCATION,D,25403,,0.262,N,16,0
22,45812,RENT,6.6,DEBTCONSOLIDATION,D,32974,17.14,0.72,Y,8,1
39,67746,RENT,0.6,DEBTCONSOLIDATION,B,30350,10.69,0.448,Y,28,1
43,46594,MORTGAGE,1.6,EDUCATION,B,24407,9.68,0.524,N,22,1
52,115378,RENT,4.2,MEDICAL,F,34298,21.61,0.297,Y,18,1
43,64186,MORTGAGE,4.5,DEBTCONSOLIDATION,E,29947,17.33,0.467,N,7,1
30,66251,OWN,7.5,VENTURE,C,27168,14.28,0.41,Y,15,1
27,66934,RENT,4.8,PERSONAL,B,27328,11.5,0.408,N,15,1
55,36123,MORTGAGE,4.5,PERSONAL,E,9916,18.89,0.275,N,26,0
57,37995,RENT,12.2,PERSONAL,B,15085,10.39,0.397,N,11,0
59,74838,OWN,3.0,HOMEIMPROVEMENT,A,11896,5.81,0.159,N,15,0
39,52550,OWN,1.3,HOMEIMPROVEMENT,C,1185,13.1,0.023,Y,20,0
54,25650,MORTGAGE,0.9,VENTURE,A,3640,,0.142,N,21,0
44,137338,RENT,,DEBTCONSOLIDATION,B,6148,9.18,0.045,N,12,0
54,83946,MORTGAGE,6.2,DEBTCONSOLIDATION,D,929,15.65,0.011,Y,11,1
44,50045,MORTGAGE,0.2,PERSONAL,B,23767,9.49,0.475,N,16,0
48,42174,RENT,0.7,EDUCATION,E,13165,18.85,0.312,N,3,1
37,54681,OWN,0.6,DEBTCONSOLIDATION,F,22606,23.27,0.413,Y,20,1
65,65162,OTHER,4.4,PERSONAL,D,12389,13.47,0.19,Y,13,1
37,16024,MORTGAGE,1.4,VENTURE,G,28169,24.36,1.758,Y,22,1
21,156653,MORTGAGE,0.9,PERSONAL,C,30920,13.76,0.197,Y,23,0
54,31747,RENT,4.5,MEDICAL,C,10082,13.23,0.318,N,19,0
35,48969,MORTGAGE,7.2,PERSONAL,D,13584,15.06,0.277,N,15,0
60,49969,RENT,2.0,DEBTCONSOLIDATION,B,11595,12.53,0.232,N,28,0
55,147011,RENT,4.3,DEBTCONSOLIDATION,B,7560,13.24,0.051,N,3,0
52,46701,RENT,0.5,EDUCATION,C,26854,12.98,0.575,N,13,0
23,117439,RENT,13.7,VENTURE,C,23712,11.81,0.202,N,23,0
52,61310,RENT,2.1,VENTURE,D,13341,15.7,0.218,N,2,1
33,28881,MORTGAGE,30.0,EDUCATION,C,22396,11.65,0.775,N,19,0
40,52790,MORTGAGE,19.2,VENTURE,D,23472,16.48,0.445,N,13,1
39,45927,MORTGAGE,7.5,PERSONAL,C,25927,13.69,0.565,N,13,1
27,27004,RENT,0.1,VENTURE,B,4496,11.18,0.166,N,5,0
26,59679,RENT,3.9,PERSONAL,A,20178,7.48,0.338,N,18,0
22,49620,MORTGAGE,0.5,VENTURE,D,23762,16.27,0.479,N,22,0
36,66571,MORTGAGE,11.3,DEBTCONSOLIDATION,A,28084,,0.422,N,17,0
52,54521,OTHER,7.8,PERSONAL,G,2078,,0.038,Y,20,1
31,34265,RENT,17.9,PERSONAL,D,21560,,0.629,N,27,0
41,74800,MORTGAGE,4.7,DEBTCONSOLIDATION,C,34563,13.1,0.462,N,2,0
41,34772,RENT,3.7,EDUCATION,F,27016,23.04,0.777,N,21,1
65,8912,MORTGAGE,3.7,EDUCATION,C,10900,14.38,1.223,Y,18,1
49,52615,OWN,2.4,DEBTCONSOLIDATION,A,30070,8.01,0.572,N,3,0
57,36143,OWN,,HOMEIMPROVEMENT,C,4362,12.56,0.121,N,12,0
57,60486,OTHER,5.0,EDUCATION,A,16972,9.23,0.281,N,27,0
64,147175,RENT,13.5,PERSONAL,B,32937,8.86,0.224,N,8,0
27,149530,MORTGAGE,4.5,PERSONAL,B,13127,8.81,0.088,Y,2,0
46,44765,MORTGAGE,9.7,VENTURE,D,11810,16.92,0.264,N,7,0
46,31114,MORTGAGE,9.9,VENTURE,B,30951,11.69,0.995,N,21,1
53,67614,RENT,3.7,HOMEIMPROVEMENT,B,22764,12.15,0.337,Y,7,0
40,39989,OWN,2.1,PERSONAL,B,33684,11.2,0.842,N,29,0
49,60808,OWN,5.1,HOMEIMPROVEMENT,C,27640,13.88,0.455,N,6,0
52,34082,RENT,3.0,PERSONAL,A,23799,7.98,0.698,N,28,1
47,56267,RENT,0.4,EDUCATION,A,11173,6.67,0.199,Y,12,0
52,31363,RENT,2.4,VENTURE,D,32654,15.04,1.041,N,23,1
24,94027,MORTGAGE,25.6,DEBTCONSOLIDATION,B,8317,10.33,0.088,N,6,0
38,35437,RENT,0.2,DEBTCONSOLIDATION,A,13166,5.0,0.372,N,3,0
23,70516,OWN,6.0,HOMEIMPROVEMENT,B,15725,9.63,0.223,N,11,0
54,24449,MORTGAGE,9.2,MEDICAL,C,30343,12.36,1.241,Y,15,0
36,75330,MORTGAGE,5.2,DEBTCONSOLIDATION,D,6419,16.7,0.085,N,21,0
63,28810,MORTGAGE,4.2,PERSONAL,F,1742,22.26,0.06,N,24,1
47,56593,RENT,6.1,EDUCATION,D,22469,17.78,0.397,N,21,1
49,86056,OWN,2.8,MEDICAL,B,13581,10.99,0.158,N,22,0
48,43914,MORTGAGE,0.5,EDUCATION,B,1389,9.23,0.032,N,19,0
65,27832,OTHER,,EDUCATION,A,23725,7.81,0.852,N,14,1
25,64424,MORTGAGE,2.8,PERSONAL,C,24101,,0.374,N,4,0
54,30867,MORTGAGE,5.5,EDUCATION,B,31265,,1.013,N,22,0
60,39248,RENT,3.8,HOMEIMPROVEMENT,C,9037,12.1,0.23,Y,5,1
56,56726,MORTGAGE,0.3,MEDICAL,A,34696,6.27,0.612,N,20,0
43,103608,MORTGAGE,15.3,EDUCATION,B,12265,11.61,0.118,N,19,0
48,49741,MORTGAGE,7.9,DEBTCONSOLIDATION,B,17222,10.47,0.346,N,13,0
65,49640,MORTGAGE,0.8,DEBTCONSOLIDATION,D,821,15.77,0.017,N,26,0
50,73543,RENT,20.0,EDUCATION,A,21142,8.22,0.287,Y,19,0
54,50397,OTHER,6.7,VENTURE,C,17219,14.77,0.342,N,15,0
52,69531,OTHER,3.2,VENTURE,A,31683,5.8,0.456,N,26,0
40,88715,RENT,4.7,HOMEIMPROVEMENT,C,5771,12.14,0.065,N,5,0
51,40935,OWN,0.6,DEBTCONSOLIDATION,A,9098,,0.222,N,11,0
42,8092,RENT,4.1,VENTURE,A,16980,7.37,2.098,N,10,1
52,31261,MORTGAGE,0.4,EDUCATION,A,19287,5.0,0.617,N,26,0
22,95299,RENT,3.9,DEBTCONSOLIDATION,B,3634,12.14,0.038,N,27,0
37,48118,OWN,,EDUCATION,B,11179,9.42,0.232,N,22,0
44,40679,RENT,10.4,MEDICAL,D,1416,14.79,0.035,N,24,0
61,93128,MORTGAGE,6.5,DEBTCONSOLIDATION,A,28763,7.01,0.309,Y,21,0
50,46363,RENT,1.4,VENTURE,A,2630,8.08,0.057,N,29,0
22,15507,RENT,11.0,PERSONAL,C,30907,14.36,1.993,N,17,1
59,21420,MORTGAGE,4.3,VENTURE,C,22413,13.07,1.046,N,12,1
65,61713,RENT,4.7,EDUCATION,B,27228,13.04,0.441,N,27,0
43,47250,MORTGAGE,0.9,MEDICAL,C,6191,16.39,0.131,N,21,0
51,109104,OTHER,9.8,VENTURE,D,31987,16.54,0.293,N,2,0
41,32751,MORTGAGE,13.4,MEDICAL,B,6853,,0.209,N,11,0
42,41347,OWN,7.5,VENTURE,B,29912,9.6,0.723,N,26,1
21,30137,RENT,14.1,HOMEIMPROVEMENT,A,13647,6.82,0.453,Y,11,1
46,36815,RENT,,EDUCATION,A,33901,8.79,0.921,N,25,0
61,17317,MORTGAGE,9.9,EDUCATION,G,30831,25.4,1.78,N,10,1
21,39651,RENT,3.4,PERSONAL,B,22393,11.04,0.565,N,2,0
45,47642,OWN,0.9,EDUCATION,A,13434,7.83,0.282,N,3,0
36,45479,RENT,5.5,PERSONAL,F,2223,22.73,0.049,N,28,0
59,159892,OWN,,EDUCATION,C,22448,14.31,0.14,N,16,0
52,134378,RENT,1.7,VENTURE,C,34393,13.99,0.256,N,9,0
28,32435,MORTGAGE,0.1,VENTURE,C,32880,,1.014,N,25,1
62,15928,RENT,1.1,HOMEIMPROVEMENT,C,31000,,1.946,N,16,1
58,46417,RENT,2.6,VENTURE,D,24600,14.42,0.53,Y,18,1
48,60299,MORTGAGE,0.9,MEDICAL,A,26512,7.34,0.44,N,11,0
61,30538,RENT,1.1,VENTURE,B,26358,9.37,0.863,N,6,1
45,31381,MORTGAGE,2.5,PERSONAL,B,12734,11.1,0.406,N,23,0
54,117055,MORTGAGE,16.3,DEBTCONSOLIDATION,A,34907,5.04,0.298,N,6,0
44,42546,RENT,7.2,HOMEIMPROVEMENT,B,5408,10.28,0.127,N,23,0
43,70561,OWN,1.9,DEBTCONSOLIDATION,C,19577,13.58,0.277,Y,24,1
32,29387,MORTGAGE,15.1,DEBTCONSOLIDATION,A,33366,8.47,1.135,N,12,0
26,47509,MORTGAGE,5.2,MEDICAL,B,17099,9.49,0.36,Y,11,0
55,40741,MORTGAGE,3.0,MEDICAL,C,18662,16.35,0.458,N,23,1
64,33811,MORTGAGE,3.2,EDUCATION,C,31957,12.3,0.945,N,4,1
39,92541,RENT,2.6,PERSONAL,E,7081,17.63,0.077,N,23,1
20,22836,RENT,1.3,DEBTCONSOLIDATION,D,11211,16.73,0.491,N,10,1
27,57816,MORTGAGE,2.4,VENTURE,F,2259,21.85,0.039,N,23,0
65,40323,RENT,3.8,VENTURE,C,18131,15.21,0.45,N,23,0
35,61583,RENT,,EDUCATION,C,13473,11.09,0.219,N,6,0
33,40624,MORTGAGE,7.2,VENTURE,E,32656,19.04,0.804,N,28,0
31,78980,MORTGAGE,2.2,MEDICAL,D,18004,16.98,0.228,N,2,0
42,29236,RENT,6.3,VENTURE,C,18724,12.2,0.64,N,6,0
34,92656,RENT,,DEBTCONSOLIDATION,B,29298,8.33,0.316,N,12,0
47,48250,RENT,16.3,VENTURE,A,5495,8.74,0.114,N,2,0
53,23607,RENT,2.4,MEDICAL,E,32192,17.99,1.364,N,17,1
21,71261,RENT,11.6,PERSONAL,D,10954,,0.154,N,9,0
51,43942,RENT,8.6,DEBTCONSOLIDATION,D,20446,14.89,0.465,N,29,0
42,19162,OTHER,5.1,PERSONAL,A,1573,6.62,0.082,Y,17,0
41,58856,MORTGAGE,5.3,MEDICAL,B,23295,10.91,0.396,N,2,0
44,85274,RENT,0.4,MEDICAL,B,6887,10.42,0.081,N,9,0
41,99227,RENT,15.0,DEBTCONSOLIDATION,D,24789,14.88,0.25,Y,5,0
41,39811,MORTGAGE,0.6,HOMEIMPROVEMENT,E,16222,19.64,0.407,N,20,0
61,53099,RENT,4.1,HOMEIMPROVEMENT,B,14946,7.39,0.281,Y,5,1
25,50402,MORTGAGE,2.0,VENTURE,C,21369,11.56,0.424,N,19,0
34,111234,OWN,2.8,DEBTCONSOLIDATION,A,19519,9.09,0.175,N,20,0
62,31389,MORTGAGE,4.7,DEBTCONSOLIDATION,B,32795,9.8,1.045,N,5,1
56,37965,RENT,12.0,VENTURE,B,21283,10.86,0.561,N,10,0
52,30974,MORTGAGE,3.1,HOMEIMPROVEMENT,D,23189,16.83,0.749,N,27,1
27,22091,OWN,22.0,VENTURE,E,16584,18.59,0.751,N,3,1
63,56178,MORTGAGE,4.5,PERSONAL,B,14807,10.14,0.264,N,4,1
63,118268,MORTGAGE,0.9,PERSONAL,B,24753,8.59,0.209,N,29,0
24,43951,RENT,1.1,EDUCATION,C,19676,13.16,0.448,Y,14,0
58,30180,RENT,6.3,HOMEIMPROVEMENT,B,21520,9.41,0.713,Y,29,1
23,54326,MORTGAGE,0.3,PERSONAL,G,30912,,0.569,N,21,1
25,67779,OWN,3.3,EDUCATION,E,31855,18.16,0.47,Y,20,1
64,44981,MORTGAGE,0.8,MEDICAL,B,6997,10.62,0.156,N,20,0
51,106079,MORTGAGE,,DEBTCONSOLIDATION,B,6086,9.67,0.057,N,10,0
49,31357,RENT,6.9,PERSONAL,A,30799,7.98,0.982,N,6,0
54,41863,RENT,3.1,EDUCATION,B,25418,,0.607,N,16,0
59,57687,MORTGAGE,0.9,VENTURE,C,25159,12.84,0.436,N,28,1
35,60847,RENT,1.5,DEBTCONSOLIDATION,A,21828,7.71,0.359,N,10,0
32,50310,MORTGAGE,2.3,EDUCATION,E,19341,19.28,0.384,N,7,0
61,24266,RENT,0.4,PERSONAL,C,20962,13.59,0.864,N,11,1
49,177354,MORTGAGE,4.4,VENTURE,G,4592,24.0,0.026,N,25,0
38,43054,MORTGAGE,4.7,VENTURE,A,2580,6.58,0.06,Y,2,0
36,52085,MORTGAGE,0.3,EDUCATION,D,14657,,0.281,N,14,0
38,68817,RENT,2.6,EDUCATION,D,21768,16.94,0.316,N,25,1
47,34541,MORTGAGE,2.7,PERSONAL,A,31190,8.68,0.903,N,18,1
45,50579,OTHER,2.0,VENTURE,B,4979,7.77,0.098,N,15,0
56,33777,MORTGAGE,4.1,HOMEIMPROVEMENT,E,32045,18.62,0.949,N,26,0
45,61608,RENT,2.1,EDUCATION,B,6850,9.21,0.111,N,4,0
42,42116,RENT,2.7,HOMEIMPROVEMENT,B,26387,9.07,0.627,N,14,0
28,56828,RENT,8.0,HOMEIMPROVEMENT,E,17454,19.32,0.307,N,26,0
31,27567,RENT,0.9,VENTURE,A,2976,7.04,0.108,N,9,0
20,31073,MORTGAGE,4.8,PERSONAL,B,14640,8.65,0.471,N,24,0
20,23136,MORTGAGE,3.5,HOMEIMPROVEMENT,C,1051,11.59,0.045,N,29,0
53,33163,RENT,1.8,PERSONAL,C,24213,13.55,0.73,N,2,1
51,11903,RENT,6.5,EDUCATION,A,25188,5.69,2.116,N,24,1
44,41402,RENT,4.0,VENTURE,C,10239,12.17,0.247,N,3,0
59,36540,OWN,3.2,MEDICAL,C,7115,14.11,0.195,N,3,0
64,53263,MORTGAGE,5.5,VENTURE,C,22370,13.21,0.42,N,26,0
20,50238,MORTGAGE,8.1,MEDICAL,C,715,14.86,0.014,N,10,0
35,97869,RENT,18.0,DEBTCONSOLIDATION,A,33137,6.87,0.339,N,29,1
58,204203,MORTGAGE,5.0,EDUCATION,D,9516,18.68,0.047,N,2,0
24,91642,RENT,10.4,PERSONAL,B,16720,9.78,0.182,N,12,0
41,38207,RENT,0.0,EDUCATION,G,30651,26.44,0.802,N,8,1
48,37370,MORTGAGE,3.8,VENTURE,A,7401,5.99,0.198,N,22,0
22,79044,MORTGAGE,1.2,MEDICAL,B,1737,9.22,0.022,Y,7,0
31,19421,RENT,0.5,DEBTCONSOLIDATION,A,11333,9.03,0.584,N,29,0
45,41218,RENT,3.8,MEDICAL,C,6707,12.17,0.163,N,18,0
35,43002,RENT,6.9,VENTURE,A,33012,6.74,0.768,N,7,0
56,67593,RENT,2.7,VENTURE,D,7475,15.21,0.111,Y,28,0
41,68708,MORTGAGE,5.5,EDUCATION,E,10204,20.35,0.149,N,17,1
48,32548,OWN,3.4,HOMEIMPROVEMENT,A,9019,5.55,0.277,N,2,1
33,39030,RENT,,MEDICAL,A,7179,8.57,0.184,N,29,0
47,62617,RENT,1.7,VENTURE,E,34677,19.29,0.554,N,5,1
24,31589,RENT,2.4,EDUCATION,B,22991,10.22,0.728,N,19,1
49,95164,MORTGAGE,2.2,HOMEIMPROVEMENT,B,917,9.93,0.01,Y,3,0
65,68531,RENT,5.2,PERSONAL,A,23339,8.5,0.341,N,2,0
24,53870,MORTGAGE,0.6,VENTURE,B,10175,9.74,0.189,N,8,0
31,60780,RENT,0.5,HOMEIMPROVEMENT,A,17253,6.15,0.284,N,17,0
35,37919,MORTGAGE,5.4,PERSONAL,C,18936,,0.499,N,14,0
45,34736,OWN,4.0,DEBTCONSOLIDATION,B,17066,9.9,0.491,N,28,0
45,38808,OWN,2.8,PERSONAL,D,14442,18.35,0.372,N,19,1
40,64536,OWN,0.8,EDUCATION,B,20247,,0.314,N,8,0
58,54751,MORTGAGE,2.6,MEDICAL,B,3387,10.42,0.062,N,19,0
55,38851,OWN,7.8,VENTURE,A,24913,8.72,0.641,N,8,0
52,74033,RENT,11.0,HOMEIMPROVEMENT,E,26184,17.26,0.354,N,5,0
49,44548,RENT,6.1,DEBTCONSOLIDATION,B,9889,10.67,0.222,N,26,0
56,33479,RENT,0.3,DEBTCONSOLIDATION,A,9255,7.12,0.276,Y,18,0
42,56381,MORTGAGE,5.5,PERSONAL,A,31153,6.76,0.553,N,20,0
29,28080,OWN,,DEBTCONSOLIDATION,A,1143,6.66,0.041,N,6,0
24,19380,RENT,1.9,MEDICAL,A,21163,8.34,1.092,N,8,1
55,48883,MORTGAGE,1.1,PERSONAL,B,34558,7.77,0.707,Y,24,1
53,34146,MORTGAGE,7.5,VENTURE,B,3684,10.57,0.108,N,7,0
50,42625,OWN,5.2,VENTURE,F,25361,20.28,0.595,N,6,1
29,28804,MORTGAGE,4.7,DEBTCONSOLIDATION,A,33390,6.71,1.159,N,14,1
38,95312,OTHER,5.5,EDUCATION,D,13324,15.94,0.14,N,13,0
51,34070,RENT,,VENTURE,B,33809,11.94,0.992,N,6,0
20,38653,RENT,2.9,VENTURE,A,29850,,0.772,N,5,0
24,60345,MORTGAGE,,VENTURE,F,8671,22.07,0.144,N,26,1
64,22991,RENT,,MEDICAL,D,12349,14.53,0.537,Y,9,1
23,22074,RENT,7.8,HOMEIMPROVEMENT,C,20579,13.61,0.932,N,16,0
35,60447,MORTGAGE,1.7,HOMEIMPROVEMENT,C,17575,11.4,0.291,N,29,0
43,38379,MORTGAGE,7.4,DEBTCONSOLIDATION,G,5112,22.87,0.133,N,26,1
35,29857,MORTGAGE,2.9,VENTURE,C,12607,11.19,0.422,N,24,1
21,68312,RENT,5.5,HOMEIMPROVEMENT,A,34547,6.66,0.506,N,12,0
47,31364,MORTGAGE,3.0,DEBTCONSOLIDATION,A,13441,6.72,0.429,Y,28,1
51,42151,RENT,14.8,VENTURE,C,1415,14.36,0.034,N,6,1
46,29945,RENT,1.0,HOMEIMPROVEMENT,C,12295,14.83,0.411,N,12,0
39,57924,MORTGAGE,5.6,HOMEIMPROVEMENT,D,10655,17.8,0.184,N,11,0
43,101991,RENT,4.3,DEBTCONSOLIDATION,A,21079,8.38,0.207,N,3,0
31,17613,RENT,0.9,PERSONAL,F,15004,24.49,0.852,Y,21,1
54,52154,MORTGAGE,0.3,DEBTCONSOLIDATION,C,18140,13.55,0.348,Y,23,0
52,78521,RENT,8.0,MEDICAL,C,19701,13.56,0.251,N,9,0
52,38878,OWN,0.9,PERSONAL,A,25983,9.19,0.668,N,28,1
62,26315,MORTGAGE,1.0,PERSONAL,F,27776,20.66,1.056,N,22,0
56,61792,OTHER,19.2,HOMEIMPROVEMENT,C,30792,14.13,0.498,Y,26,1
31,85042,RENT,6.3,EDUCATION,C,6954,12.94,0.082,N,21,0
22,80000,MORTGAGE,,EDUCATION,F,20859,,0.261,N,23,1
20,59949,RENT,,MEDICAL,E,34664,20.42,0.578,N,5,0
52,51733,MORTGAGE,3.8,VENTURE,A,12543,6.8,0.242,N,23,0
59,29897,RENT,9.3,HOMEIMPROVEMENT,E,31516,17.55,1.054,N,27,0
29,78895,RENT,,MEDICAL,D,34335,17.62,0.435,N,17,1
62,76532,OWN,8.9,PERSONAL,A,8702,6.43,0.114,N,15,0
63,26214,RENT,1.2,HOMEIMPROVEMENT,A,14639,7.15,0.558,N,4,0
48,59901,RENT,5.1,PERSONAL,B,4283,8.66,0.072,N,28,0
32,70196,RENT,0.2,MEDICAL,C,25998,12.57,0.37,N,9,0
31,79631,MORTGAGE,0.4,EDUCATION,C,22472,14.22,0.282,N,5,0
50,47040,RENT,6.3,MEDICAL,A,8590,7.46,0.183,Y,8,0
65,30587,RENT,0.1,DEBTCONSOLIDATION,D,7681,15.1,0.251,N,27,0
21,37191,RENT,4.3,HOMEIMPROVEMENT,D,16851,13.75,0.453,N,25,0
54,28169,MORTGAGE,9.2,HOMEIMPROVEMENT,C,6377,,0.226,Y,10,1
42,47663,MORTGAGE,2.4,VENTURE,E,4519,18.5,0.095,N,3,0
36,42796,RENT,0.2,EDUCATION,D,10834,16.21,0.253,N,4,1
45,159495,RENT,6.3,HOMEIMPROVEMENT,A,8959,6.84,0.056,N,10,0
27,80183,RENT,13.3,EDUCATION,D,21172,15.49,0.264,N,24,0
48,83554,RENT,6.3,HOMEIMPROVEMENT,F,5584,22.74,0.067,N,8,0
45,63528,RENT,4.3,EDUCATION,A,8989,5.96,0.141,N,21,0
29,40053,MORTGAGE,1.3,DEBTCONSOLIDATION,F,9204,22.18,0.23,N,16,1
45,42130,MORTGAGE,0.1,MEDICAL,A,24457,7.5,0.581,N,18,0
53,44305,OWN,5.9,EDUCATION,B,2753,11.62,0.062,N,13,0
60,54367,RENT,1.3,PERSONAL,D,14004,16.06,0.258,Y,25,0
26,60720,MORTGAGE,9.8,DEBTCONSOLIDATION,D,21203,,0.349,N,27,0
23,49039,MORTGAGE,3.1,MEDICAL,D,34087,16.81,0.695,N,26,0
64,41779,MORTGAGE,3.8,HOMEIMPROVEMENT,B,20448,8.93,0.489,Y,28,0
30,35356,OWN,7.0,HOMEIMPROVEMENT,C,12254,12.2,0.347,Y,5,1
48,22789,RENT,7.6,VENTURE,C,32403,12.4,1.422,N,18,1
55,99295,RENT,5.1,DEBTCONSOLIDATION,B,27635,9.78,0.278,N,10,0
44,164891,MORTGAGE,13.9,PERSONAL,C,1166,14.55,0.007,N,22,0
40,94810,RENT,,DEBTCONSOLIDATION,D,6320,16.78,0.067,N,7,1
55,24526,RENT,14.7,VENTURE,B,23625,8.68,0.963,N,19,0
29,75573,RENT,8.7,DEBTCONSOLIDATION,B,20529,11.82,0.272,N,22,0
56,86083,RENT,6.1,MEDICAL,A,758,8.27,0.009,N,18,0
28,39265,MORTGAGE,5.4,VENTURE,C,10820,,0.276,N,4,0
43,64145,RENT,,MEDICAL,A,23495,5.0,0.366,N,18,0
54,38140,RENT,1.6,VENTURE,B,27489,8.99,0.721,N,18,0
54,113653,MORTGAGE,0.0,EDUCATION,A,13906,7.01,0.122,Y,26,0
55,59931,MORTGAGE,0.7,MEDICAL,A,26588,8.99,0.444,N,23,0
37,29601,OTHER,2.9,MEDICAL,B,30928,11.59,1.045,N,14,0
58,70855,RENT,0.8,EDUCATION,B,6189,8.84,0.087,N,25,0
51,87757,OWN,11.6,EDUCATION,B,31694,7.98,0.361,N,16,0
43,54664,MORTGAGE,8.2,PERSONAL,A,25970,6.78,0.475,Y,22,0
42,63811,MORTGAGE,0.4,EDUCATION,F,1456,22.17,0.023,N,29,1
51,47175,RENT,1.4,VENTURE,A,16672,5.51,0.353,N,13,1
56,26269,MORTGAGE,8.5,EDUCATION,E,2557,17.95,0.097,N,15,0
31,45095,OWN,8.1,EDUCATION,D,16370,,0.363,N,16,1
32,65360,OWN,14.5,MEDICAL,A,19261,6.55,0.295,N,15,0
42,45687,RENT,,MEDICAL,B,12031,9.64,0.263,N,29,0
44,76147,RENT,18.7,DEBTCONSOLIDATION,G,26255,28.0,0.345,N,26,1
54,39509,MORTGAGE,2.6,EDUCATION,C,17413,12.59,0.441,N,29,0
60,40960,OWN,1.4,PERSONAL,A,11482,5.79,0.28,N,5,0
49,77428,RENT,7.1,MEDICAL,B,17147,9.15,0.221,N,17,0
36,55382,MORTGAGE,1.8,VENTURE,B,977,10.35,0.018,N,27,0
39,39087,MORTGAGE,8.2,DEBTCONSOLIDATION,D,12022,15.43,0.308,Y,9,1
44,86559,MORTGAGE,3.8,VENTURE,E,31421,18.84,0.363,Y,23,0
41,33563,MORTGAGE,7.9,EDUCATION,A,30242,6.95,0.901,N,29,0
32,32865,RENT,1.6,EDUCATION,B,25138,,0.765,N,12,1
38,10340,OWN,3.5,PERSONAL,B,30107,10.86,2.912,N,27,1
55,36145,MORTGAGE,4.2,EDUCATION,G,18827,23.86,0.521,N,28,0
31,100689,MORTGAGE,14.3,DEBTCONSOLIDATION,C,18944,12.79,0.188,N,22,0
60,15681,RENT,1.6,HOMEIMPROVEMENT,E,31609,19.96,2.016,Y,6,1
38,29040,MORTGAGE,13.8,HOMEIMPROVEMENT,B,18598,11.3,0.64,Y,4,0
31,62410,RENT,8.2,EDUCATION,C,14639,11.07,0.235,Y,21,0
28,14261,RENT,6.6,DEBTCONSOLIDATION,B,20483,8.3,1.436,N,11,1
26,37016,MORTGAGE,7.7,HOMEIMPROVEMENT,E,21320,19.56,0.576,Y,6,1
47,91809,MORTGAGE,4.6,VENTURE,B,20010,9.23,0.218,N,10,0
33,150793,MORTGAGE,1.4,DEBTCONSOLIDATION,D,28560,15.07,0.189,N,27,0
50,57505,RENT,1.1,DEBTCONSOLIDATION,A,15023,7.22,0.261,Y,4,0
38,29449,MORTGAGE,10.1,EDUCATION,C,2243,,0.076,N,6,0
35,28909,RENT,6.5,VENTURE,B,30716,9.71,1.063,N,17,0
24,53087,MORTGAGE,1.2,VENTURE,A,28153,5.0,0.53,N,14,1
54,57212,RENT,4.8,HOMEIMPROVEMENT,B,17163,9.37,0.3,N,12,1
31,136197,MORTGAGE,3.0,PERSONAL,C,23078,11.61,0.169,N,26,0
44,83612,MORTGAGE,0.9,VENTURE,A,24328,7.67,0.291,N,18,0
40,51341,RENT,3.8,HOMEIMPROVEMENT,A,19914,,0.388,N,22,0
55,40767,RENT,1.7,PERSONAL,B,25422,,0.624,N,5,0
42,257324,MORTGAGE,0.5,DEBTCONSOLIDATION,B,12904,,0.05,Y,18,0
35,69191,MORTGAGE,3.1,HOMEIMPROVEMENT,B,18280,,0.264,N,2,0
58,33934,MORTGAGE,4.5,HOMEIMPROVEMENT,B,12073,11.62,0.356,N,24,0
64,43323,MORTGAGE,0.2,EDUCATION,A,12958,6.3,0.299,N,29,0
61,30254,RENT,2.6,DEBTCONSOLIDATION,A,3273,6.94,0.108,N,7,0
58,13062,RENT,1.5,DEBTCONSOLIDATION,D,22907,17.14,1.754,N,2,1
33,58218,RENT,0.2,MEDICAL,A,26094,5.87,0.448,N,21,0
50,130659,RENT,0.7,PERSONAL,C,4234,,0.032,N,8,0
24,19994,MORTGAGE,0.7,HOMEIMPROVEMENT,B,10979,9.44,0.549,Y,12,0
54,50533,RENT,1.0,VENTURE,F,12396,23.51,0.245,N,23,0
42,33229,OWN,8.1,VENTURE,A,32040,7.17,0.964,N,11,1
48,65305,MORTGAGE,2.9,MEDICAL,D,16586,,0.254,N,19,0
62,44587,OWN,,PERSONAL,B,17691,11.22,0.397,N,28,0
30,23201,OWN,0.5,EDUCATION,A,18684,7.66,0.805,N,26,0
37,28578,RENT,1.8,PERSONAL,A,22254,6.07,0.779,N,11,0
31,31049,MORTGAGE,8.0,VENTURE,B,23344,9.77,0.752,N,20,1
28,102680,RENT,2.3,VENTURE,B,15552,8.77,0.151,N,3,0
29,99836,RENT,0.9,EDUCATION,B,12316,10.17,0.123,N,2,0
63,41305,MORTGAGE,2.6,EDUCATION,E,26458,,0.641,N,15,0
36,96306,RENT,4.1,VENTURE,B,23365,7.05,0.243,Y,13,0
57,44566,OTHER,0.2,HOMEIMPROVEMENT,B,17297,8.78,0.388,N,16,0
26,40959,MORTGAGE,4.9,HOMEIMPROVEMENT,D,33970,,0.829,Y,20,1
65,50585,MORTGAGE,2.5,EDUCATION,D,22028,15.6,0.435,N,23,0
32,57334,RENT,0.0,DEBTCONSOLIDATION,A,32773,8.99,0.572,N,27,0
59,36116,MORTGAGE,5.6,HOMEIMPROVEMENT,C,33184,11.47,0.919,N,18,1
61,49613,RENT,6.2,EDUCATION,B,29803,9.36,0.601,N,19,0
28,75586,MORTGAGE,5.0,PERSONAL,A,18409,,0.244,Y,10,0
46,52640,RENT,2.1,PERSONAL,A,20308,6.62,0.386,N,2,0
21,50187,MORTGAGE,3.8,PERSONAL,A,28743,8.52,0.573,N,2,0
24,64331,RENT,2.4,EDUCATION,B,31709,9.86,0.493,Y,10,0
48,70734,RENT,6.0,EDUCATION,A,31944,7.85,0.452,Y,20,0
56,47361,MORTGAGE,4.4,HOMEIMPROVEMENT,B,29500,8.69,0.623,Y,7,0
57,37767,RENT,0.4,HOMEIMPROVEMENT,C,27490,13.32,0.728,N,29,1
38,54396,MORTGAGE,5.2,HOMEIMPROVEMENT,D,34830,15.62,0.64,N,20,1
27,20400,RENT,5.8,MEDICAL,C,24770,11.8,1.214,N,19,0
64,43665,RENT,2.3,EDUCATION,C,19887,13.56,0.455,N,28,0
20,12589,MORTGAGE,10.4,DEBTCONSOLIDATION,E,11694,,0.929,Y,4,1
41,19502,RENT,9.3,PERSONAL,E,3807,18.29,0.195,Y,27,1
36,17954,RENT,1.0,PERSONAL,E,21029,19.51,1.171,N,5,1
26,87207,MORTGAGE,11.7,MEDICAL,A,15825,6.74,0.181,N,12,0
44,49399,RENT,2.9,MEDICAL,A,18652,7.13,0.378,N,18,0
64,24486,RENT,6.4,PERSONAL,B,33142,,1.354,N,4,1
23,64221,RENT,8.4,EDUCATION,B,16969,11.73,0.264,N,24,0
55,84436,RENT,3.5,PERSONAL,A,4187,8.49,0.05,N,3,0
25,64839,MORTGAGE,2.5,PERSONAL,B,16481,9.1,0.254,N,24,0
50,44188,RENT,12.4,DEBTCONSOLIDATION,F,33387,20.39,0.756,N,5,0
38,55707,MORTGAGE,1.3,MEDICAL,B,8779,7.59,0.158,N,24,0
63,80484,RENT,,MEDICAL,B,3865,,0.048,N,12,0
58,37870,RENT,2.2,HOMEIMPROVEMENT,A,31927,6.37,0.843,N,4,0
46,49832,RENT,9.8,MEDICAL,C,19466,14.27,0.391,N,24,1
29,42554,MORTGAGE,14.0,DEBTCONSOLIDATION,B,18626,8.76,0.438,N,27,0
45,20183,OWN,1.2,DEBTCONSOLIDATION,A,1234,7.54,0.061,Y,8,0
38,81154,MORTGAGE,10.0,PERSONAL,F,23998,19.88,0.296,N,20,0
58,151979,OTHER,1.5,DEBTCONSOLIDATION,D,552,16.61,0.004,N,7,0
22,30315,RENT,17.6,HOMEIMPROVEMENT,C,14518,13.47,0.479,N,26,1
64,83239,RENT,4.5,PERSONAL,F,29574,20.68,0.355,N,17,0
32,30850,RENT,0.0,EDUCATION,B,32776,10.23,1.062,N,28,0
47,52734,RENT,0.2,EDUCATION,C,11561,15.48,0.219,N,24,0
39,112353,RENT,0.8,MEDICAL,A,14055,7.83,0.125,N,22,0
47,36818,RENT,1.0,HOMEIMPROVEMENT,C,9404,16.55,0.255,N,12,0
27,48626,RENT,7.3,DEBTCONSOLIDATION,A,30438,7.18,0.626,N,2,0
60,18199,RENT,1.3,VENTURE,A,6627,7.69,0.364,N,9,0
58,34019,RENT,17.4,EDUCATION,B,32900,9.43,0.967,N,5,1
20,17180,RENT,,DEBTCONSOLIDATION,A,28703,7.3,1.671,N,28,1
22,62071,OWN,5.9,EDUCATION,B,25694,8.83,0.414,N,19,1
32,77450,RENT,1.2,EDUCATION,B,29835,,0.385,N,26,0
47,43395,MORTGAGE,11.2,EDUCATION,C,7780,12.03,0.179,Y,4,0
44,57367,MORTGAGE,5.5,MEDICAL,A,10709,9.0,0.187,N,14,0
52,40980,RENT,10.0,HOMEIMPROVEMENT,A,21153,5.38,0.516,N,7,0
57,73666,RENT,15.7,EDUCATION,C,6828,12.63,0.093,Y,4,0
25,52638,RENT,0.7,DEBTCONSOLIDATION,C,4991,12.7,0.095,N,15,0
63,16446,MORTGAGE,0.5,DEBTCONSOLIDATION,A,11052,5.66,0.672,Y,8,0
64,82206,RENT,8.1,MEDICAL,C,8600,13.28,0.105,N,19,0
51,39567,RENT,10.1,HOMEIMPROVEMENT,D,15930,15.36,0.403,N,5,1
64,24374,RENT,4.4,HOMEIMPROVEMENT,A,28673,8.69,1.176,Y,14,1
40,38506,OWN,2.3,VENTURE,B,21441,9.03,0.557,N,12,0
35,17220,RENT,5.3,PERSONAL,B,30043,10.51,1.745,Y,11,1
40,24650,MORTGAGE,1.8,EDUCATION,E,7026,18.9,0.285,Y,17,1
30,53030,MORTGAGE,1.4,MEDICAL,A,33096,6.74,0.624,N,26,0
56,55530,OWN,3.3,HOMEIMPROVEMENT,B,27106,10.11,0.488,N,12,0
55,58019,MORTGAGE,1.2,VENTURE,E,27802,19.85,0.479,N,25,1
54,49107,MORTGAGE,3.3,PERSONAL,B,23640,7.74,0.481,N,15,0
38,33487,OWN,15.7,HOMEIMPROVEMENT,C,11529,13.06,0.344,N,9,1
39,47574,MORTGAGE,9.2,HOMEIMPROVEMENT,A,10730,6.01,0.226,N,9,0
37,38543,RENT,14.2,EDUCATION,G,16314,24.1,0.423,N,24,1
60,20046,RENT,8.2,PERSONAL,D,10463,16.29,0.522,N,7,1
33,32053,MORTGAGE,2.2,PERSONAL,C,32883,14.32,1.026,N,25,1
34,79957,MORTGAGE,8.4,MEDICAL,A,29523,8.86,0.369,Y,24,0
50,117425,MORTGAGE,12.8,VENTURE,A,14958,6.3,0.127,N,2,0
20,70136,MORTGAGE,14.7,DEBTCONSOLIDATION,C,33968,9.58,0.484,Y,7,0
22,114580,MORTGAGE,5.7,MEDICAL,B,7491,10.08,0.065,Y,25,0
35,51377,RENT,1.2,VENTURE,C,9653,10.82,0.188,N,15,0
42,127810,MORTGAGE,0.2,MEDICAL,C,21316,13.53,0.167,N,22,0
30,151746,RENT,0.8,VENTURE,D,20772,14.92,0.137,N,7,0
31,18893,OWN,16.8,DEBTCONSOLIDATION,B,27894,10.41,1.476,N,16,1
29,55371,MORTGAGE,3.1,EDUCATION,C,23306,11.98,0.421,N,19,0
51,51407,MORTGAGE,9.7,VENTURE,D,30040,14.6,0.584,N,16,1
35,38822,RENT,3.1,DEBTCONSOLIDATION,B,28692,8.63,0.739,N,13,0
27,64251,RENT,5.4,MEDICAL,D,1649,16.48,0.026,N,12,0
57,50142,RENT,0.1,PERSONAL,A,31799,5.41,0.634,Y,3,0
31,32712,MORTGAGE,1.4,HOMEIMPROVEMENT,D,4328,16.66,0.132,Y,3,0
43,48308,MORTGAGE,2.9,DEBTCONSOLIDATION,F,22270,24.13,0.461,Y,13,1
47,95085,RENT,5.0,DEBTCONSOLIDATION,B,24539,12.01,0.258,Y,23,0
27,54197,MORTGAGE,0.9,DEBTCONSOLIDATION,B,7291,8.08,0.135,Y,22,1
47,69204,MORTGAGE,7.2,VENTURE,A,3847,5.38,0.056,N,7,0
55,42092,RENT,2.3,VENTURE,C,28762,13.58,0.683,N,7,0
45,62858,MORTGAGE,,PERSONAL,C,28239,11.72,0.449,N,13,0
27,25208,MORTGAGE,0.5,EDUCATION,A,3646,7.74,0.145,N,5,0
47,37240,MORTGAGE,5.7,MEDICAL,D,21100,13.95,0.567,N,8,1
47,46329,MORTGAGE,1.7,EDUCATION,D,28873,15.91,0.623,N,13,1
56,24294,MORTGAGE,7.9,VENTURE,E,25074,20.13,1.032,N,10,1
60,31050,OTHER,2.6,VENTURE,C,6781,,0.218,N,8,0
55,58233,RENT,5.5,DEBTCONSOLIDATION,B,2649,,0.045,N,17,0
46,52649,MORTGAGE,13.6,DEBTCONSOLIDATION,E,19940,18.84,0.379,N,16,0
36,76381,RENT,0.1,EDUCATION,B,14854,10.73,0.194,N,23,0
28,35232,RENT,0.1,MEDICAL,C,14233,12.2,0.404,N,28,1
52,50598,RENT,7.4,VENTURE,C,32777,11.29,0.648,Y,29,1
39,33876,RENT,5.2,VENTURE,B,16218,,0.479,N,4,1
32,72284,OWN,1.7,EDUCATION,A,11380,8.59,0.157,N,7,0
47,94363,OWN,3.4,HOMEIMPROVEMENT,A,2696,8.0,0.029,N,25,0
48,63948,RENT,0.2,DEBTCONSOLIDATION,B,12154,9.97,0.19,N,15,0
32,87873,MORTGAGE,1.1,PERSONAL,B,17633,9.94,0.201,N,9,0
65,49904,MORTGAGE,2.8,VENTURE,D,34314,16.51,0.688,N,5,0
54,76349,MORTGAGE,9.0,MEDICAL,B,11721,11.16,0.154,N,14,0
25,51096,MORTGAGE,3.3,HOMEIMPROVEMENT,B,23117,7.58,0.452,N,6,0
37,27897,RENT,4.4,EDUCATION,B,4101,,0.147,N,21,0
24,56145,MORTGAGE,10.3,EDUCATION,A,31802,,0.566,Y,19,0
44,28355,MORTGAGE,1.8,MEDICAL,A,10792,6.58,0.381,N,12,0
21,177463,MORTGAGE,6.0,DEBTCONSOLIDATION,A,13190,7.22,0.074,N,6,0
29,40792,OWN,9.9,DEBTCONSOLIDATION,B,5299,,0.13,N,18,0
49,69896,OWN,1.1,HOMEIMPROVEMENT,A,21121,5.0,0.302,N,3,0
64,48687,MORTGAGE,,MEDICAL,A,17932,5.39,0.368,N,24,0
24,24872,MORTGAGE,19.5,VENTURE,D,34669,16.16,1.394,N,6,1
52,17254,OTHER,20.4,HOMEIMPROVEMENT,A,30563,7.31,1.771,N,27,1
20,74010,RENT,1.3,PERSONAL,A,7879,6.76,0.106,Y,9,0
37,114936,RENT,0.3,PERSONAL,F,15711,20.65,0.137,N,7,0
51,32723,RENT,1.6,MEDICAL,C,26232,12.16,0.802,N,9,1
30,19708,OWN,2.5,PERSONAL,A,10888,6.84,0.552,N,28,0
40,40993,MORTGAGE,2.9,MEDICAL,A,13614,,0.332,N,3,0
45,29277,RENT,4.8,VENTURE,C,3648,11.98,0.125,N,9,0
44,34280,OTHER,11.5,DEBTCONSOLIDATION,C,5121,11.34,0.149,Y,26,1
41,68576,MORTGAGE,,VENTURE,A,3506,7.6,0.051,Y,25,0
46,47678,OWN,9.5,MEDICAL,A,9257,,0.194,N,8,0
32,31062,RENT,0.5,VENTURE,E,24549,17.43,0.79,N,9,0
52,67756,MORTGAGE,0.2,PERSONAL,C,34213,12.38,0.505,N,19,0
53,70740,MORTGAGE,3.5,VENTURE,B,32335,10.9,0.457,N,23,0
60,40725,MORTGAGE,0.3,PERSONAL,A,28530,,0.701,Y,8,1
54,52883,MORTGAGE,2.5,DEBTCONSOLIDATION,A,29812,8.32,0.564,Y,16,0
20,65269,MORTGAGE,11.4,DEBTCONSOLIDATION,B,9199,11.14,0.141,Y,10,0
40,61966,RENT,1.4,PERSONAL,E,21109,18.1,0.341,Y,15,0
25,50128,MORTGAGE,6.1,EDUCATION,A,22075,7.16,0.44,N,28,0
47,107788,RENT,1.8,VENTURE,G,24562,,0.228,N,14,0
36,67539,RENT,0.2,VENTURE,A,5109,6.42,0.076,Y,4,0
24,38258,RENT,4.1,MEDICAL,B,23506,10.29,0.614,N,7,0
50,38385,RENT,9.0,MEDICAL,A,1533,5.92,0.04,N,25,0
24,36064,RENT,2.6,HOMEIMPROVEMENT,C,11537,12.73,0.32,Y,5,0
57,69401,MORTGAGE,4.8,PERSONAL,B,9427,9.69,0.136,N,22,0
22,34804,MORTGAGE,11.5,DEBTCONSOLIDATION,C,7732,,0.222,N,19,0
42,38805,RENT,7.8,DEBTCONSOLIDATION,C,31519,12.54,0.812,N,12,0
56,87720,MORTGAGE,1.1,EDUCATION,B,24310,10.26,0.277,N,27,0
56,54469,RENT,6.6,PERSONAL,D,23441,16.46,0.43,Y,8,1
29,94768,RENT,3.5,VENTURE,A,4623,6.05,0.049,N,16,0
29,76033,MORTGAGE,6.9,HOMEIMPROVEMENT,C,3110,12.52,0.041,N,25,0
38,25663,MORTGAGE,3.4,PERSONAL,A,28518,7.56,1.111,N,23,1
36,46343,MORTGAGE,0.7,HOMEIMPROVEMENT,B,13000,12.21,0.281,N,26,0
40,84497,RENT,4.2,PERSONAL,D,27904,14.49,0.33,N,12,0
33,25029,MORTGAGE,3.4,VENTURE,A,19803,7.63,0.791,N,20,1
28,61749,MORTGAGE,3.6,VENTURE,E,657,20.46,0.011,N,26,1
65,47974,OWN,10.6,PERSONAL,E,15755,19.11,0.328,N,10,0
20,18673,RENT,11.3,DEBTCONSOLIDATION,B,30556,8.92,1.636,N,26,1
64,52355,MORTGAGE,3.0,DEBTCONSOLIDATION,A,3937,6.94,0.075,N,7,0
32,30927,MORTGAGE,3.0,EDUCATION,D,11523,14.84,0.373,N,26,0
23,25791,OTHER,3.6,VENTURE,E,21601,18.4,0.838,N,8,1
20,49267,RENT,3.7,MEDICAL,A,10916,7.46,0.222,N,9,0
59,16950,MORTGAGE,15.0,EDUCATION,E,33906,18.93,2.0,Y,25,1
51,33831,RENT,5.2,PERSONAL,E,551,19.24,0.016,N,13,1
53,199415,MORTGAGE,1.6,EDUCATION,B,829,8.6,0.004,N,25,0
47,70096,RENT,3.8,MEDICAL,D,12357,15.27,0.176,N,20,0
50,30188,RENT,4.9,VENTURE,B,9476,10.74,0.314,N,23,0
27,106116,MORTGAGE,5.1,VENTURE,C,15657,,0.148,N,15,0
58,28406,RENT,4.4,DEBTCONSOLIDATION,B,25371,8.41,0.893,N,24,0
45,36151,RENT,,VENTURE,A,32018,6.63,0.886,N,21,0
53,26059,RENT,0.2,DEBTCONSOLIDATION,D,17229,15.38,0.661,N,21,1
22,56434,RENT,2.1,MEDICAL,A,27455,7.92,0.486,N,8,1
31,104062,OWN,2.8,EDUCATION,C,7813,10.13,0.075,N,3,0
20,28298,MORTGAGE,,PERSONAL,E,18389,18.9,0.65,N,12,1
63,15784,MORTGAGE,8.4,PERSONAL,A,4374,8.65,0.277,N,12,0
24,89324,RENT,2.1,EDUCATION,B,29550,10.39,0.331,Y,9,0
49,115219,OWN,12.2,VENTURE,C,20331,,0.176,N,7,0
49,16361,MORTGAGE,0.8,DEBTCONSOLIDATION,A,10686,9.91,0.653,N,12,1
36,63134,MORTGAGE,0.3,PERSONAL,D,4456,15.34,0.071,N,12,0
42,55524,MORTGAGE,3.3,VENTURE,B,20542,,0.37,N,26,0
34,31789,MORTGAGE,,HOMEIMPROVEMENT,C,19425,13.97,0.611,N,6,1
56,22767,MORTGAGE,13.9,HOMEIMPROVEMENT,A,11303,6.03,0.496,N,27,0
40,84580,RENT,0.1,PERSONAL,A,7383,9.25,0.087,N,11,0
33,54094,RENT,2.7,EDUCATION,A,20093,7.87,0.371,N,2,0
21,56383,MORTGAGE,13.1,EDUCATION,A,10734,9.56,0.19,N,8,0
30,34822,MORTGAGE,2.4,EDUCATION,B,20757,8.74,0.596,N,5,0
58,31538,RENT,0.5,VENTURE,C,22194,14.53,0.704,N,14,1
57,12705,RENT,1.8,HOMEIMPROVEMENT,A,2003,6.02,0.158,N,27,0
53,43242,MORTGAGE,3.4,VENTURE,A,677,,0.016,N,21,0
57,108158,MORTGAGE,1.0,MEDICAL,B,30558,10.21,0.283,Y,16,0
53,30042,RENT,3.1,MEDICAL,D,31664,17.66,1.054,N,17,1
37,21219,RENT,9.0,PERSONAL,C,27464,13.97,1.294,N,4,1
49,62293,MORTGAGE,10.3,MEDICAL,A,29971,,0.481,N,22,0
34,68943,MORTGAGE,0.3,EDUCATION,E,5845,20.31,0.085,Y,23,1
46,35516,RENT,0.9,PERSONAL,E,27075,18.89,0.762,N,4,1
53,40464,MORTGAGE,1.6,HOMEIMPROVEMENT,B,6550,10.83,0.162,N,9,0
57,56678,MORTGAGE,4.5,DEBTCONSOLIDATION,C,25610,13.35,0.452,N,17,0
52,45001,MORTGAGE,2.2,HOMEIMPROVEMENT,B,1234,9.74,0.027,N,3,0
43,84971,OTHER,9.3,MEDICAL,F,33579,20.41,0.395,N,8,1
34,187303,OWN,6.3,MEDICAL,B,1220,10.24,0.007,N,2,0
49,19148,RENT,0.5,HOMEIMPROVEMENT,F,8512,21.19,0.445,N,10,1
61,96410,RENT,4.9,MEDICAL,A,19192,5.52,0.199,N,10,0
36,51942,RENT,0.6,MEDICAL,B,12445,11.0,0.24,N,22,0
24,105188,RENT,1.5,VENTURE,D,30065,15.24,0.286,N,19,0
48,73013,RENT,1.0,DEBTCONSOLIDATION,D,4698,13.83,0.064,N,23,0
23,50697,RENT,1.0,DEBTCONSOLIDATION,D,17702,16.0,0.349,Y,13,1
29,74459,OWN,4.8,HOMEIMPROVEMENT,D,21349,15.82,0.287,N,27,0
36,39466,OWN,4.1,HOMEIMPROVEMENT,C,17933,12.93,0.454,N,13,0
29,32020,MORTGAGE,1.0,MEDICAL,C,34195,12.92,1.068,Y,6,1
36,76571,MORTGAGE,23.1,EDUCATION,B,32507,8.79,0.425,Y,12,0
39,30810,RENT,2.7,VENTURE,B,12284,9.52,0.399,Y,5,0
43,69794,RENT,0.5,EDUCATION,B,2345,,0.034,Y,17,0
24,49856,RENT,0.6,MEDICAL,C,27575,14.03,0.553,Y,13,0
53,13613,MORTGAGE,4.4,HOMEIMPROVEMENT,B,13494,9.58,0.991,N,3,1
25,35742,RENT,19.3,EDUCATION,A,31132,7.7,0.871,N,6,1
21,58933,OWN,4.2,DEBTCONSOLIDATION,A,13981,7.11,0.237,N,9,0
32,39210,MORTGAGE,14.9,PERSONAL,E,30590,18.6,0.78,N,17,0
62,12079,RENT,2.9,EDUCATION,A,32355,8.5,2.679,N,19,1
62,101357,RENT,2.9,HOMEIMPROVEMENT,A,32114,5.93,0.317,N,24,0
30,53806,MORTGAGE,3.5,DEBTCONSOLIDATION,B,18811,10.37,0.35,N,29,0
42,62570,OWN,6.0,MEDICAL,A,17569,,0.281,Y,4,1
35,37786,MORTGAGE,2.3,EDUCATION,B,27090,10.43,0.717,N,7,1
50,65664,RENT,10.0,MEDICAL,A,7223,6.21,0.11,N,5,0
30,134477,MORTGAGE,0.1,VENTURE,A,26757,,0.199,N,23,0
35,32718,RENT,2.9,PERSONAL,D,638,15.65,0.019,N,12,1
27,122621,OTHER,,HOMEIMPROVEMENT,D,16262,13.34,0.133,N,3,0
23,61035,MORTGAGE,4.7,HOMEIMPROVEMENT,A,34316,5.06,0.562,N,27,0
59,30388,MORTGAGE,1.6,MEDICAL,C,5871,14.0,0.193,N,22,1
23,165514,RENT,,PERSONAL,C,18634,13.13,0.113,N,14,0
44,60803,MORTGAGE,3.3,DEBTCONSOLIDATION,C,7549,14.75,0.124,Y,14,0
22,71115,RENT,5.8,HOMEIMPROVEMENT,B,27943,8.36,0.393,N,19,0
51,42270,RENT,7.4,EDUCATION,A,17363,8.02,0.411,N,25,0
22,31635,RENT,6.7,HOMEIMPROVEMENT,C,29455,,0.931,N,14,0
46,53760,OWN,2.1,EDUCATION,B,2209,11.4,0.041,Y,13,0
48,116985,MORTGAGE,,HOMEIMPROVEMENT,A,24200,6.87,0.207,N,10,0
51,41344,RENT,9.4,EDUCATION,B,5762,10.14,0.139,N,25,0
38,48304,OWN,1.5,VENTURE,D,15478,14.95,0.32,N,2,1
40,109204,RENT,1.1,MEDICAL,B,29268,9.68,0.268,N,6,0
24,41556,RENT,,DEBTCONSOLIDATION,B,16123,9.41,0.388,N,29,0
37,64903,RENT,3.0,DEBTCONSOLIDATION,D,26989,14.41,0.416,N,5,0
47,79422,MORTGAGE,9.5,VENTURE,E,1869,,0.024,N,5,0
61,43992,MORTGAGE,7.5,DEBTCONSOLIDATION,B,8063,,0.183,N,15,0
41,58128,MORTGAGE,9.5,EDUCATION,B,33798,11.42,0.581,N,12,0
40,70516,MORTGAGE,1.6,DEBTCONSOLIDATION,C,2051,12.03,0.029,N,24,0
25,39320,RENT,4.5,MEDICAL,A,33885,6.96,0.862,N,15,1
20,76777,MORTGAGE,1.7,PERSONAL,C,18948,12.84,0.247,N,13,0
24,36284,RENT,0.6,EDUCATION,D,12991,17.77,0.358,N,17,1
60,33816,MORTGAGE,5.8,DEBTCONSOLIDATION,B,15866,12.14,0.469,N,27,0
31,21165,MORTGAGE,0.8,HOMEIMPROVEMENT,A,10428,5.43,0.493,N,16,0
45,37163,MORTGAGE,5.5,HOMEIMPROVEMENT,A,30753,7.58,0.828,N,11,0
65,31303,MORTGAGE,5.2,PERSONAL,C,28796,13.64,0.92,N,5,1
53,39321,MORTGAGE,8.3,VENTURE,A,2736,6.76,0.07,N,2,0
33,68637,RENT,0.8,EDUCATION,B,8099,8.48,0.118,N,20,0
45,18975,OWN,7.7,HOMEIMPROVEMENT,B,11025,10.85,0.581,N,9,0
64,16546,RENT,36.2,MEDICAL,A,25403,8.46,1.535,N,11,0
46,32467,RENT,9.5,PERSONAL,B,33962,9.34,1.046,N,8,0
28,63175,MORTGAGE,7.0,VENTURE,B,16382,11.44,0.259,N,3,0
45,57461,MORTGAGE,5.4,VENTURE,C,11175,,0.194,N,24,0
41,32183,RENT,2.7,MEDICAL,A,14302,,0.444,N,3,1
49,93262,OWN,6.6,DEBTCONSOLIDATION,A,25850,8.7,0.277,N,23,0
62,34128,OTHER,6.4,MEDICAL,D,23977,15.97,0.703,N,25,1
36,63218,MORTGAGE,5.0,DEBTCONSOLIDATION,C,30282,,0.479,N,20,0
45,40153,MORTGAGE,8.0,PERSONAL,D,1555,15.16,0.039,Y,13,0
55,30399,MORTGAGE,3.0,MEDICAL,A,27441,5.05,0.903,N,20,1
20,35144,RENT,0.6,HOMEIMPROVEMENT,A,28290,,0.805,N,25,0
27,73401,MORTGAGE,4.1,VENTURE,C,19909,11.24,0.271,N,13,0
54,59788,OWN,1.5,DEBTCONSOLIDATION,D,9807,18.51,0.164,N,14,1
34,83487,OWN,2.4,MEDICAL,E,4784,20.37,0.057,N,17,0
41,59786,OWN,0.1,EDUCATION,D,25920,15.82,0.434,N,9,1
33,20208,RENT,2.4,MEDICAL,A,33385,10.2,1.652,N,11,1
45,156831,RENT,8.3,DEBTCONSOLIDATION,D,14859,15.24,0.095,N,7,0
47,60255,RENT,3.9,VENTURE,E,8207,18.53,0.136,N,16,0
42,65060,RENT,0.0,HOMEIMPROVEMENT,A,13566,6.51,0.209,Y,18,0
33,39844,RENT,3.2,MEDICAL,B,11727,,0.294,N,12,0
43,90422,RENT,1.7,HOMEIMPROVEMENT,C,14532,12.63,0.161,N,20,0
21,26870,MORTGAGE,3.2,EDUCATION,A,2100,7.55,0.078,N,11,0
64,68555,MORTGAGE,2.6,DEBTCONSOLIDATION,B,28211,8.8,0.412,N,24,0
45,15618,MORTGAGE,,VENTURE,E,30204,19.15,1.934,N,19,1
33,71144,MORTGAGE,0.2,PERSONAL,E,8723,18.35,0.123,N,10,0
26,27071,RENT,5.8,VENTURE,E,6449,19.08,0.238,N,10,1
22,57087,RENT,9.5,DEBTCONSOLIDATION,B,28317,8.7,0.496,N,19,0
42,103418,MORTGAGE,16.0,PERSONAL,B,34169,8.96,0.33,N,7,0
65,77071,MORTGAGE,1.0,PERSONAL,C,27379,15.55,0.355,N,17,0
62,96125,MORTGAGE,3.8,VENTURE,B,27226,,0.283,N,13,0
64,90804,RENT,0.2,DEBTCONSOLIDATION,A,11724,7.63,0.129,N,3,0
37,36740,RENT,3.5,PERSONAL,C,32384,,0.881,N,18,0
57,68123,MORTGAGE,0.7,DEBTCONSOLIDATION,B,16524,8.78,0.243,N,27,0
54,18982,OWN,9.1,HOMEIMPROVEMENT,A,21006,7.08,1.107,N,10,1
34,33596,OWN,0.6,EDUCATION,A,12921,5.96,0.385,N,6,0
44,105446,MORTGAGE,3.6,MEDICAL,E,10306,19.62,0.098,N,29,0
56,39665,MORTGAGE,3.7,DEBTCONSOLIDATION,A,29899,6.85,0.754,Y,18,1
47,17546,MORTGAGE,17.8,DEBTCONSOLIDATION,B,5310,11.6,0.303,Y,16,1
29,148380,MORTGAGE,5.3,PERSONAL,F,9168,20.43,0.062,N,8,0
58,66785,MORTGAGE,1.7,DEBTCONSOLIDATION,B,28011,10.33,0.419,N,28,1
36,74642,OWN,1.4,DEBTCONSOLIDATION,A,24253,7.44,0.325,N,20,0
58,28587,MORTGAGE,0.7,PERSONAL,C,12078,11.8,0.422,N,7,0
41,57310,OWN,7.1,VENTURE,A,3581,6.2,0.062,Y,5,0
45,56481,RENT,5.9,DEBTCONSOLIDATION,A,14560,5.29,0.258,N,13,0
63,31200,MORTGAGE,4.7,HOMEIMPROVEMENT,D,28711,14.13,0.92,N,20,1
44,44649,MORTGAGE,0.2,MEDICAL,B,11466,9.86,0.257,N,7,0
36,21477,RENT,7.2,DEBTCONSOLIDATION,C,23173,13.97,1.079,N,25,0
32,40510,MORTGAGE,5.1,PERSONAL,B,16632,9.84,0.411,Y,23,1
39,83752,RENT,16.6,HOMEIMPROVEMENT,A,25059,6.89,0.299,Y,15,0
44,32507,MORTGAGE,4.4,MEDICAL,B,20313,8.44,0.625,N,17,0
23,139946,MORTGAGE,1.8,VENTURE,A,15721,5.0,0.112,Y,23,0
29,22251,RENT,2.4,DEBTCONSOLIDATION,B,16232,10.41,0.729,N,6,0
22,42484,MORTGAGE,1.0,PERSONAL,B,24154,9.21,0.569,Y,6,1
60,34165,MORTGAGE,6.4,VENTURE,A,21703,5.0,0.635,N,18,0
64,44395,MORTGAGE,6.2,DEBTCONSOLIDATION,C,16720,12.35,0.377,N,5,1
37,104225,RENT,1.1,VENTURE,A,34515,7.3,0.331,N,12,0
55,28525,OWN,0.9,PERSONAL,B,4706,10.48,0.165,N,25,0
41,38246,MORTGAGE,0.4,HOMEIMPROVEMENT,C,5358,13.24,0.14,Y,7,0
53,70261,MORTGAGE,12.2,HOMEIMPROVEMENT,B,7653,9.17,0.109,N,24,0
27,51597,RENT,1.3,VENTURE,E,28064,19.71,0.544,N,13,0
59,53978,OWN,2.1,VENTURE,C,10506,12.98,0.195,Y,12,0
63,28827,RENT,1.6,DEBTCONSOLIDATION,F,23004,20.95,0.798,N,28,1
38,47128,MORTGAGE,2.7,EDUCATION,B,7580,8.66,0.161,N,10,0
61,91342,MORTGAGE,6.3,MEDICAL,E,23311,19.24,0.255,N,25,0
60,20226,RENT,10.2,DEBTCONSOLIDATION,C,29947,14.04,1.481,N,21,1
56,33405,MORTGAGE,1.0,VENTURE,D,25812,16.71,0.773,N,14,1
25,18059,RENT,5.8,VENTURE,E,29937,19.2,1.658,Y,24,1
45,65863,MORTGAGE,2.2,MEDICAL,C,1680,13.76,0.026,N,29,0
53,96183,MORTGAGE,19.7,PERSONAL,E,17763,21.85,0.185,N,16,0
64,44317,OWN,1.8,HOMEIMPROVEMENT,C,19736,13.35,0.445,Y,4,0
25,28196,OWN,0.0,PERSONAL,C,12779,,0.453,Y,6,1
56,28654,MORTGAGE,3.6,MEDICAL,B,4006,10.65,0.14,Y,20,0
52,41631,MORTGAGE,0.8,MEDICAL,A,24392,7.9,0.586,N,16,1
41,41544,MORTGAGE,0.2,EDUCATION,C,8939,11.4,0.215,N,29,0
40,80943,RENT,6.0,DEBTCONSOLIDATION,F,19862,22.21,0.245,N,8,1
25,33932,MORTGAGE,6.6,DEBTCONSOLIDATION,D,34765,,1.025,N,4,1
25,62273,OWN,3.1,DEBTCONSOLIDATION,D,27241,18.09,0.437,Y,9,1
23,41439,RENT,5.6,DEBTCONSOLIDATION,C,21071,13.02,0.508,N,27,0
49,32545,RENT,3.9,EDUCATION,B,12745,9.45,0.392,N,14,0
30,40875,RENT,5.0,HOMEIMPROVEMENT,A,21827,7.2,0.534,Y,17,0
49,58988,RENT,4.5,DEBTCONSOLIDATION,A,18431,6.23,0.312,Y,9,0
50,81081,RENT,5.5,VENTURE,A,30735,8.88,0.379,N,23,0
43,42676,MORTGAGE,1.1,MEDICAL,C,18874,13.58,0.442,N,10,0
28,25281,MORTGAGE,1.6,EDUCATION,D,32203,15.94,1.274,N,3,1
22,84952,MORTGAGE,2.9,PERSONAL,A,3646,8.34,0.043,N,23,0
50,29911,RENT,3.0,DEBTCONSOLIDATION,A,14914,5.62,0.499,N,28,0
59,56582,MORTGAGE,7.4,EDUCATION,B,2246,7.51,0.04,Y,21,0
56,48355,OWN,2.3,PERSONAL,B,31914,10.51,0.66,N,24,0
55,44926,OWN,0.9,EDUCATION,B,19644,11.29,0.437,N,28,0
43,37502,MORTGAGE,1.4,PERSONAL,A,29376,6.83,0.783,N,2,0
50,68946,RENT,1.2,EDUCATION,B,7461,,0.108,N,21,0
25,8000,OWN,6.6,EDUCATION,E,25901,,3.238,Y,14,1
21,91588,MORTGAGE,3.2,DEBTCONSOLIDATION,B,30477,8.52,0.333,N,14,0
39,29676,RENT,6.2,HOMEIMPROVEMENT,D,29304,16.8,0.987,Y,12,1
47,61351,RENT,2.7,VENTURE,C,25134,13.98,0.41,N,11,0
30,59591,RENT,11.0,MEDICAL,B,34947,11.1,0.586,Y,21,0
23,98838,RENT,20.5,VENTURE,D,34897,16.01,0.353,N,7,0
34,54653,RENT,5.5,HOMEIMPROVEMENT,C,29944,11.61,0.548,N,17,1
25,31069,OWN,10.0,DEBTCONSOLIDATION,A,14691,6.14,0.473,N,27,0
49,20279,MORTGAGE,3.5,PERSONAL,A,28273,7.72,1.394,Y,28,1
57,40463,MORTGAGE,13.6,VENTURE,D,15790,14.76,0.39,N,7,1
21,16697,MORTGAGE,8.9,MEDICAL,B,20041,9.88,1.2,N,23,1
34,34694,MORTGAGE,24.0,DEBTCONSOLIDATION,B,6317,8.78,0.182,N,21,0
30,41733,OWN,4.9,MEDICAL,A,17504,6.16,0.419,N,22,0
27,33541,OWN,7.6,PERSONAL,A,5151,5.62,0.154,N,14,0
45,50160,RENT,3.9,MEDICAL,D,1215,16.02,0.024,N,28,0
64,43051,OWN,1.5,HOMEIMPROVEMENT,D,8797,14.24,0.204,N,13,0
63,40936,MORTGAGE,2.2,VENTURE,C,24672,12.09,0.603,N,9,0
24,12922,RENT,11.2,MEDICAL,B,17612,11.02,1.363,N,4,0
25,24050,MORTGAGE,0.3,VENTURE,E,13092,20.26,0.544,N,14,0
45,69805,MORTGAGE,4.5,EDUCATION,C,3043,13.8,0.044,N,23,0
23,76293,OWN,2.3,VENTURE,D,3652,17.7,0.048,N,2,0
38,17830,RENT,2.4,PERSONAL,A,21113,,1.184,N,11,0
39,31316,MORTGAGE,10.8,HOMEIMPROVEMENT,B,9098,9.89,0.291,N,28,0
52,88395,RENT,9.6,DEBTCONSOLIDATION,E,31557,19.09,0.357,N,23,0
39,33026,RENT,4.6,MEDICAL,B,33054,12.34,1.001,N,26,1
31,46105,RENT,1.6,DEBTCONSOLIDATION,C,24049,12.72,0.522,N,16,0
20,108336,MORTGAGE,3.2,HOMEIMPROVEMENT,C,33783,13.96,0.312,N,12,0
45,40180,MORTGAGE,2.6,VENTURE,A,24147,9.03,0.601,N,17,0
33,37138,RENT,2.2,MEDICAL,D,2245,,0.06,N,25,0
57,44964,MORTGAGE,0.5,HOMEIMPROVEMENT,A,1571,6.44,0.035,N,22,0
56,135859,RENT,3.9,PERSONAL,C,1687,12.54,0.012,N,24,0
30,62655,RENT,1.8,EDUCATION,G,17383,22.95,0.277,N,22,0
55,49537,MORTGAGE,5.4,EDUCATION,F,13061,21.45,0.264,N,4,1
32,36739,RENT,1.9,PERSONAL,D,31003,14.29,0.844,N,10,1
62,65930,MORTGAGE,2.8,DEBTCONSOLIDATION,C,3049,13.94,0.046,N,28,0
22,70462,RENT,0.3,EDUCATION,C,6581,11.13,0.093,N,8,0
52,27166,RENT,24.5,PERSONAL,C,7647,13.47,0.281,N,25,0
25,71513,MORTGAGE,3.5,VENTURE,A,15156,8.37,0.212,N,17,0
29,45110,MORTGAGE,0.1,DEBTCONSOLIDATION,A,30091,7.87,0.667,N,24,0
24,49693,RENT,3.9,DEBTCONSOLIDATION,C,15016,12.42,0.302,N,8,1
42,30140,MORTGAGE,10.2,PERSONAL,A,6245,7.92,0.207,N,9,0
29,39340,MORTGAGE,7.4,EDUCATION,E,27549,19.01,0.7,N,25,1
63,27817,MORTGAGE,6.0,VENTURE,B,17704,9.45,0.636,N,23,0
21,27091,RENT,0.8,DEBTCONSOLIDATION,A,9691,6.56,0.358,N,21,0
32,60318,MORTGAGE,5.4,PERSONAL,B,9265,10.53,0.154,N,6,0
59,40323,MORTGAGE,7.3,PERSONAL,D,2198,14.13,0.055,Y,7,1
21,23985,RENT,4.2,DEBTCONSOLIDATION,E,19926,,0.831,N,28,1
39,162328,OWN,11.2,DEBTCONSOLIDATION,A,3756,7.45,0.023,N,10,0
20,26408,OWN,1.6,VENTURE,D,2687,,0.102,N,6,0
56,89380,OWN,1.4,DEBTCONSOLIDATION,C,2278,11.45,0.025,N,10,0
28,21762,MORTGAGE,10.2,MEDICAL,C,33316,11.93,1.531,N,26,0
36,63011,MORTGAGE,4.9,EDUCATION,D,34762,,0.552,Y,25,1
28,42710,MORTGAGE,0.0,DEBTCONSOLIDATION,A,14413,7.58,0.337,N,11,0
30,34683,MORTGAGE,2.2,MEDICAL,C,26426,14.3,0.762,Y,7,1
34,54622,MORTGAGE,9.8,VENTURE,B,850,10.94,0.016,N,2,0
43,50728,MORTGAGE,0.1,VENTURE,A,29449,7.92,0.581,N,14,0
57,31355,RENT,0.0,HOMEIMPROVEMENT,A,12941,5.0,0.413,N,6,0
54,30584,RENT,1.7,HOMEIMPROVEMENT,A,13212,7.9,0.432,N,28,0
49,20626,OWN,12.3,VENTURE,C,20843,12.38,1.011,N,20,1
50,57992,RENT,11.6,HOMEIMPROVEMENT,A,5769,5.27,0.099,N,17,0
24,24597,MORTGAGE,3.7,PERSONAL,C,24124,13.67,0.981,N,16,1
63,49128,OWN,4.0,MEDICAL,C,11041,13.21,0.225,N,26,0
33,67904,MORTGAGE,2.0,VENTURE,E,22061,20.06,0.325,Y,15,1
30,54963,OTHER,1.4,PERSONAL,C,31760,12.36,0.578,N,15,0
28,32934,MORTGAGE,8.4,EDUCATION,G,24787,24.99,0.753,N,5,1
53,80809,RENT,0.6,EDUCATION,A,16424,5.0,0.203,N,8,0
31,39168,MORTGAGE,3.3,HOMEIMPROVEMENT,C,11653,15.35,0.298,Y,23,0
54,23534,RENT,5.0,HOMEIMPROVEMENT,A,24339,5.39,1.034,N,16,0
54,41938,RENT,0.5,PERSONAL,C,4604,12.03,0.11,N,23,0
20,67693,RENT,3.7,EDUCATION,B,34769,8.76,0.514,N,6,0
59,33828,RENT,4.3,DEBTCONSOLIDATION,C,31699,13.25,0.937,Y,2,1
41,79459,RENT,6.8,VENTURE,B,3323,8.98,0.042,N,20,0
48,32090,RENT,1.3,DEBTCONSOLIDATION,A,567,8.29,0.018,N,22,0
27,34585,MORTGAGE,1.7,MEDICAL,C,26407,13.38,0.764,N,19,0
30,27574,MORTGAGE,4.2,HOMEIMPROVEMENT,E,13089,17.21,0.475,N,28,0
60,71399,RENT,20.4,PERSONAL,A,23560,7.94,0.33,N,15,0
56,47606,RENT,1.2,DEBTCONSOLIDATION,E,24828,,0.522,N,3,1
33,28599,MORTGAGE,21.3,HOMEIMPROVEMENT,A,6072,6.13,0.212,N,5,0
49,39422,MORTGAGE,6.3,PERSONAL,D,27865,14.63,0.707,N,8,0
54,9053,OWN,8.7,EDUCATION,F,13755,22.48,1.519,Y,2,1
40,75198,RENT,0.5,HOMEIMPROVEMENT,A,12833,7.79,0.171,N,26,0
56,44626,OWN,1.8,DEBTCONSOLIDATION,B,17907,8.8,0.401,N,13,0
24,13050,MORTGAGE,0.3,PERSONAL,B,15459,11.11,1.185,N,2,1
38,22000,MORTGAGE,2.3,PERSONAL,B,10584,9.31,0.481,N,15,0
33,38875,RENT,19.9,DEBTCONSOLIDATION,D,22460,17.42,0.578,N,25,1
45,23794,RENT,0.6,HOMEIMPROVEMENT,C,29618,11.1,1.245,N,7,1
23,75837,RENT,4.1,MEDICAL,F,7314,21.12,0.096,N,2,1
44,61710,RENT,0.0,VENTURE,A,21626,6.75,0.35,N,24,1
64,59739,MORTGAGE,6.2,EDUCATION,C,34799,11.81,0.583,N,3,0
61,11703,MORTGAGE,1.1,DEBTCONSOLIDATION,B,21583,9.96,1.844,N,18,0
44,36717,MORTGAGE,0.7,DEBTCONSOLIDATION,E,6358,18.58,0.173,Y,9,1
37,33399,MORTGAGE,2.1,HOMEIMPROVEMENT,A,15190,6.75,0.455,N,19,0
59,29006,MORTGAGE,,HOMEIMPROVEMENT,G,28771,,0.992,Y,26,1
27,39013,RENT,0.6,MEDICAL,B,7122,,0.183,N,23,0
58,26385,OTHER,1.3,EDUCATION,C,6011,12.97,0.228,N,18,0
59,55180,MORTGAGE,0.0,HOMEIMPROVEMENT,B,11947,9.85,0.217,N,17,1
33,74727,RENT,17.3,MEDICAL,D,9301,,0.124,N,28,0
51,71268,RENT,4.5,DEBTCONSOLIDATION,C,14583,14.5,0.205,N,16,0
57,45440,MORTGAGE,6.4,VENTURE,C,691,13.38,0.015,N,16,0
52,147205,MORTGAGE,5.3,PERSONAL,C,7285,13.86,0.049,N,25,0
42,91765,RENT,0.8,VENTURE,B,16339,9.03,0.178,Y,24,0
34,46357,MORTGAGE,4.5,VENTURE,A,12710,5.0,0.274,N,13,0
52,37599,MORTGAGE,0.7,VENTURE,D,20269,18.09,0.539,N,28,0
44,102325,MORTGAGE,2.6,VENTURE,B,14743,10.2,0.144,N,18,0
36,85320,RENT,,PERSONAL,D,18893,16.44,0.221,N,25,0
52,22567,RENT,4.1,DEBTCONSOLIDATION,C,31487,13.38,1.395,N,19,1
21,89072,OWN,0.6,EDUCATION,B,19606,10.48,0.22,Y,9,0
33,45030,OWN,0.2,EDUCATION,C,23823,11.72,0.529,N,10,0
59,30531,RENT,8.0,DEBTCONSOLIDATION,C,30680,11.77,1.005,N,16,0
59,16505,RENT,6.5,MEDICAL,C,14141,11.77,0.857,N,14,1
58,42281,RENT,0.4,MEDICAL,D,9921,16.66,0.235,N,6,0
25,48692,RENT,0.7,HOMEIMPROVEMENT,A,11916,5.54,0.245,N,22,0
25,117363,MORTGAGE,11.2,VENTURE,F,34716,20.17,0.296,N,24,0
22,82990,OWN,7.3,VENTURE,B,34272,,0.413,N,2,0
26,35575,RENT,27.8,PERSONAL,E,10470,18.67,0.294,N,22,1
27,60726,RENT,1.5,VENTURE,A,17095,6.94,0.282,N,13,0
61,77221,OWN,3.3,PERSONAL,A,22831,,0.296,N,2,0
34,51393,RENT,1.3,HOMEIMPROVEMENT,C,28436,,0.553,Y,28,1
48,35492,OWN,4.9,MEDICAL,B,30844,11.4,0.869,N,25,0
52,36581,MORTGAGE,0.6,MEDICAL,G,8869,25.06,0.242,N,25,0
49,60597,OWN,0.7,HOMEIMPROVEMENT,A,31096,8.39,0.513,Y,18,0
58,61521,RENT,0.4,HOMEIMPROVEMENT,A,22992,7.66,0.374,N,3,0
46,41725,RENT,,DEBTCONSOLIDATION,A,530,5.85,0.013,N,8,0
55,11608,MORTGAGE,3.4,VENTURE,A,8695,5.98,0.749,N,24,1
48,24105,MORTGAGE,4.8,MEDICAL,C,13678,,0.567,Y,29,1
57,68928,RENT,10.6,EDUCATION,B,517,9.77,0.008,N,26,0
52,15184,OWN,6.7,HOMEIMPROVEMENT,B,26437,9.67,1.741,Y,4,1
56,94023,MORTGAGE,3.1,MEDICAL,A,2325,7.71,0.025,N,19,0
46,86672,MORTGAGE,20.8,MEDICAL,A,25123,6.81,0.29,N,15,0
52,50141,RENT,3.0,PERSONAL,A,6706,7.3,0.134,N,11,0
23,68108,MORTGAGE,0.6,MEDICAL,D,20045,14.6,0.294,N,25,0
41,65566,MORTGAGE,24.6,HOMEIMPROVEMENT,D,8266,16.29,0.126,N,28,0
21,45968,RENT,0.1,VENTURE,D,25364,15.43,0.552,N,8,0
29,23025,OWN,4.0,MEDICAL,F,7748,21.34,0.337,N,15,0
24,83449,RENT,1.8,EDUCATION,E,25245,18.22,0.303,Y,4,0
29,106295,RENT,3.5,HOMEIMPROVEMENT,B,16531,11.81,0.156,N,12,0
52,25217,RENT,4.1,VENTURE,B,29270,8.58,1.161,N,16,0
57,22557,MORTGAGE,1.4,DEBTCONSOLIDATION,E,23910,19.81,1.06,N,20,1
32,45467,MORTGAGE,4.1,VENTURE,C,19074,12.94,0.42,N,24,0
50,34737,RENT,7.1,HOMEIMPROVEMENT,B,14394,8.37,0.414,N,13,0
55,53088,RENT,1.5,DEBTCONSOLIDATION,C,32896,12.64,0.62,Y,28,0
64,95262,RENT,2.4,VENTURE,G,22107,22.2,0.232,N,6,0
43,14255,RENT,1.6,EDUCATION,D,12438,18.06,0.873,Y,10,1
34,116973,MORTGAGE,,MEDICAL,B,33268,,0.284,N,27,0
48,39196,RENT,6.5,HOMEIMPROVEMENT,F,5744,23.34,0.147,Y,8,1
27,64956,RENT,10.2,MEDICAL,G,29541,26.61,0.455,N,16,0
24,68892,OWN,0.9,MEDICAL,A,7703,6.32,0.112,N,2,1
48,73455,MORTGAGE,0.4,VENTURE,E,32963,19.04,0.449,N,2,1
23,50718,MORTGAGE,0.6,HOMEIMPROVEMENT,E,21957,,0.433,N,7,1
31,57673,RENT,0.9,MEDICAL,A,11702,9.28,0.203,N,22,0
64,57466,RENT,3.8,PERSONAL,C,21744,12.77,0.378,Y,6,1
21,34660,MORTGAGE,17.7,EDUCATION,B,22168,9.94,0.64,N,12,1
46,18640,RENT,2.2,DEBTCONSOLIDATION,C,12785,11.32,0.686,N,12,0
50,25070,RENT,15.9,VENTURE,E,28120,17.93,1.122,N,29,0
55,46289,OWN,0.2,HOMEIMPROVEMENT,B,18719,9.4,0.404,N,15,0
55,31801,OWN,13.1,HOMEIMPROVEMENT,B,16695,11.56,0.525,Y,9,1
45,31841,RENT,1.0,VENTURE,E,5695,21.27,0.179,Y,28,1
62,131872,RENT,12.2,MEDICAL,F,20801,22.6,0.158,N,25,1
46,78620,OWN,0.3,VENTURE,A,4262,7.42,0.054,Y,15,0
24,42674,RENT,14.8,HOMEIMPROVEMENT,E,15549,19.82,0.364,Y,10,1
39,70942,MORTGAGE,1.1,PERSONAL,A,26571,6.18,0.375,N,12,0
30,38903,OTHER,1.8,MEDICAL,B,23364,11.67,0.601,Y,12,1
29,52098,OTHER,3.4,DEBTCONSOLIDATION,D,32149,14.28,0.617,Y,21,0
59,62498,MORTGAGE,2.4,VENTURE,D,13876,15.45,0.222,N,22,0
57,38961,RENT,5.5,HOMEIMPROVEMENT,C,34830,,0.894,N,17,1
25,33627,RENT,18.4,DEBTCONSOLIDATION,A,13723,,0.408,N,13,0
27,96101,OWN,4.7,HOMEIMPROVEMENT,A,9129,9.96,0.095,N,8,0
42,68717,OWN,6.4,HOMEIMPROVEMENT,E,7955,19.8,0.116,N,4,0
45,14185,MORTGAGE,0.5,PERSONAL,A,16692,8.18,1.177,Y,13,0
65,33945,MORTGAGE,4.9,MEDICAL,A,22769,6.09,0.671,N,7,1
62,31898,MORTGAGE,3.0,VENTURE,D,24392,17.16,0.765,Y,20,1
31,34834,MORTGAGE,10.8,MEDICAL,C,14336,13.97,0.412,N,5,0
45,78772,MORTGAGE,2.5,HOMEIMPROVEMENT,B,27537,,0.35,N,11,0
32,49541,MORTGAGE,5.7,PERSONAL,A,5883,5.0,0.119,N,9,0
59,22827,MORTGAGE,1.3,DEBTCONSOLIDATION,E,17775,18.06,0.779,N,11,1
37,39704,RENT,1.5,PERSONAL,G,28506,25.4,0.718,N,17,0
44,66036,MORTGAGE,2.4,HOMEIMPROVEMENT,A,33098,7.44,0.501,N,12,0
52,43442,MORTGAGE,1.8,MEDICAL,C,13947,12.95,0.321,Y,5,0
59,34386,RENT,1.5,DEBTCONSOLIDATION,A,33584,5.17,0.977,N,28,1
62,58816,MORTGAGE,0.3,MEDICAL,D,15298,,0.26,N,29,1
31,119372,MORTGAGE,9.1,PERSONAL,B,17983,10.37,0.151,Y,14,0
63,63182,OWN,0.3,DEBTCONSOLIDATION,C,19351,13.0,0.306,N,29,0
55,100259,RENT,10.9,EDUCATION,C,24414,12.96,0.244,N,21,0
23,35678,MORTGAGE,0.7,PERSONAL,C,12209,14.13,0.342,N,24,0
24,48795,RENT,0.3,DEBTCONSOLIDATION,D,11108,15.82,0.228,N,4,0
56,48257,OWN,4.1,PERSONAL,B,529,8.5,0.011,N,29,0
27,52327,RENT,3.5,VENTURE,D,934,17.68,0.018,N,4,0
61,62460,MORTGAGE,,PERSONAL,B,26271,11.62,0.421,N,28,0
47,29571,MORTGAGE,4.3,EDUCATION,A,14302,6.95,0.484,N,18,0
50,69984,RENT,1.7,DEBTCONSOLIDATION,B,20425,11.05,0.292,Y,8,1
28,20023,OWN,5.4,DEBTCONSOLIDATION,B,26525,8.17,1.325,N,12,1
48,23513,OWN,3.5,PERSONAL,B,21366,9.83,0.909,N,5,0
33,158671,RENT,2.0,MEDICAL,D,14327,13.94,0.09,N,17,0
59,37028,RENT,8.8,VENTURE,C,4054,14.35,0.109,N,8,0
60,73220,RENT,6.5,VENTURE,E,23906,17.2,0.326,N,17,0
41,124749,RENT,2.5,PERSONAL,B,11452,9.51,0.092,N,19,0
30,13726,OWN,9.4,VENTURE,A,11195,7.26,0.816,N,22,1
42,91074,OWN,12.6,VENTURE,A,4757,7.99,0.052,N,13,0
20,70046,RENT,3.8,PERSONAL,E,20262,19.63,0.289,N,24,0
65,120839,MORTGAGE,1.2,EDUCATION,A,27874,8.37,0.231,N,29,0
56,25595,MORTGAGE,12.4,DEBTCONSOLIDATION,A,26514,7.96,1.036,N,29,0
40,108900,RENT,1.1,PERSONAL,A,29787,8.57,0.274,N,10,1
45,32640,RENT,0.2,MEDICAL,B,33606,7.89,1.03,N,11,1
65,87564,RENT,2.0,HOMEIMPROVEMENT,C,11615,12.42,0.133,Y,5,0
55,48059,MORTGAGE,6.5,EDUCATION,A,5839,7.54,0.121,N,7,0
42,74901,MORTGAGE,12.8,PERSONAL,B,2908,11.89,0.039,N,20,0
20,50356,MORTGAGE,5.1,EDUCATION,B,11525,9.39,0.229,N,19,1
59,17824,RENT,15.2,HOMEIMPROVEMENT,D,6668,18.36,0.374,N,27,1
34,8810,MORTGAGE,0.5,VENTURE,D,18813,16.42,2.135,N,13,1
40,55020,MORTGAGE,0.3,VENTURE,C,19384,12.15,0.352,N,28,0
28,42401,OWN,4.6,HOMEIMPROVEMENT,B,24258,8.61,0.572,N,19,0
28,61023,RENT,16.9,VENTURE,A,27148,7.88,0.445,N,22,0
29,42672,OWN,3.5,EDUCATION,D,9799,15.23,0.23,N,4,0
45,148738,OWN,0.3,VENTURE,B,19179,9.67,0.129,N,19,0
60,55647,RENT,1.3,HOMEIMPROVEMENT,B,7915,10.19,0.142,N,3,1
54,38337,RENT,1.4,HOMEIMPROVEMENT,E,7718,19.24,0.201,Y,20,0
44,59015,OWN,2.1,DEBTCONSOLIDATION,F,7592,,0.129,Y,18,1
45,38724,MORTGAGE,0.2,HOMEIMPROVEMENT,E,19108,19.47,0.493,N,12,0
30,51591,OWN,11.8,MEDICAL,G,6768,24.27,0.131,N,14,1
57,25094,MORTGAGE,3.6,EDUCATION,E,25241,18.1,1.006,N,25,1
21,48789,MORTGAGE,5.6,HOMEIMPROVEMENT,C,12111,15.0,0.248,N,10,0
26,37691,RENT,,DEBTCONSOLIDATION,B,17765,9.38,0.471,N,29,0
37,26436,RENT,0.3,EDUCATION,F,6433,22.7,0.243,N,18,1
46,145314,OWN,4.4,DEBTCONSOLIDATION,E,7914,19.23,0.054,N,14,0
53,27009,RENT,10.9,MEDICAL,A,4665,7.5,0.173,N,22,0
46,49208,RENT,3.8,EDUCATION,B,6637,11.68,0.135,N,25,1
36,31522,MORTGAGE,10.5,PERSONAL,A,33790,7.34,1.072,N,14,0
62,57720,MORTGAGE,8.3,MEDICAL,F,32326,22.98,0.56,N,3,1
63,24320,RENT,0.4,MEDICAL,C,14810,13.37,0.609,Y,18,0
43,77823,RENT,1.1,VENTURE,A,3629,6.46,0.047,N,6,0
44,150224,MORTGAGE,,HOMEIMPROVEMENT,B,19865,10.59,0.132,N,15,0
26,30892,RENT,,MEDICAL,G,23212,24.22,0.751,N,18,1
25,95734,MORTGAGE,1.7,EDUCATION,C,13888,11.6,0.145,N,7,0
43,39734,RENT,2.7,PERSONAL,B,34362,,0.865,Y,10,1
52,112216,OWN,2.9,EDUCATION,B,18023,10.56,0.161,N,25,0
48,163353,MORTGAGE,12.1,EDUCATION,A,28332,7.43,0.173,N,13,0
62,43107,MORTGAGE,0.5,PERSONAL,A,6966,6.97,0.162,N,23,0
41,21244,RENT,1.6,DEBTCONSOLIDATION,C,8706,12.91,0.41,N,21,0
45,82573,MORTGAGE,,VENTURE,B,15687,8.7,0.19,N,24,0
47,55460,RENT,6.0,HOMEIMPROVEMENT,B,34806,7.77,0.628,N,13,1
40,64600,RENT,5.0,MEDICAL,C,7042,14.07,0.109,N,23,0
26,40663,MORTGAGE,14.2,HOMEIMPROVEMENT,A,8079,8.05,0.199,N,8,0
36,30137,MORTGAGE,7.9,VENTURE,F,26786,21.7,0.889,N,19,1
39,92799,MORTGAGE,4.1,DEBTCONSOLIDATION,B,5511,11.77,0.059,N,24,0
60,58447,RENT,,PERSONAL,A,13822,7.6,0.236,N,27,0
39,22159,RENT,,HOMEIMPROVEMENT,A,27314,7.41,1.233,N,21,0
41,71523,OTHER,5.9,EDUCATION,A,6135,9.42,0.086,N,6,0
47,64048,MORTGAGE,9.1,MEDICAL,A,7494,5.49,0.117,Y,12,0
59,40990,MORTGAGE,16.1,MEDICAL,B,28713,9.94,0.7,N,15,0
26,119479,MORTGAGE,4.7,DEBTCONSOLIDATION,D,4751,14.98,0.04,N,8,0
20,34891,RENT,3.7,VENTURE,A,14403,6.56,0.413,N,27,1
51,44670,MORTGAGE,0.1,VENTURE,B,19860,9.92,0.445,Y,12,1
32,74813,RENT,0.4,PERSONAL,E,25390,18.95,0.339,N,3,1
49,51134,MORTGAGE,0.8,VENTURE,B,30374,8.71,0.594,N,18,0
42,22892,MORTGAGE,0.3,HOMEIMPROVEMENT,D,17019,16.08,0.743,N,16,0
38,54235,OWN,2.6,MEDICAL,A,11643,6.01,0.215,N,22,0
51,39029,MORTGAGE,2.1,PERSONAL,A,7156,8.44,0.183,N,27,0
49,78538,RENT,5.1,VENTURE,B,31710,10.92,0.404,N,2,0
48,53272,MORTGAGE,,EDUCATION,A,33123,7.41,0.622,N,14,0
64,51636,RENT,4.5,MEDICAL,E,24020,,0.465,N,7,1
48,27541,RENT,3.2,PERSONAL,A,6576,,0.239,N,3,0
49,43195,RENT,1.6,MEDICAL,C,13255,13.85,0.307,N,3,0
35,83579,MORTGAGE,15.3,HOMEIMPROVEMENT,C,3269,12.59,0.039,N,21,0
59,31981,RENT,0.5,DEBTCONSOLIDATION,A,29198,5.09,0.913,N,11,0
38,48151,MORTGAGE,14.0,VENTURE,D,15751,16.86,0.327,Y,19,0
37,29288,OWN,1.9,DEBTCONSOLIDATION,B,9689,10.64,0.331,Y,26,0
20,25562,MORTGAGE,3.6,VENTURE,C,15577,13.39,0.609,N,13,0
33,46785,RENT,0.6,VENTURE,D,16387,15.09,0.35,Y,20,1
21,53938,RENT,0.4,EDUCATION,B,14857,11.15,0.275,N,14,0
47,146770,MORTGAGE,2.8,HOMEIMPROVEMENT,B,2219,11.38,0.015,N,9,0
49,38158,OWN,6.8,EDUCATION,A,29035,7.34,0.761,N,24,0
57,47686,RENT,1.6,HOMEIMPROVEMENT,A,31657,6.52,0.664,N,28,0
23,24648,MORTGAGE,4.1,HOMEIMPROVEMENT,A,21887,6.55,0.888,Y,17,0
20,68646,MORTGAGE,1.6,HOMEIMPROVEMENT,F,12801,21.53,0.186,Y,12,1
27,61019,MORTGAGE,,VENTURE,B,5841,9.47,0.096,N,24,0
48,111147,OWN,11.8,VENTURE,A,2526,6.58,0.023,N,21,0
58,90345,MORTGAGE,9.7,VENTURE,A,4839,7.39,0.054,N,5,0
22,59472,OWN,3.6,EDUCATION,B,1798,11.08,0.03,N,29,0
51,37852,RENT,1.4,PERSONAL,A,34880,8.74,0.921,N,18,0
29,54861,MORTGAGE,1.1,DEBTCONSOLIDATION,B,33375,8.9,0.608,N,9,0
29,46117,MORTGAGE,15.4,HOMEIMPROVEMENT,A,1853,6.1,0.04,N,2,0
38,82815,RENT,,EDUCATION,A,34914,8.01,0.422,N,21,0
65,77221,MORTGAGE,,VENTURE,C,4720,11.9,0.061,N,4,0
53,41646,RENT,2.3,DEBTCONSOLIDATION,E,18000,17.61,0.432,N,14,1
52,21936,RENT,21.2,VENTURE,B,3520,8.87,0.16,N,2,0
42,102064,RENT,2.3,PERSONAL,D,736,15.79,0.007,N,24,0
47,67509,MORTGAGE,2.2,VENTURE,A,14130,8.96,0.209,N,24,0
51,41121,OWN,5.1,HOMEIMPROVEMENT,D,12797,15.85,0.311,N,3,1
26,66077,MORTGAGE,16.3,MEDICAL,A,15603,7.33,0.236,N,27,0
48,51081,MORTGAGE,18.7,DEBTCONSOLIDATION,D,16769,14.56,0.328,N,6,0
27,101239,RENT,6.1,VENTURE,E,10522,20.29,0.104,N,9,0
20,16960,OWN,7.0,PERSONAL,D,18835,17.05,1.111,N,18,1
22,39400,MORTGAGE,4.1,DEBTCONSOLIDATION,D,10819,15.44,0.275,N,26,0
43,118122,MORTGAGE,7.0,MEDICAL,C,28247,,0.239,Y,24,0
42,66820,MORTGAGE,9.8,DEBTCONSOLIDATION,A,27146,8.15,0.406,N,24,0
27,129953,RENT,3.3,HOMEIMPROVEMENT,C,22605,12.73,0.174,Y,29,0
56,25034,MORTGAGE,4.8,HOMEIMPROVEMENT,B,19417,9.2,0.776,N,3,0
22,88407,OWN,3.9,HOMEIMPROVEMENT,A,13830,6.56,0.156,N,9,0
52,85538,RENT,4.1,PERSONAL,B,28638,10.29,0.335,Y,12,0
47,19439,MORTGAGE,11.0,MEDICAL,C,22113,13.88,1.138,Y,29,1
27,41667,OWN,2.2,HOMEIMPROVEMENT,A,15714,7.39,0.377,N,20,0
53,46231,RENT,1.2,VENTURE,C,30168,13.33,0.653,N,14,0
54,20115,OWN,3.0,MEDICAL,C,841,12.71,0.042,N,27,0
51,42149,OWN,1.2,HOMEIMPROVEMENT,A,29093,7.17,0.69,N,8,0
43,79241,MORTGAGE,3.4,MEDICAL,B,30528,,0.385,Y,20,0
33,39537,RENT,11.7,DEBTCONSOLIDATION,F,17930,21.68,0.453,N,7,1
51,56003,RENT,4.8,VENTURE,E,1520,20.71,0.027,N,14,1
65,56227,RENT,9.7,EDUCATION,B,31033,10.05,0.552,N,18,0
62,48694,MORTGAGE,0.9,HOMEIMPROVEMENT,B,28387,9.56,0.583,N,21,0
35,33261,MORTGAGE,11.6,VENTURE,A,2742,6.19,0.082,N,26,0
23,70428,MORTGAGE,4.6,PERSONAL,A,9402,5.0,0.133,N,24,0
56,20478,RENT,0.2,DEBTCONSOLIDATION,B,28136,12.5,1.374,N,24,1
40,49252,RENT,5.0,HOMEIMPROVEMENT,F,3057,24.63,0.062,N,5,0
33,105031,MORTGAGE,15.1,EDUCATION,F,22226,22.75,0.212,Y,27,1
50,38328,MORTGAGE,0.4,DEBTCONSOLIDATION,D,6047,14.76,0.158,N,12,0
37,32858,OWN,4.4,VENTURE,B,30650,,0.933,N,18,0
26,73059,MORTGAGE,12.4,DEBTCONSOLIDATION,A,30165,5.32,0.413,N,2,0
29,53631,MORTGAGE,0.0,VENTURE,C,30203,13.47,0.563,N,12,0
26,73865,MORTGAGE,5.0,MEDICAL,C,14693,,0.199,N,20,0
52,50069,MORTGAGE,3.2,HOMEIMPROVEMENT,B,13071,,0.261,N,14,0
42,13179,RENT,2.1,EDUCATION,C,10208,13.28,0.775,N,29,0
40,93803,OWN,4.9,PERSONAL,D,13226,16.43,0.141,N,24,1
38,153049,MORTGAGE,0.3,MEDICAL,D,6966,16.14,0.046,N,15,0
38,99331,RENT,7.0,HOMEIMPROVEMENT,B,22720,11.79,0.229,N,17,0
55,8000,RENT,0.0,EDUCATION,D,22938,15.94,2.867,N,15,1
48,62824,RENT,1.8,MEDICAL,A,7358,7.97,0.117,N,8,0
37,37922,MORTGAGE,3.5,EDUCATION,C,24196,12.06,0.638,N,6,0
21,27001,RENT,2.4,DEBTCONSOLIDATION,A,20225,8.55,0.749,N,10,0
20,52444,RENT,1.8,EDUCATION,A,29126,8.66,0.555,N,12,0
24,45165,MORTGAGE,8.9,MEDICAL,A,18526,,0.41,N,19,0
39,64845,RENT,13.7,MEDICAL,A,31039,7.45,0.479,N,10,0
30,50570,MORTGAGE,10.3,HOMEIMPROVEMENT,G,17736,,0.351,Y,10,1
61,26464,MORTGAGE,3.7,MEDICAL,B,3600,9.74,0.136,Y,7,0
21,35698,MORTGAGE,10.8,DEBTCONSOLIDATION,E,22223,19.88,0.623,N,21,1
22,32667,RENT,12.7,HOMEIMPROVEMENT,A,7716,7.58,0.236,Y,22,1
42,19071,RENT,2.6,EDUCATION,A,18924,5.0,0.992,N,7,0
31,23054,RENT,1.7,MEDICAL,C,5621,11.64,0.244,N,5,0
39,43647,MORTGAGE,0.5,HOMEIMPROVEMENT,B,569,9.29,0.013,N,26,0
24,107265,MORTGAGE,3.3,HOMEIMPROVEMENT,C,5300,13.26,0.049,N,12,0
56,36513,RENT,14.6,PERSONAL,B,24904,8.9,0.682,N,3,1
57,32319,MORTGAGE,4.1,HOMEIMPROVEMENT,D,17800,14.3,0.551,N,13,0
49,25598,RENT,,HOMEIMPROVEMENT,B,31711,6.84,1.239,N,9,1
28,49851,OTHER,0.6,PERSONAL,C,1550,15.5,0.031,N,26,0
53,93769,OWN,,VENTURE,B,18098,10.24,0.193,N,14,0
63,147484,MORTGAGE,3.1,DEBTCONSOLIDATION,C,2314,11.27,0.016,N,5,0
54,57352,MORTGAGE,15.1,MEDICAL,C,21847,14.24,0.381,N,10,0
41,52944,MORTGAGE,2.2,PERSONAL,B,1581,11.79,0.03,Y,17,0
63,36355,MORTGAGE,10.5,HOMEIMPROVEMENT,A,32905,7.26,0.905,Y,3,1
43,39850,MORTGAGE,0.6,HOMEIMPROVEMENT,C,7172,13.75,0.18,Y,20,1
36,69289,OWN,4.8,MEDICAL,F,9616,23.57,0.139,N,27,1
29,41225,MORTGAGE,4.6,DEBTCONSOLIDATION,A,21475,7.73,0.521,N,6,1
49,44835,MORTGAGE,9.8,EDUCATION,D,16658,16.76,0.372,N,21,0
65,48342,MORTGAGE,0.0,PERSONAL,C,18989,,0.393,N,15,0
42,35420,MORTGAGE,,VENTURE,B,1028,6.72,0.029,N,12,0
51,47040,MORTGAGE,1.2,MEDICAL,F,25610,23.03,0.544,N,4,0
36,16144,RENT,15.0,MEDICAL,C,21461,12.73,1.329,N,21,1
36,66294,RENT,0.8,PERSONAL,D,19653,15.45,0.296,N,26,0
33,178701,RENT,,HOMEIMPROVEMENT,B,8904,11.17,0.05,N,10,0
28,36184,MORTGAGE,3.8,HOMEIMPROVEMENT,A,2695,5.85,0.074,N,6,0
59,60211,MORTGAGE,3.8,VENTURE,C,23287,12.96,0.387,N,24,0
21,78305,OTHER,9.3,PERSONAL,E,21310,19.07,0.272,Y,25,0
64,99123,MORTGAGE,14.9,MEDICAL,D,24416,16.83,0.246,Y,19,0
44,42388,MORTGAGE,3.9,PERSONAL,A,27663,7.41,0.653,N,10,0
58,18181,RENT,13.3,EDUCATION,B,33947,10.41,1.867,N,10,1
28,56782,MORTGAGE,6.5,MEDICAL,B,23064,9.51,0.406,N,3,0
41,52614,MORTGAGE,1.5,VENTURE,C,11485,12.55,0.218,N,7,0
62,40533,MORTGAGE,13.2,VENTURE,A,15842,7.41,0.391,N,5,0
65,45550,RENT,5.5,MEDICAL,A,18086,6.4,0.397,Y,28,0
23,53051,MORTGAGE,2.7,HOMEIMPROVEMENT,D,8748,15.01,0.165,N,2,0
45,59812,MORTGAGE,5.7,MEDICAL,D,24796,17.54,0.415,N,28,1
48,58448,MORTGAGE,2.6,MEDICAL,D,33851,15.19,0.579,N,14,0
64,43489,OWN,0.6,EDUCATION,E,5730,18.45,0.132,N,6,1
53,60557,OWN,6.3,MEDICAL,B,3110,11.47,0.051,N,15,0
42,41908,OTHER,8.7,DEBTCONSOLIDATION,D,11489,15.17,0.274,N,29,0
56,69780,MORTGAGE,,DEBTCONSOLIDATION,C,9598,,0.138,N,15,0
30,34714,OTHER,1.3,PERSONAL,F,2501,22.49,0.072,N,20,1
25,51030,MORTGAGE,15.7,PERSONAL,A,34572,6.89,0.677,N,2,0
37,20069,RENT,0.1,VENTURE,A,8621,6.53,0.43,N,19,0
40,39996,RENT,2.0,HOMEIMPROVEMENT,C,3139,11.65,0.078,N,8,0
61,66977,RENT,1.5,VENTURE,E,12055,19.75,0.18,Y,18,1
55,27762,RENT,0.2,EDUCATION,D,3592,17.32,0.129,Y,4,1
60,41107,RENT,2.6,MEDICAL,C,22343,14.2,0.544,N,28,0
57,13058,RENT,,VENTURE,B,34863,10.45,2.67,N,2,1
53,23099,MORTGAGE,10.7,MEDICAL,C,9445,,0.409,N,2,1
36,26673,RENT,22.9,VENTURE,D,1142,16.92,0.043,N,13,1
56,51842,RENT,8.3,MEDICAL,D,27564,15.87,0.532,N,14,0
44,58886,MORTGAGE,3.2,VENTURE,C,21193,,0.36,N,25,0
57,47532,MORTGAGE,6.4,DEBTCONSOLIDATION,A,21107,7.79,0.444,Y,23,1
31,39718,OTHER,9.3,DEBTCONSOLIDATION,C,18526,13.27,0.466,N,5,1
42,39794,MORTGAGE,3.1,DEBTCONSOLIDATION,B,14264,11.21,0.358,Y,16,0
61,72680,MORTGAGE,7.7,PERSONAL,F,12081,22.41,0.166,N,25,0
41,55108,RENT,3.3,EDUCATION,C,20824,12.68,0.378,N,24,0
40,40795,RENT,2.4,VENTURE,C,6406,12.58,0.157,N,26,0
46,99839,RENT,3.7,PERSONAL,G,14128,25.73,0.142,N,18,1
50,143270,RENT,5.6,HOMEIMPROVEMENT,A,3064,,0.021,N,27,0
25,24706,OTHER,6.5,VENTURE,A,3590,6.4,0.145,N,22,0
46,65341,RENT,2.2,MEDICAL,C,9746,10.37,0.149,N,7,1
59,268186,RENT,4.2,EDUCATION,B,29126,10.51,0.109,Y,23,0
53,57188,RENT,12.0,PERSONAL,B,2014,10.77,0.035,N,27,1
31,52234,MORTGAGE,18.7,PERSONAL,E,7517,18.08,0.144,N,14,0
64,47540,RENT,1.3,EDUCATION,C,18756,11.69,0.395,N,8,1
26,64189,MORTGAGE,1.1,VENTURE,A,16717,8.14,0.26,N,6,0
29,74250,RENT,5.6,MEDICAL,B,19568,9.14,0.264,N,12,0
64,24720,RENT,2.7,HOMEIMPROVEMENT,A,16187,7.77,0.655,N,6,0
36,48311,RENT,0.1,VENTURE,C,7515,12.98,0.156,N,2,0
45,14069,MORTGAGE,2.1,EDUCATION,A,15584,6.37,1.108,N,14,0
40,43690,RENT,8.2,VENTURE,D,1821,16.7,0.042,N,13,0
47,29837,MORTGAGE,8.0,VENTURE,C,20098,13.04,0.674,N,28,1
65,59074,MORTGAGE,3.4,EDUCATION,A,12298,8.79,0.208,Y,27,1
21,19712,MORTGAGE,3.2,EDUCATION,B,25344,9.12,1.286,N,15,0
62,36983,RENT,4.3,HOMEIMPROVEMENT,C,10177,11.41,0.275,N,22,0
20,83416,RENT,1.2,EDUCATION,B,23975,9.98,0.287,N,27,0
55,33793,RENT,3.7,EDUCATION,B,14230,,0.421,N,2,0
45,17193,MORTGAGE,0.1,EDUCATION,E,30683,18.77,1.785,N,27,1
48,56480,MORTGAGE,3.2,PERSONAL,B,4682,12.16,0.083,Y,14,0
40,35504,MORTGAGE,2.0,EDUCATION,B,27931,11.46,0.787,N,19,0
30,44256,MORTGAGE,5.6,EDUCATION,D,33977,15.37,0.768,N,18,1
59,32812,MORTGAGE,5.1,EDUCATION,B,17616,10.08,0.537,N,9,0
30,145207,MORTGAGE,2.4,HOMEIMPROVEMENT,A,30493,5.0,0.21,N,9,0
55,20807,RENT,0.0,VENTURE,A,18708,8.26,0.899,N,9,0
58,232913,MORTGAGE,1.5,EDUCATION,F,5012,21.18,0.022,N,27,0
59,39543,RENT,,EDUCATION,E,14065,19.24,0.356,N,27,0
54,54224,MORTGAGE,0.4,HOMEIMPROVEMENT,A,32142,,0.593,N,18,0
53,35734,RENT,0.6,VENTURE,C,22766,11.21,0.637,N,21,0
43,34921,RENT,5.2,HOMEIMPROVEMENT,A,27491,8.0,0.787,N,13,1
41,31835,OWN,7.0,DEBTCONSOLIDATION,C,3596,11.73,0.113,N,12,0
24,68233,MORTGAGE,1.9,MEDICAL,A,31352,6.38,0.459,N,18,0
52,22562,RENT,3.4,MEDICAL,A,20198,8.02,0.895,N,21,0
55,59889,RENT,14.6,MEDICAL,D,31281,14.83,0.522,N,8,0
39,14743,MORTGAGE,14.6,EDUCATION,B,9143,,0.62,N,11,0
38,56979,OWN,1.8,HOMEIMPROVEMENT,A,17985,5.82,0.316,N,24,0
54,78200,MORTGAGE,8.3,EDUCATION,D,11415,14.6,0.146,N,18,0
62,24319,OTHER,4.5,MEDICAL,D,29013,16.06,1.193,N,27,1
36,71204,RENT,18.5,VENTURE,C,19325,14.96,0.271,N,19,0
64,50425,MORTGAGE,3.2,VENTURE,E,18022,,0.357,N,28,0
62,118081,MORTGAGE,7.5,DEBTCONSOLIDATION,B,9289,11.18,0.079,N,23,0
53,30626,MORTGAGE,7.3,HOMEIMPROVEMENT,A,14351,5.39,0.469,N,28,1
28,230681,RENT,3.4,DEBTCONSOLIDATION,A,29359,,0.127,N,23,0
45,13161,MORTGAGE,7.9,VENTURE,B,15844,9.64,1.204,N,18,0
21,40895,MORTGAGE,1.5,MEDICAL,A,28198,5.49,0.69,N,21,0
28,19260,MORTGAGE,0.7,DEBTCONSOLIDATION,C,12131,11.09,0.63,N,12,0
28,135683,MORTGAGE,2.8,DEBTCONSOLIDATION,A,25999,6.71,0.192,N,10,0
59,42449,MORTGAGE,14.4,DEBTCONSOLIDATION,B,30953,11.9,0.729,N,9,1
36,44603,MORTGAGE,3.5,HOMEIMPROVEMENT,A,5223,7.26,0.117,N,12,0
20,62553,RENT,5.0,HOMEIMPROVEMENT,B,11508,,0.184,N,5,0
44,48891,RENT,4.9,MEDICAL,C,11762,10.56,0.241,Y,20,0
62,35363,MORTGAGE,0.7,MEDICAL,B,26076,9.55,0.737,N,9,0
59,24559,OWN,2.5,MEDICAL,B,8066,9.47,0.328,N,10,0
61,53781,RENT,6.1,DEBTCONSOLIDATION,G,9932,25.46,0.185,N,15,1
44,60376,MORTGAGE,17.9,MEDICAL,C,15902,,0.263,N,15,0
58,71858,RENT,0.9,HOMEIMPROVEMENT,B,9147,,0.127,N,2,0
54,140364,RENT,2.6,VENTURE,C,28762,13.92,0.205,N,27,0
22,14830,MORTGAGE,,MEDICAL,C,15728,12.92,1.061,N,16,0
56,47228,MORTGAGE,1.4,PERSONAL,A,20978,6.93,0.444,N,9,0
63,94415,RENT,2.4,HOMEIMPROVEMENT,A,26598,,0.282,N,6,0
63,45775,MORTGAGE,3.9,EDUCATION,C,10977,10.91,0.24,N,20,0
49,13548,MORTGAGE,1.3,VENTURE,B,8606,,0.635,Y,17,0
57,24099,OWN,1.3,HOMEIMPROVEMENT,A,14401,9.04,0.598,N,11,0
53,58730,RENT,7.5,MEDICAL,B,32838,10.07,0.559,N,12,0
31,57567,MORTGAGE,16.4,DEBTCONSOLIDATION,A,27865,6.06,0.484,N,6,0
38,70961,RENT,2.0,PERSONAL,E,26196,18.99,0.369,Y,11,0
56,31902,RENT,5.8,EDUCATION,A,32417,6.48,1.016,Y,17,1
63,56553,MORTGAGE,1.5,VENTURE,A,21631,7.03,0.382,N,5,1
36,29137,MORTGAGE,13.2,MEDICAL,C,9564,12.63,0.328,N,2,1
29,56555,RENT,5.6,HOMEIMPROVEMENT,B,26160,,0.463,Y,25,1
31,50476,OWN,8.1,HOMEIMPROVEMENT,C,10780,13.11,0.214,N,16,0
35,31211,MORTGAGE,0.3,VENTURE,B,28641,12.67,0.918,N,8,1
43,115497,MORTGAGE,4.6,PERSONAL,B,23687,8.4,0.205,N,28,0
38,19185,MORTGAGE,3.7,DEBTCONSOLIDATION,D,6433,17.32,0.335,N,21,0
27,45347,RENT,1.7,MEDICAL,A,29136,7.48,0.643,Y,5,1
50,30834,MORTGAGE,1.5,VENTURE,B,27418,8.9,0.889,N,15,0
40,134431,RENT,4.3,VENTURE,F,12770,20.39,0.095,Y,6,1
36,68126,OWN,6.1,HOMEIMPROVEMENT,A,33001,7.32,0.484,N,18,0
42,34299,RENT,0.2,VENTURE,B,14107,10.43,0.411,N,5,0
56,42030,RENT,4.2,EDUCATION,A,5798,,0.138,N,6,0
35,136447,MORTGAGE,0.9,EDUCATION,A,27381,8.11,0.201,N,25,0
25,29130,RENT,0.8,MEDICAL,A,27853,6.41,0.956,N,18,0
27,18574,RENT,,VENTURE,A,3878,7.59,0.209,N,12,0
44,57529,MORTGAGE,1.9,HOMEIMPROVEMENT,A,32363,7.84,0.563,Y,5,0
37,58250,OWN,2.9,DEBTCONSOLIDATION,B,26363,,0.453,N,27,1
44,70708,MORTGAGE,,MEDICAL,A,26650,5.81,0.377,N,27,0
31,70965,RENT,5.2,PERSONAL,D,34886,18.41,0.492,N,16,0
34,129817,RENT,3.2,HOMEIMPROVEMENT,D,9347,14.9,0.072,N,8,0
45,19053,RENT,16.5,PERSONAL,B,33662,,1.767,N,6,1
60,25297,MORTGAGE,2.2,MEDICAL,G,33739,24.4,1.334,N,15,1
64,70559,MORTGAGE,6.7,EDUCATION,C,30572,13.06,0.433,N,2,0
45,26686,RENT,1.5,HOMEIMPROVEMENT,D,10409,15.85,0.39,N,8,1
51,22001,RENT,3.6,DEBTCONSOLIDATION,A,14136,,0.643,Y,14,0
29,136791,RENT,4.0,HOMEIMPROVEMENT,D,4652,17.26,0.034,N,14,0
35,20111,RENT,2.0,MEDICAL,F,32397,21.27,1.611,N,2,1
26,40408,RENT,3.2,HOMEIMPROVEMENT,A,16463,5.95,0.407,N,16,0
36,47446,MORTGAGE,1.6,HOMEIMPROVEMENT,C,25539,10.52,0.538,Y,3,1
42,100712,RENT,0.0,MEDICAL,D,17485,16.22,0.174,N,9,0
45,17538,MORTGAGE,1.2,VENTURE,B,23683,9.8,1.35,N,26,1
40,61605,MORTGAGE,6.0,MEDICAL,B,29875,10.13,0.485,Y,9,0
41,30040,RENT,7.4,HOMEIMPROVEMENT,A,30078,6.88,1.001,Y,25,0
26,69229,MORTGAGE,1.6,DEBTCONSOLIDATION,A,19357,7.91,0.28,N,15,0
33,29769,MORTGAGE,2.6,DEBTCONSOLIDATION,A,7906,6.39,0.266,N,23,0
34,116397,RENT,0.2,MEDICAL,C,30536,13.42,0.262,N,24,0
26,29865,MORTGAGE,1.4,HOMEIMPROVEMENT,C,20712,12.96,0.694,Y,5,1
28,12656,RENT,7.6,PERSONAL,E,24713,,1.953,N,29,1
27,31765,OWN,4.7,PERSONAL,C,8721,12.18,0.275,Y,14,0
42,42458,MORTGAGE,,EDUCATION,A,24465,8.1,0.576,N,6,1
48,88902,MORTGAGE,1.5,MEDICAL,A,2708,7.99,0.03,Y,15,0
37,24535,OWN,8.5,MEDICAL,E,33883,19.89,1.381,N,19,1
50,24803,MORTGAGE,1.2,PERSONAL,B,27432,9.8,1.106,N,11,0
49,83143,MORTGAGE,2.0,PERSONAL,D,22925,13.31,0.276,N,28,0
58,23008,MORTGAGE,5.5,PERSONAL,A,2681,,0.117,N,5,0
54,44425,RENT,,DEBTCONSOLIDATION,B,20907,9.68,0.471,N,8,0
37,44924,MORTGAGE,3.1,DEBTCONSOLIDATION,B,12823,8.18,0.285,Y,5,0
61,55252,RENT,11.5,EDUCATION,A,33347,,0.604,Y,23,0
58,32454,RENT,1.2,EDUCATION,D,29955,15.03,0.923,N,12,0
36,29441,MORTGAGE,6.8,VENTURE,B,29608,9.67,1.006,N,12,1
33,58935,RENT,0.9,DEBTCONSOLIDATION,B,22123,12.08,0.375,N,13,0
50,29947,RENT,,MEDICAL,D,13020,17.24,0.435,N,25,0
43,23202,MORTGAGE,10.2,EDUCATION,B,946,10.42,0.041,N,16,0
54,96306,RENT,3.1,HOMEIMPROVEMENT,A,31646,7.27,0.329,N,6,0
63,64116,RENT,6.4,MEDICAL,F,13755,21.09,0.215,Y,9,0
64,129589,MORTGAGE,8.6,VENTURE,A,26127,7.91,0.202,Y,21,0
53,75446,MORTGAGE,0.7,PERSONAL,D,10285,16.26,0.136,Y,12,0
22,24404,MORTGAGE,6.1,VENTURE,D,34246,15.84,1.403,N,19,1
56,51689,MORTGAGE,12.6,MEDICAL,A,33296,,0.644,Y,26,0
62,28040,MORTGAGE,4.3,PERSONAL,B,19308,,0.689,N,19,0
59,19763,MORTGAGE,1.0,VENTURE,A,18857,5.83,0.954,N,24,0
45,38331,MORTGAGE,0.7,VENTURE,B,28460,11.1,0.742,N,7,0
42,84106,MORTGAGE,1.5,MEDICAL,D,16916,15.9,0.201,N,19,0
63,57022,OWN,0.5,EDUCATION,A,5555,7.1,0.097,Y,20,0
58,22811,RENT,3.6,HOMEIMPROVEMENT,A,9987,5.42,0.438,N,29,0
34,37598,RENT,0.4,VENTURE,B,19432,8.46,0.517,N,15,0
23,45316,RENT,1.3,HOMEIMPROVEMENT,C,5298,11.25,0.117,N,12,0
48,19360,MORTGAGE,2.9,DEBTCONSOLIDATION,C,18825,15.87,0.972,Y,28,1
41,72565,RENT,3.2,DEBTCONSOLIDATION,D,11845,18.72,0.163,N,8,0
44,43225,MORTGAGE,4.2,MEDICAL,C,3717,10.96,0.086,N,15,0
32,22814,MORTGAGE,6.1,MEDICAL,D,23596,14.18,1.034,N,17,0
37,22115,MORTGAGE,0.2,EDUCATION,A,29901,6.39,1.352,N,23,1
52,89802,RENT,0.4,PERSONAL,C,27803,14.33,0.31,Y,14,1
35,39757,MORTGAGE,0.3,HOMEIMPROVEMENT,B,21898,10.75,0.551,N,7,0
64,94343,RENT,2.8,VENTURE,F,29824,24.6,0.316,N,24,0
61,116388,MORTGAGE,0.2,PERSONAL,B,3743,9.63,0.032,N,16,0
63,86020,MORTGAGE,6.9,DEBTCONSOLIDATION,F,5484,21.16,0.064,Y,6,0
21,36556,RENT,1.3,DEBTCONSOLIDATION,D,24061,,0.658,N,18,1
54,12409,OWN,14.0,HOMEIMPROVEMENT,C,33597,12.79,2.707,Y,6,1
61,58229,RENT,3.3,HOMEIMPROVEMENT,B,23475,9.97,0.403,N,26,0
53,154873,OTHER,3.0,PERSONAL,B,2763,10.13,0.018,N,19,0
49,48075,RENT,7.6,PERSONAL,B,5872,12.54,0.122,N,11,0
32,16409,RENT,6.2,EDUCATION,B,21309,,1.299,Y,20,1
32,33820,RENT,4.7,VENTURE,E,31176,17.72,0.922,N,3,1
37,44309,RENT,13.7,VENTURE,D,34350,15.65,0.775,N,22,0
51,26798,MORTGAGE,2.7,VENTURE,D,6819,16.87,0.254,N,17,1
51,11966,MORTGAGE,,DEBTCONSOLIDATION,B,13082,10.72,1.093,N,22,1
54,46452,MORTGAGE,2.4,DEBTCONSOLIDATION,A,15142,7.66,0.326,N,14,0
58,31834,RENT,9.1,PERSONAL,C,20773,10.96,0.653,N,29,0
65,129959,RENT,1.5,EDUCATION,B,4956,8.13,0.038,N,22,0
48,51821,MORTGAGE,1.7,MEDICAL,E,2289,18.84,0.044,N,23,0
48,63466,RENT,5.7,EDUCATION,D,7733,16.54,0.122,N,20,0
63,45912,MORTGAGE,1.2,DEBTCONSOLIDATION,A,19501,6.0,0.425,N,25,1
35,51614,MORTGAGE,1.3,PERSONAL,C,19364,14.79,0.375,N,4,0
63,19756,RENT,,EDUCATION,C,22035,13.65,1.115,N,19,1
29,27664,MORTGAGE,5.7,PERSONAL,C,28141,12.38,1.017,N,26,0
49,89209,MORTGAGE,11.0,HOMEIMPROVEMENT,B,22690,,0.254,N,15,1
44,55006,MORTGAGE,,HOMEIMPROVEMENT,A,2097,6.44,0.038,N,23,0
58,39372,RENT,8.8,MEDICAL,A,2773,6.56,0.07,N,8,0
39,64048,RENT,3.9,DEBTCONSOLIDATION,D,23171,15.5,0.362,N,13,0
24,64745,RENT,0.4,HOMEIMPROVEMENT,A,26551,7.05,0.41,N,18,0
20,146530,RENT,0.5,MEDICAL,D,7389,14.71,0.05,N,13,0
49,53620,RENT,4.0,VENTURE,B,22393,10.88,0.418,N,4,0
22,27326,MORTGAGE,2.0,PERSONAL,E,34014,20.05,1.245,N,24,0
64,45998,MORTGAGE,,VENTURE,G,19293,25.8,0.419,Y,9,1
33,68470,MORTGAGE,3.1,VENTURE,C,27715,12.46,0.405,N,28,0
49,84762,RENT,5.5,MEDICAL,B,22962,9.46,0.271,N,29,0
23,20165,OWN,2.4,PERSONAL,B,5444,10.74,0.27,N,19,1
37,56361,RENT,8.1,MEDICAL,A,14293,7.26,0.254,Y,22,0
56,29926,MORTGAGE,6.7,EDUCATION,A,25938,6.04,0.867,N,22,0
44,35894,OWN,,VENTURE,C,10901,10.57,0.304,N,26,0
20,78058,MORTGAGE,21.1,PERSONAL,D,4512,15.53,0.058,N,16,0
65,73897,OTHER,1.7,VENTURE,A,22644,7.63,0.306,N,20,0
34,33759,MORTGAGE,5.2,EDUCATION,B,30769,10.59,0.911,N,14,0
28,44944,RENT,9.7,DEBTCONSOLIDATION,C,3714,11.18,0.083,Y,17,0
34,36503,RENT,4.3,EDUCATION,E,23250,20.0,0.637,N,28,0
43,240490,RENT,7.8,DEBTCONSOLIDATION,A,16735,9.22,0.07,N,16,0
23,57130,RENT,,PERSONAL,A,17454,6.58,0.306,N,12,0
31,30893,MORTGAGE,4.5,PERSONAL,E,16039,18.76,0.519,N,28,1
56,101436,RENT,0.3,EDUCATION,A,28660,6.37,0.283,N,14,0
56,103425,MORTGAGE,21.3,VENTURE,C,4395,12.58,0.042,N,22,0
62,131323,RENT,8.0,HOMEIMPROVEMENT,C,14456,14.45,0.11,N,15,0
25,154569,MORTGAGE,10.2,VENTURE,B,1322,9.06,0.009,Y,14,0
58,72348,OWN,5.9,HOMEIMPROVEMENT,B,7126,10.29,0.098,N,29,0
65,40440,RENT,1.0,MEDICAL,D,26658,15.67,0.659,N,9,1
43,43851,MORTGAGE,0.2,PERSONAL,A,32994,7.23,0.752,N,12,0
30,41745,MORTGAGE,10.0,EDUCATION,A,27365,6.66,0.656,N,15,0
32,39258,RENT,2.5,MEDICAL,B,7562,10.98,0.193,N,20,0
53,96951,MORTGAGE,1.5,VENTURE,B,21256,11.25,0.219,N,16,0
44,49040,RENT,4.1,HOMEIMPROVEMENT,C,20624,13.45,0.421,Y,23,1
26,83640,MORTGAGE,,DEBTCONSOLIDATION,E,30383,18.74,0.363,N,26,0
23,71117,MORTGAGE,5.3,PERSONAL,E,23127,19.94,0.325,N,11,1
27,26788,MORTGAGE,3.3,HOMEIMPROVEMENT,A,5672,6.1,0.212,N,5,1
39,19063,MORTGAGE,,VENTURE,B,32370,10.52,1.698,Y,8,1
48,24830,RENT,9.6,VENTURE,A,25722,6.38,1.036,N,25,0
64,38766,MORTGAGE,1.1,EDUCATION,E,12842,19.26,0.331,N,7,0
65,52779,OWN,2.0,MEDICAL,B,21556,8.85,0.408,N,2,0
29,34318,OWN,2.9,PERSONAL,B,5640,11.42,0.164,N,23,0
62,72163,MORTGAGE,16.4,EDUCATION,D,7002,14.49,0.097,N,29,0
53,36672,RENT,2.3,HOMEIMPROVEMENT,B,24811,9.85,0.677,N,21,0
45,56462,OTHER,2.4,MEDICAL,A,8834,5.23,0.156,N,12,0
60,52295,RENT,5.3,PERSONAL,B,5205,11.4,0.1,Y,20,0
22,127253,MORTGAGE,2.7,HOMEIMPROVEMENT,C,7669,14.87,0.06,Y,4,0
25,28670,RENT,15.1,PERSONAL,C,13144,11.57,0.458,N,4,0
24,165153,OTHER,11.2,PERSONAL,C,4642,13.39,0.028,N,2,0
24,35351,MORTGAGE,,DEBTCONSOLIDATION,A,27876,6.65,0.789,Y,11,0
42,23458,MORTGAGE,5.2,DEBTCONSOLIDATION,B,25502,10.61,1.087,N,27,1
28,43507,RENT,0.3,MEDICAL,D,1367,17.89,0.031,N,15,0
54,291290,MORTGAGE,5.9,DEBTCONSOLIDATION,E,3447,19.46,0.012,N,18,0
39,80206,MORTGAGE,,HOMEIMPROVEMENT,A,30743,6.08,0.383,N,3,0
61,68297,MORTGAGE,2.2,DEBTCONSOLIDATION,A,27989,6.17,0.41,Y,15,0
54,75913,RENT,1.2,EDUCATION,C,5536,12.58,0.073,N,6,0
37,32103,MORTGAGE,12.3,EDUCATION,C,10278,12.13,0.32,N,8,0
36,58648,RENT,2.8,EDUCATION,A,31989,7.91,0.545,N,16,1
43,49088,MORTGAGE,5.3,PERSONAL,C,17412,14.01,0.355,N,22,0
22,132585,RENT,0.2,VENTURE,F,3850,23.51,0.029,N,20,0
51,46176,RENT,2.7,MEDICAL,C,5161,12.49,0.112,N,22,0
54,39812,RENT,8.5,EDUCATION,B,9216,11.39,0.231,N,7,0
57,25831,RENT,2.5,MEDICAL,D,14138,18.02,0.547,N,21,1
32,52944,RENT,4.6,DEBTCONSOLIDATION,A,7401,5.41,0.14,N,5,0
44,57591,OWN,1.2,PERSONAL,B,27185,9.42,0.472,N,15,0
28,25314,MORTGAGE,2.7,MEDICAL,B,30896,9.87,1.221,Y,2,1
23,62896,RENT,13.1,EDUCATION,B,17380,,0.276,N,24,0
33,55728,MORTGAGE,4.2,EDUCATION,E,19770,20.61,0.355,Y,9,1
56,85596,MORTGAGE,11.6,PERSONAL,B,6084,7.92,0.071,N,21,0
53,95492,OWN,11.6,PERSONAL,A,18385,6.2,0.193,N,7,0
30,51629,RENT,14.4,HOMEIMPROVEMENT,E,13942,20.37,0.27,N,16,0
60,27722,RENT,11.3,PERSONAL,A,27792,5.98,1.003,N,7,1
22,31043,OTHER,,VENTURE,B,16136,10.96,0.52,N,16,0
47,129206,RENT,13.6,VENTURE,C,6697,13.69,0.052,N,2,1
48,53691,RENT,0.7,EDUCATION,F,2279,22.93,0.042,N,11,1
28,128076,RENT,0.2,DEBTCONSOLIDATION,C,26489,13.95,0.207,N,5,1
22,64487,RENT,0.3,PERSONAL,B,9580,9.49,0.149,N,15,0
44,74202,OTHER,2.1,VENTURE,C,6858,12.68,0.092,N,23,0
53,82149,RENT,4.8,VENTURE,F,3001,21.59,0.037,N,13,0
31,25016,OWN,2.6,HOMEIMPROVEMENT,D,26816,,1.072,Y,26,1
61,58036,OTHER,0.1,DEBTCONSOLIDATION,A,20848,5.0,0.359,N,21,0
28,24826,MORTGAGE,3.2,DEBTCONSOLIDATION,D,31803,16.58,1.281,N,17,1
34,41910,RENT,2.9,PERSONAL,D,31568,,0.753,N,26,0
59,69709,RENT,7.1,HOMEIMPROVEMENT,C,31736,13.24,0.455,N,21,1
44,27891,MORTGAGE,1.6,DEBTCONSOLIDATION,C,10964,12.85,0.393,N,8,0
24,66678,RENT,1.2,DEBTCONSOLIDATION,B,6505,10.09,0.098,N,8,0
30,21501,MORTGAGE,1.5,MEDICAL,C,13900,13.64,0.646,N,25,1
53,91933,RENT,1.8,HOMEIMPROVEMENT,D,13914,17.37,0.151,N,8,1
43,34015,OWN,4.6,DEBTCONSOLIDATION,A,9021,6.92,0.265,N,7,1
34,27863,MORTGAGE,,MEDICAL,A,6551,6.8,0.235,Y,20,0
57,22260,MORTGAGE,2.1,MEDICAL,A,13936,,0.626,N,16,0
27,35644,OWN,2.3,DEBTCONSOLIDATION,D,4517,16.06,0.127,N,27,1
24,17168,RENT,2.3,PERSONAL,C,19888,11.56,1.158,Y,24,1
45,36256,RENT,18.0,MEDICAL,B,28451,9.34,0.785,N,29,1
37,89744,RENT,1.3,MEDICAL,D,23110,17.05,0.258,N,23,0
25,44188,RENT,8.5,HOMEIMPROVEMENT,C,5676,14.23,0.128,N,11,0
56,25651,MORTGAGE,6.2,PERSONAL,E,18754,19.56,0.731,N,13,1
32,55517,RENT,0.0,PERSONAL,A,28794,8.46,0.519,N,9,0
47,52883,RENT,24.9,MEDICAL,B,11137,8.02,0.211,N,5,0
24,143793,OTHER,,HOMEIMPROVEMENT,C,13650,14.95,0.095,N,8,0
32,75727,RENT,5.7,HOMEIMPROVEMENT,A,10236,5.98,0.135,N,24,0
36,57993,MORTGAGE,2.6,HOMEIMPROVEMENT,B,23140,10.36,0.399,N,4,0
59,80642,RENT,4.1,HOMEIMPROVEMENT,B,29293,9.2,0.363,Y,9,0
64,45528,RENT,1.5,EDUCATION,D,29557,16.37,0.649,N,14,1
51,47029,MORTGAGE,0.2,DEBTCONSOLIDATION,B,20297,10.02,0.432,N,14,0
48,122078,OWN,9.0,MEDICAL,B,8437,11.37,0.069,Y,27,0
22,19938,RENT,11.3,MEDICAL,B,8130,12.96,0.408,N,17,0
59,83480,RENT,0.9,MEDICAL,A,20665,8.06,0.248,N,17,0
53,46122,RENT,7.7,PERSONAL,E,27505,18.86,0.596,N,3,0
59,41759,RENT,6.8,PERSONAL,B,20585,11.84,0.493,N,4,0
46,36167,RENT,1.0,HOMEIMPROVEMENT,C,28275,10.96,0.782,N,16,0
32,53344,MORTGAGE,2.7,DEBTCONSOLIDATION,A,28190,6.3,0.528,N,18,0
64,47861,RENT,2.7,PERSONAL,B,18482,9.72,0.386,N,3,1
52,39023,MORTGAGE,7.1,VENTURE,E,28422,,0.728,N,28,1
25,33307,MORTGAGE,9.1,MEDICAL,G,34314,24.11,1.03,N,18,1
43,17189,RENT,,MEDICAL,B,20831,10.84,1.212,N,7,1
38,32922,RENT,4.1,EDUCATION,A,12147,7.0,0.369,N,12,0
35,36983,OTHER,7.2,EDUCATION,B,15988,9.84,0.432,N,6,0
59,53272,RENT,7.7,VENTURE,B,3982,11.69,0.075,N,7,0
47,144306,MORTGAGE,0.8,EDUCATION,C,28428,12.46,0.197,N,4,0
52,34934,RENT,3.7,DEBTCONSOLIDATION,B,8441,11.23,0.242,N,24,0
60,27915,MORTGAGE,9.7,HOMEIMPROVEMENT,D,33495,15.67,1.2,N,5,1
32,33091,RENT,1.9,HOMEIMPROVEMENT,C,19519,12.7,0.59,N,16,1
62,53334,RENT,2.8,MEDICAL,A,7274,6.09,0.136,N,18,0
64,67761,RENT,8.2,HOMEIMPROVEMENT,D,15469,14.25,0.228,N,4,0
44,73173,RENT,0.5,EDUCATION,D,16430,15.21,0.225,N,17,0
61,77283,OWN,9.8,VENTURE,C,24106,10.87,0.312,N,22,0
55,83539,MORTGAGE,1.9,DEBTCONSOLIDATION,E,3902,19.31,0.047,Y,24,0
46,42049,RENT,0.0,HOMEIMPROVEMENT,D,4235,,0.101,N,17,1
57,151634,MORTGAGE,1.3,MEDICAL,C,2934,14.3,0.019,N,26,0
26,40331,OWN,,MEDICAL,E,15515,18.13,0.385,N,22,0
24,52059,MORTGAGE,0.5,DEBTCONSOLIDATION,C,3719,12.69,0.071,N,2,0
62,99977,RENT,5.9,EDUCATION,B,29514,11.46,0.295,N,22,0
64,66938,OWN,1.2,HOMEIMPROVEMENT,B,18031,11.07,0.269,N,12,0
50,14293,RENT,13.6,EDUCATION,E,5335,19.16,0.373,N,2,1
42,49172,MORTGAGE,3.6,MEDICAL,A,31552,5.76,0.642,N,8,0
61,78753,MORTGAGE,3.1,VENTURE,B,28631,10.7,0.364,N,10,0
29,23414,OWN,2.8,HOMEIMPROVEMENT,C,12112,12.65,0.517,N,14,1
51,74078,OWN,5.9,VENTURE,C,11192,12.38,0.151,Y,23,0
62,60753,OWN,3.0,DEBTCONSOLIDATION,C,6722,14.6,0.111,Y,21,0
49,94009,RENT,0.7,HOMEIMPROVEMENT,B,10747,11.76,0.114,N,7,0
58,33504,OWN,10.6,MEDICAL,A,10581,,0.316,N,18,0
50,84773,RENT,2.8,HOMEIMPROVEMENT,D,19480,18.06,0.23,N,21,0
37,53518,RENT,0.4,MEDICAL,C,4028,12.89,0.075,N,7,0
55,129485,MORTGAGE,3.8,PERSONAL,D,5307,16.94,0.041,N,3,0
21,226914,MORTGAGE,5.2,MEDICAL,A,15267,9.2,0.067,N,4,0
33,114242,MORTGAGE,1.6,MEDICAL,C,28470,,0.249,N,21,0
32,63849,MORTGAGE,8.1,DEBTCONSOLIDATION,C,14231,13.31,0.223,N,7,0
48,175703,OWN,5.5,HOMEIMPROVEMENT,B,31202,10.87,0.178,N,20,0
31,68316,RENT,5.3,VENTURE,D,975,17.9,0.014,N,2,0
58,29751,RENT,,MEDICAL,A,29957,7.02,1.007,Y,23,1
21,47973,OWN,16.3,HOMEIMPROVEMENT,C,19710,13.97,0.411,N,25,0
51,74527,RENT,,MEDICAL,C,9073,12.07,0.122,N,17,0
32,77209,MORTGAGE,4.3,EDUCATION,C,24455,11.22,0.317,N,9,0
65,26399,MORTGAGE,1.8,EDUCATION,C,3764,12.19,0.143,N,17,0
46,26864,MORTGAGE,6.8,EDUCATION,A,4224,6.18,0.157,N,28,0
60,40630,MORTGAGE,0.2,EDUCATION,C,19394,14.17,0.477,N,5,0
36,65775,RENT,0.2,VENTURE,B,25660,9.91,0.39,Y,23,0
59,70573,OWN,8.3,DEBTCONSOLIDATION,B,3967,,0.056,N,16,0
50,52982,RENT,2.8,MEDICAL,B,32587,8.94,0.615,N,15,0
53,30978,RENT,2.1,EDUCATION,B,23851,9.5,0.77,N,2,1
43,127429,RENT,4.7,HOMEIMPROVEMENT,C,13271,14.1,0.104,N,23,0
64,27183,MORTGAGE,6.1,EDUCATION,D,10444,14.93,0.384,N,29,0
54,100336,MORTGAGE,1.1,PERSONAL,B,16770,9.85,0.167,N,2,0
25,73596,OWN,1.0,PERSONAL,B,20724,9.54,0.282,N,5,0
38,99129,MORTGAGE,15.9,DEBTCONSOLIDATION,B,21050,10.43,0.212,N,16,0
49,38390,MORTGAGE,4.5,VENTURE,C,14425,15.21,0.376,N,26,0
26,45321,OWN,2.5,PERSONAL,B,1568,9.22,0.035,Y,7,0
29,50527,MORTGAGE,8.1,HOMEIMPROVEMENT,B,11395,10.38,0.226,Y,5,0
60,37721,MORTGAGE,3.7,EDUCATION,C,18649,12.98,0.494,N,27,1
51,55486,MORTGAGE,1.4,PERSONAL,B,15831,,0.285,Y,21,0
53,116832,RENT,1.2,PERSONAL,A,5071,7.06,0.043,N,5,0
47,24022,MORTGAGE,2.5,VENTURE,A,17455,9.18,0.727,Y,11,1
34,34150,RENT,9.8,PERSONAL,B,31966,9.92,0.936,N,8,0
49,32171,MORTGAGE,,EDUCATION,A,30442,6.92,0.946,N,28,0
56,46540,MORTGAGE,1.2,DEBTCONSOLIDATION,C,16878,12.55,0.363,N,26,0
48,45499,OWN,11.2,DEBTCONSOLIDATION,A,29763,,0.654,N,7,0
41,74964,OWN,0.6,DEBTCONSOLIDATION,B,26649,8.8,0.355,N,24,0
23,49938,MORTGAGE,5.0,MEDICAL,A,13436,7.15,0.269,N,5,0
39,57906,MORTGAGE,1.2,EDUCATION,C,5061,13.53,0.087,N,28,0
51,61031,RENT,4.7,PERSONAL,D,33492,14.98,0.549,N,14,1
55,56104,MORTGAGE,2.4,PERSONAL,C,25633,14.92,0.457,N,12,0
23,72173,OWN,0.5,PERSONAL,C,15519,14.87,0.215,N,22,0
46,45831,OWN,4.4,VENTURE,C,20412,15.7,0.445,N,10,0
36,121237,OWN,5.7,HOMEIMPROVEMENT,A,15334,7.69,0.126,N,9,0
31,198370,RENT,5.7,EDUCATION,A,34009,7.5,0.171,N,11,0
41,72288,OWN,5.1,DEBTCONSOLIDATION,A,10633,6.91,0.147,N,3,0
36,55569,OWN,3.5,PERSONAL,A,9400,7.08,0.169,N,25,0
29,69114,RENT,3.7,MEDICAL,A,12980,8.11,0.188,N,4,0
20,26753,MORTGAGE,5.0,VENTURE,C,15874,13.02,0.593,N,3,1
41,54125,MORTGAGE,5.9,HOMEIMPROVEMENT,A,17888,6.82,0.33,N,19,0
45,32786,MORTGAGE,5.3,PERSONAL,E,27362,19.67,0.835,N,12,1
37,64892,OTHER,4.4,DEBTCONSOLIDATION,D,5444,15.25,0.084,N,21,0
33,32876,MORTGAGE,0.8,EDUCATION,F,33766,23.9,1.027,N,2,1
48,40553,MORTGAGE,1.2,MEDICAL,A,30330,7.01,0.748,N,6,0
31,17508,MORTGAGE,,DEBTCONSOLIDATION,D,12819,16.92,0.732,Y,28,1
55,25712,MORTGAGE,12.6,VENTURE,D,14343,15.04,0.558,Y,8,1
54,59586,OWN,7.1,EDUCATION,E,18435,18.95,0.309,Y,19,1
31,30398,MORTGAGE,4.0,EDUCATION,B,33993,9.53,1.118,N,6,1
26,87998,RENT,1.5,VENTURE,D,5181,15.58,0.059,N,21,0
48,29008,RENT,0.6,EDUCATION,A,7227,5.64,0.249,N,7,0
30,62899,RENT,11.5,MEDICAL,A,29904,8.27,0.475,N,2,1
52,32240,MORTGAGE,11.2,MEDICAL,A,4929,,0.153,N,18,0
25,60597,OWN,0.6,EDUCATION,E,23764,17.3,0.392,N,19,1
34,21075,RENT,8.0,PERSONAL,A,1434,6.75,0.068,N,5,0
51,38206,RENT,3.0,EDUCATION,A,9764,6.74,0.256,N,18,1
30,30778,RENT,2.0,PERSONAL,E,16472,19.48,0.535,N,14,0
42,79680,MORTGAGE,6.7,EDUCATION,A,32619,6.83,0.409,Y,6,0
45,63211,OWN,4.8,DEBTCONSOLIDATION,E,34140,20.3,0.54,Y,23,1
53,24886,MORTGAGE,7.6,HOMEIMPROVEMENT,D,25374,,1.02,N,27,1
65,43837,MORTGAGE,0.4,MEDICAL,A,3768,,0.086,N,5,0
53,32055,MORTGAGE,1.9,EDUCATION,A,12530,5.0,0.391,N,24,0
48,82672,RENT,1.9,MEDICAL,C,4484,14.64,0.054,Y,6,1
23,98650,MORTGAGE,2.0,VENTURE,G,24424,25.95,0.248,Y,10,1
36,22183,MORTGAGE,3.5,HOMEIMPROVEMENT,E,25269,18.79,1.139,N,14,1
54,77241,MORTGAGE,1.7,PERSONAL,B,15233,9.69,0.197,N,10,0
32,31169,OWN,2.9,VENTURE,B,19319,9.89,0.62,N,5,0
60,42654,MORTGAGE,2.3,HOMEIMPROVEMENT,B,32733,10.3,0.767,N,27,0
58,49898,MORTGAGE,6.6,VENTURE,D,19493,15.35,0.391,N,15,0
34,133136,OWN,4.6,MEDICAL,B,8115,8.08,0.061,Y,23,1
48,28222,OTHER,5.3,DEBTCONSOLIDATION,A,24006,6.38,0.851,N,3,0
48,77583,MORTGAGE,1.2,HOMEIMPROVEMENT,D,29909,15.68,0.386,N,19,0
30,25736,RENT,2.0,VENTURE,B,8445,10.68,0.328,N,20,0
51,24777,MORTGAGE,0.1,PERSONAL,A,15344,5.57,0.619,N,27,0
21,49794,MORTGAGE,0.6,HOMEIMPROVEMENT,D,27819,16.77,0.559,N,3,0
33,49610,RENT,1.5,HOMEIMPROVEMENT,C,18773,11.55,0.378,N,10,0
39,10323,RENT,,VENTURE,B,25603,,2.48,N,15,1
41,92760,RENT,4.6,DEBTCONSOLIDATION,C,32740,13.66,0.353,N,13,0
30,15115,MORTGAGE,,EDUCATION,B,25353,9.84,1.677,N,21,1
46,45239,MORTGAGE,0.5,PERSONAL,C,17212,13.06,0.38,Y,6,1
22,101741,RENT,8.6,PERSONAL,E,1523,19.84,0.015,N,3,0
36,165222,RENT,0.6,VENTURE,C,885,12.3,0.005,N,9,0
63,40147,MORTGAGE,5.5,DEBTCONSOLIDATION,C,20272,13.37,0.505,N,29,1
47,22289,RENT,5.2,MEDICAL,C,31956,12.58,1.434,N,25,1
48,99688,RENT,11.7,MEDICAL,C,23348,14.86,0.234,N,24,0
40,78892,MORTGAGE,0.6,EDUCATION,A,28898,7.65,0.366,N,8,0
35,37460,MORTGAGE,1.9,EDUCATION,B,3089,8.75,0.082,N,8,0
56,34938,RENT,0.5,VENTURE,C,28968,15.18,0.829,Y,9,0
39,33038,MORTGAGE,2.6,DEBTCONSOLIDATION,B,8771,11.2,0.265,N,21,0
25,40557,RENT,12.1,MEDICAL,B,893,8.55,0.022,N,23,0
38,58327,MORTGAGE,,PERSONAL,D,33934,14.17,0.582,N,29,1
24,35907,RENT,6.4,DEBTCONSOLIDATION,A,28824,5.53,0.803,N,25,0
22,38492,RENT,3.8,MEDICAL,C,8478,11.82,0.22,N,25,0
20,69752,MORTGAGE,10.7,DEBTCONSOLIDATION,B,19142,10.18,0.274,Y,5,1
57,21691,MORTGAGE,3.0,VENTURE,B,33299,10.1,1.535,N,2,1
34,39864,RENT,,MEDICAL,B,17904,10.88,0.449,Y,3,0
53,19501,RENT,9.1,HOMEIMPROVEMENT,A,14788,6.63,0.758,Y,5,1
54,52032,MORTGAGE,1.6,VENTURE,B,5063,9.69,0.097,N,10,0
44,16870,MORTGAGE,0.3,HOMEIMPROVEMENT,B,33559,10.14,1.989,N,4,1
43,79977,RENT,0.7,DEBTCONSOLIDATION,B,670,11.35,0.008,N,22,0
31,23788,MORTGAGE,4.7,VENTURE,C,7011,10.73,0.295,Y,2,0
37,18491,RENT,4.7,PERSONAL,B,14903,9.69,0.806,N,6,1
34,40135,MORTGAGE,1.5,VENTURE,D,24184,17.58,0.603,N,12,0
63,125631,RENT,6.5,VENTURE,C,26182,13.08,0.208,N,12,0
35,72486,RENT,7.4,VENTURE,A,29347,6.65,0.405,N,12,0
46,17029,RENT,12.7,VENTURE,A,3430,6.02,0.201,Y,16,0
27,23418,MORTGAGE,4.4,EDUCATION,A,3439,8.08,0.147,N,2,0
65,39435,RENT,7.6,HOMEIMPROVEMENT,F,16995,21.42,0.431,N,12,1
44,167895,RENT,7.0,VENTURE,E,24957,18.41,0.149,N,7,0
36,29248,RENT,1.5,VENTURE,A,31835,8.64,1.088,N,29,0
48,29378,RENT,1.9,DEBTCONSOLIDATION,C,26823,,0.913,N,18,0
27,113559,MORTGAGE,3.3,EDUCATION,F,10054,23.96,0.089,N,19,0
34,54567,RENT,0.1,MEDICAL,D,31907,16.2,0.585,Y,12,0
46,87478,MORTGAGE,1.8,DEBTCONSOLIDATION,B,16279,10.03,0.186,N,10,0
65,32862,RENT,,DEBTCONSOLIDATION,A,24099,7.34,0.733,N,28,0
26,46355,RENT,0.6,EDUCATION,A,31339,7.02,0.676,Y,13,0
22,101072,MORTGAGE,,EDUCATION,D,20811,15.37,0.206,N,14,0
48,45267,OWN,3.1,EDUCATION,D,4924,16.41,0.109,N,4,0
63,90914,RENT,6.6,DEBTCONSOLIDATION,B,28691,9.41,0.316,Y,26,0
43,60657,RENT,9.0,DEBTCONSOLIDATION,A,13552,7.51,0.223,N,5,0
22,27672,MORTGAGE,4.0,VENTURE,E,22539,21.78,0.815,Y,22,1
39,48582,OWN,3.2,EDUCATION,D,29555,16.79,0.608,N,17,1
65,84099,OTHER,2.4,EDUCATION,A,22627,,0.269,N,24,0
34,70839,MORTGAGE,1.1,DEBTCONSOLIDATION,A,6725,,0.095,N,5,0
44,47947,MORTGAGE,0.8,DEBTCONSOLIDATION,C,22521,12.62,0.47,N,29,0
49,17318,MORTGAGE,7.8,EDUCATION,B,19727,9.78,1.139,Y,28,1
33,18255,MORTGAGE,3.1,VENTURE,B,6749,9.87,0.37,N,13,0
26,20520,MORTGAGE,7.8,PERSONAL,A,34951,,1.703,N,11,1
36,37021,OWN,6.1,PERSONAL,F,26800,23.09,0.724,N,27,1
63,39838,MORTGAGE,1.1,MEDICAL,D,12448,18.53,0.312,N,14,1
39,21775,MORTGAGE,3.6,VENTURE,A,3058,7.78,0.14,N,7,0
55,86024,MORTGAGE,2.9,DEBTCONSOLIDATION,E,21017,17.68,0.244,N,26,0
28,24463,MORTGAGE,2.8,EDUCATION,C,16373,11.46,0.669,N,9,0
57,23067,MORTGAGE,3.9,EDUCATION,B,22954,9.92,0.995,N,12,0
41,51458,MORTGAGE,20.1,EDUCATION,E,8578,20.2,0.167,N,18,0
21,83754,RENT,8.4,PERSONAL,C,20542,12.75,0.245,N,7,0
43,151777,RENT,11.7,DEBTCONSOLIDATION,D,8029,15.77,0.053,N,16,0
27,67534,MORTGAGE,0.2,EDUCATION,B,11984,11.08,0.177,N,14,0
30,116880,MORTGAGE,0.8,EDUCATION,B,27205,9.97,0.233,Y,10,0
32,25169,RENT,0.4,PERSONAL,B,18303,,0.727,N,16,1
36,160790,MORTGAGE,1.5,EDUCATION,B,17732,8.19,0.11,N,20,0
27,17609,RENT,2.9,MEDICAL,C,32823,13.57,1.864,N,20,1
40,37156,RENT,5.1,DEBTCONSOLIDATION,F,14060,19.87,0.378,N,11,1
37,66726,OWN,3.5,HOMEIMPROVEMENT,C,25840,13.32,0.387,N,29,0
49,20274,OWN,11.7,MEDICAL,A,28746,8.08,1.418,N,6,1
37,29440,RENT,14.1,VENTURE,A,23310,5.05,0.792,N,26,0
65,26977,MORTGAGE,0.9,MEDICAL,D,10725,13.25,0.398,Y,16,0
50,41331,RENT,9.6,MEDICAL,B,16487,11.02,0.399,N,4,0
57,107137,OTHER,3.3,PERSONAL,B,6301,10.54,0.059,N,17,0
51,49476,RENT,3.0,VENTURE,D,21231,14.68,0.429,Y,6,1
30,37998,RENT,7.7,DEBTCONSOLIDATION,F,30177,22.29,0.794,N,28,1
64,10032,MORTGAGE,0.5,DEBTCONSOLIDATION,D,10087,15.35,1.005,N,6,1
44,63368,MORTGAGE,10.7,MEDICAL,A,22304,6.79,0.352,Y,28,0
52,75698,RENT,5.6,HOMEIMPROVEMENT,B,28481,9.68,0.376,N,25,0
57,19244,MORTGAGE,10.4,MEDICAL,D,9399,14.4,0.488,N,3,0
60,47247,RENT,26.0,EDUCATION,E,30091,,0.637,Y,9,1
27,54510,OWN,3.6,PERSONAL,G,9546,23.73,0.175,N,18,0
30,83327,RENT,0.5,EDUCATION,B,33236,10.11,0.399,N,22,0
41,32904,OWN,0.9,VENTURE,D,26329,16.78,0.8,N,4,0
43,30289,MORTGAGE,2.0,VENTURE,A,26744,6.0,0.883,N,22,0
60,38136,RENT,0.5,PERSONAL,B,10322,9.67,0.271,N,26,0
36,99353,OTHER,8.4,MEDICAL,B,24383,9.39,0.245,N,29,0
31,87039,OTHER,1.8,VENTURE,F,11938,24.07,0.137,Y,28,1
65,48448,MORTGAGE,18.6,HOMEIMPROVEMENT,A,7603,8.1,0.157,N,2,0
51,85894,RENT,6.1,PERSONAL,B,24127,10.91,0.281,N,23,0
34,13322,MORTGAGE,1.0,EDUCATION,E,9022,,0.677,Y,11,1
35,75766,MORTGAGE,3.2,HOMEIMPROVEMENT,B,1370,10.42,0.018,N,29,0
41,26494,MORTGAGE,3.1,DEBTCONSOLIDATION,A,30635,6.6,1.156,N,17,0
47,129555,MORTGAGE,3.4,PERSONAL,D,9068,14.27,0.07,Y,14,0
39,27300,RENT,3.8,HOMEIMPROVEMENT,D,19520,,0.715,N,7,0
52,30668,MORTGAGE,0.2,PERSONAL,B,28551,10.19,0.931,N,14,1
29,66791,MORTGAGE,5.8,EDUCATION,F,4593,23.12,0.069,N,13,0
59,70433,RENT,3.3,MEDICAL,A,9513,6.22,0.135,N,24,0
51,38350,MORTGAGE,7.8,PERSONAL,E,29173,,0.761,N,27,0
52,60130,MORTGAGE,8.4,VENTURE,D,21107,14.15,0.351,N,27,0
21,64373,MORTGAGE,1.3,EDUCATION,B,31145,9.55,0.484,N,6,0
52,60852,RENT,0.2,EDUCATION,D,28279,16.48,0.465,N,8,0
52,39241,MORTGAGE,6.1,HOMEIMPROVEMENT,A,26018,7.16,0.663,Y,3,0
60,64722,RENT,19.0,VENTURE,A,16203,7.57,0.25,N,19,0
32,106245,MORTGAGE,3.0,HOMEIMPROVEMENT,E,6995,19.15,0.066,N,11,0
49,24983,MORTGAGE,1.5,DEBTCONSOLIDATION,A,4253,7.78,0.17,N,25,0
52,30883,MORTGAGE,0.9,EDUCATION,A,9925,6.71,0.321,Y,23,0
32,49761,RENT,1.7,PERSONAL,B,34452,9.64,0.692,Y,22,0
45,27421,MORTGAGE,2.0,DEBTCONSOLIDATION,A,16213,6.01,0.591,N,20,0
41,18180,OWN,2.8,VENTURE,E,28580,21.61,1.572,N,21,1
58,89430,RENT,5.3,EDUCATION,E,1329,18.91,0.015,N,25,0
21,14388,OWN,1.6,VENTURE,B,22288,10.52,1.549,N,11,1
57,39288,MORTGAGE,0.3,DEBTCONSOLIDATION,B,22837,9.75,0.581,N,8,1
58,74415,MORTGAGE,2.3,PERSONAL,C,14704,,0.198,N,14,0
45,56765,RENT,9.7,MEDICAL,A,23333,6.99,0.411,N,26,0
65,39616,RENT,3.4,HOMEIMPROVEMENT,B,12801,10.39,0.323,N,14,0
34,26806,OWN,,HOMEIMPROVEMENT,A,33315,5.95,1.243,N,12,0
53,59226,RENT,3.5,DEBTCONSOLIDATION,B,4075,,0.069,N,20,0
61,28463,RENT,1.6,EDUCATION,C,9813,13.26,0.345,N,23,0
63,56741,MORTGAGE,1.1,EDUCATION,E,30321,21.16,0.534,N,8,0
59,52971,RENT,5.9,PERSONAL,D,31379,15.28,0.592,N,3,0
30,53266,MORTGAGE,3.8,EDUCATION,C,14058,12.47,0.264,N,13,0
22,34469,MORTGAGE,4.6,EDUCATION,B,27094,9.37,0.786,N,14,0
25,150129,OWN,7.0,EDUCATION,E,23212,18.66,0.155,Y,5,0
28,59695,MORTGAGE,,VENTURE,F,32545,22.8,0.545,N,2,1
25,42054,RENT,0.2,VENTURE,E,30765,16.54,0.732,N,21,1
28,56689,RENT,,MEDICAL,A,7426,6.94,0.131,Y,16,0
58,32017,MORTGAGE,3.8,VENTURE,C,15466,12.06,0.483,Y,29,1
50,39637,RENT,2.5,HOMEIMPROVEMENT,C,20400,11.93,0.515,N,19,1
51,182691,OTHER,3.9,DEBTCONSOLIDATION,B,16515,10.56,0.09,N,24,0
60,32142,MORTGAGE,4.7,MEDICAL,G,1762,25.36,0.055,N,16,1
31,46968,RENT,0.8,EDUCATION,B,17441,11.04,0.371,N,18,0
27,38144,OWN,2.7,HOMEIMPROVEMENT,A,20246,7.46,0.531,N,23,0
27,27672,RENT,2.0,MEDICAL,B,12853,10.22,0.464,N,4,1
47,61796,RENT,2.2,DEBTCONSOLIDATION,B,15148,9.33,0.245,Y,9,0
39,50014,MORTGAGE,0.5,MEDICAL,E,8547,17.89,0.171,N,25,0
26,80907,OWN,0.9,HOMEIMPROVEMENT,B,17173,10.72,0.212,N,29,0
30,76559,MORTGAGE,0.9,MEDICAL,B,19158,9.69,0.25,Y,24,0
39,80449,RENT,2.3,HOMEIMPROVEMENT,C,21154,13.48,0.263,Y,8,0
35,29583,RENT,11.2,MEDICAL,A,11984,6.99,0.405,N,2,0
23,69739,RENT,1.2,MEDICAL,D,17730,13.55,0.254,N,26,0
25,70678,RENT,2.7,MEDICAL,D,11009,16.58,0.156,N,20,0
41,27956,RENT,1.9,HOMEIMPROVEMENT,B,27463,9.25,0.982,N,25,1
45,41141,MORTGAGE,7.7,MEDICAL,F,5482,23.04,0.133,N,19,0
22,22007,OWN,0.3,DEBTCONSOLIDATION,C,18803,10.77,0.854,N,2,0
60,70848,RENT,1.1,DEBTCONSOLIDATION,C,7396,15.28,0.104,N,12,0
61,70669,RENT,1.2,VENTURE,E,18023,18.28,0.255,N,2,1
33,107656,MORTGAGE,24.8,VENTURE,C,24727,13.57,0.23,N,16,0
30,43224,MORTGAGE,4.2,VENTURE,B,22754,9.14,0.526,N,9,0
37,62837,OWN,0.7,VENTURE,A,28022,6.31,0.446,N,14,0
31,84394,RENT,1.6,VENTURE,C,7677,13.82,0.091,Y,26,0
42,32382,RENT,0.9,DEBTCONSOLIDATION,F,27085,,0.836,N,4,1
31,29783,MORTGAGE,0.7,EDUCATION,B,27686,9.84,0.93,N,8,0
32,32939,MORTGAGE,8.0,MEDICAL,B,9019,11.02,0.274,N,14,0
44,40452,MORTGAGE,3.4,DEBTCONSOLIDATION,B,14189,10.23,0.351,N,19,0
64,30369,MORTGAGE,5.0,DEBTCONSOLIDATION,C,6454,13.54,0.213,N,29,0
38,33728,RENT,2.0,PERSONAL,A,17704,6.25,0.525,N,25,1
65,79578,MORTGAGE,4.0,EDUCATION,E,12584,19.8,0.158,N,13,0
55,46490,MORTGAGE,1.5,HOMEIMPROVEMENT,E,29608,19.13,0.637,N,4,1
64,58028,RENT,1.8,EDUCATION,C,33224,13.52,0.573,N,11,1
27,36210,MORTGAGE,5.3,PERSONAL,A,11549,7.44,0.319,N,27,0
48,34926,MORTGAGE,0.8,DEBTCONSOLIDATION,C,24808,14.36,0.71,N,6,1
51,57357,RENT,4.8,EDUCATION,A,30242,7.61,0.527,Y,24,0
63,52540,RENT,9.6,MEDICAL,B,19662,8.61,0.374,N,10,0
37,75198,RENT,0.6,VENTURE,A,15633,6.29,0.208,N,2,0
25,100295,RENT,11.4,MEDICAL,C,29697,13.27,0.296,N,6,0
37,33514,MORTGAGE,0.4,EDUCATION,B,988,10.48,0.029,N,2,0
38,78719,MORTGAGE,2.1,DEBTCONSOLIDATION,D,26864,14.41,0.341,N,3,1
41,27067,RENT,4.7,DEBTCONSOLIDATION,D,1838,14.81,0.068,N,11,0
56,153365,RENT,4.1,PERSONAL,G,34401,26.31,0.224,Y,5,1
51,31809,OTHER,0.5,HOMEIMPROVEMENT,A,3662,9.36,0.115,Y,27,1
60,71671,RENT,8.0,MEDICAL,A,24351,5.01,0.34,N,4,0
22,26957,RENT,18.1,PERSONAL,B,29488,,1.094,N,11,1
47,45087,RENT,1.0,HOMEIMPROVEMENT,A,7910,,0.175,N,16,0
29,114708,MORTGAGE,11.3,VENTURE,A,7620,8.21,0.066,N,22,0
54,31265,RENT,4.1,MEDICAL,C,27202,13.6,0.87,N,7,0
48,164769,MORTGAGE,13.7,DEBTCONSOLIDATION,C,15310,,0.093,N,2,0
34,48878,RENT,1.0,MEDICAL,A,33182,5.0,0.679,N,26,0
52,83838,RENT,7.9,DEBTCONSOLIDATION,B,16609,,0.198,Y,11,0
26,61182,RENT,0.3,DEBTCONSOLIDATION,C,20662,11.91,0.338,N,3,0
31,63030,MORTGAGE,10.7,VENTURE,A,15001,,0.238,N,25,0
49,22373,MORTGAGE,5.6,VENTURE,E,3448,17.53,0.154,N,10,1
40,37794,RENT,2.3,EDUCATION,A,18577,7.27,0.492,N,18,0
50,94635,RENT,1.1,HOMEIMPROVEMENT,A,11210,7.4,0.118,N,17,0
43,40563,MORTGAGE,8.5,PERSONAL,A,11825,7.76,0.292,N,3,0
39,52910,MORTGAGE,4.6,VENTURE,A,17830,6.52,0.337,Y,17,0
56,20929,RENT,2.2,EDUCATION,E,21139,20.66,1.01,Y,4,1
23,36473,MORTGAGE,2.9,HOMEIMPROVEMENT,A,7398,5.88,0.203,Y,28,0
47,90914,RENT,8.8,HOMEIMPROVEMENT,C,11494,11.28,0.126,N,26,0
63,24210,RENT,2.1,MEDICAL,B,1624,10.26,0.067,N,29,0
39,72721,RENT,0.5,EDUCATION,C,26324,12.18,0.362,N,20,0
43,54056,MORTGAGE,12.1,EDUCATION,E,16141,19.64,0.299,N,14,0
51,43054,RENT,2.4,MEDICAL,D,1888,15.21,0.044,N,7,0
60,42025,MORTGAGE,2.1,PERSONAL,A,24529,6.31,0.584,Y,26,1
55,37418,MORTGAGE,1.1,VENTURE,D,22026,15.21,0.589,N,28,0
53,39297,MORTGAGE,11.4,DEBTCONSOLIDATION,B,4147,9.12,0.106,Y,8,0
55,81744,RENT,1.2,MEDICAL,B,16848,10.0,0.206,N,27,0
21,38652,RENT,5.1,VENTURE,C,34474,13.29,0.892,N,13,1
34,132478,OTHER,10.6,DEBTCONSOLIDATION,F,10347,21.12,0.078,N,15,0
53,57799,MORTGAGE,0.2,EDUCATION,A,17434,5.6,0.302,N,23,0
55,35705,MORTGAGE,8.8,MEDICAL,D,8991,16.6,0.252,N,16,1
25,83729,RENT,2.6,DEBTCONSOLIDATION,A,5888,7.47,0.07,N,3,0
58,69088,RENT,5.4,PERSONAL,B,29759,10.86,0.431,N,23,0
61,19736,MORTGAGE,2.3,VENTURE,E,20863,,1.057,N,11,1
31,27751,RENT,5.9,VENTURE,C,14091,12.01,0.508,N,29,1
22,46005,MORTGAGE,1.5,VENTURE,A,16881,7.99,0.367,N,18,0
64,20517,RENT,0.1,EDUCATION,B,15446,11.08,0.753,N,24,0
37,154784,RENT,,DEBTCONSOLIDATION,D,25497,15.51,0.165,Y,16,0
59,77051,RENT,0.1,VENTURE,B,13761,8.86,0.179,N,7,0
40,48662,RENT,8.7,HOMEIMPROVEMENT,A,2485,6.16,0.051,N,25,0
34,40599,RENT,0.9,VENTURE,B,10665,8.84,0.263,N,3,0
52,35248,MORTGAGE,2.5,EDUCATION,E,32914,19.96,0.934,N,2,1
54,16643,RENT,8.6,MEDICAL,C,23347,13.86,1.403,N,10,1
45,18900,RENT,1.2,VENTURE,C,7811,13.1,0.413,Y,17,1
27,139471,OWN,,VENTURE,D,23117,15.19,0.166,N,26,0
55,116480,MORTGAGE,3.4,MEDICAL,A,13337,5.94,0.115,N,17,0
49,35714,RENT,2.3,DEBTCONSOLIDATION,C,30966,12.26,0.867,Y,15,1
42,80773,MORTGAGE,,DEBTCONSOLIDATION,B,11928,8.93,0.148,N,27,0
61,64765,OWN,2.1,HOMEIMPROVEMENT,A,8665,7.27,0.134,Y,24,0
63,69103,RENT,2.1,EDUCATION,A,6601,7.91,0.096,N,2,0
33,22385,RENT,,MEDICAL,D,22262,16.95,0.995,N,3,1
33,18133,MORTGAGE,1.9,EDUCATION,A,30811,5.94,1.699,N,10,1
21,93941,RENT,1.1,DEBTCONSOLIDATION,B,33101,9.28,0.352,N,17,0
56,16504,MORTGAGE,8.2,MEDICAL,B,22962,9.34,1.391,N,6,1
24,45183,OTHER,,PERSONAL,A,33951,8.22,0.751,Y,19,1
57,40045,OWN,3.4,HOMEIMPROVEMENT,B,33290,8.4,0.831,Y,17,0
64,38059,RENT,3.7,PERSONAL,D,11180,16.0,0.294,N,6,0
60,58276,RENT,6.0,DEBTCONSOLIDATION,A,28205,5.95,0.484,N,18,0
33,33769,OWN,3.6,MEDICAL,A,22915,6.77,0.679,N,11,0
58,60940,MORTGAGE,,DEBTCONSOLIDATION,C,26893,13.83,0.441,N,13,0
44,52978,RENT,26.4,MEDICAL,C,5282,12.61,0.1,N,6,0
39,155484,MORTGAGE,0.8,EDUCATION,C,11859,12.1,0.076,N,24,0
21,22880,RENT,4.5,MEDICAL,A,20379,7.9,0.891,N,9,0
58,49816,RENT,10.9,DEBTCONSOLIDATION,D,13249,,0.266,N,12,0
25,62145,OWN,5.8,EDUCATION,B,13416,10.58,0.216,N,4,0
36,42573,RENT,10.6,EDUCATION,C,1251,13.32,0.029,N,17,0
44,23496,RENT,2.0,MEDICAL,A,8095,5.54,0.345,N,21,0
47,97871,RENT,1.6,EDUCATION,A,3926,8.57,0.04,N,29,0
21,59001,MORTGAGE,9.5,DEBTCONSOLIDATION,D,25741,15.76,0.436,N,12,0
54,24421,RENT,2.5,HOMEIMPROVEMENT,A,25378,8.01,1.039,N,19,0
56,62396,MORTGAGE,,PERSONAL,A,33979,6.58,0.545,N,18,0
24,124974,MORTGAGE,0.8,MEDICAL,C,17409,13.68,0.139,Y,11,0
20,48051,MORTGAGE,,EDUCATION,C,12834,14.21,0.267,N,25,0
59,48961,RENT,4.0,EDUCATION,C,25835,14.06,0.528,N,24,0
31,116122,MORTGAGE,1.6,DEBTCONSOLIDATION,C,5201,13.13,0.045,N,12,0
55,28747,RENT,3.4,EDUCATION,B,24795,9.59,0.863,N,16,0
64,126773,MORTGAGE,6.0,EDUCATION,B,25181,8.31,0.199,N,9,0
42,83708,RENT,0.1,HOMEIMPROVEMENT,E,24960,17.51,0.298,N,6,0
50,29486,RENT,5.1,MEDICAL,C,21719,14.34,0.737,N,6,1
30,33943,MORTGAGE,3.9,MEDICAL,C,1406,12.01,0.041,N,2,0
29,36730,RENT,1.2,DEBTCONSOLIDATION,A,31336,7.97,0.853,N,10,0
22,17881,RENT,7.0,HOMEIMPROVEMENT,E,3425,20.1,0.192,Y,15,1
33,56571,RENT,,HOMEIMPROVEMENT,A,29157,7.55,0.515,N,28,1
35,30229,MORTGAGE,1.6,HOMEIMPROVEMENT,C,17018,13.47,0.563,N,4,1
29,57705,RENT,3.2,MEDICAL,B,1236,8.6,0.021,Y,18,0
48,24100,RENT,5.6,VENTURE,C,23917,,0.992,N,14,1
29,81442,RENT,13.2,DEBTCONSOLIDATION,B,8829,9.21,0.108,N,21,0
31,73548,MORTGAGE,0.8,DEBTCONSOLIDATION,C,22435,14.98,0.305,Y,29,1
49,33248,RENT,2.5,PERSONAL,A,7180,,0.216,Y,21,0
60,59742,RENT,0.3,HOMEIMPROVEMENT,B,33484,10.04,0.56,N,25,0
20,51308,RENT,7.1,HOMEIMPROVEMENT,D,23534,17.55,0.459,N,11,0
24,110775,RENT,3.0,MEDICAL,A,33654,5.88,0.304,N,11,0
39,27781,MORTGAGE,6.1,DEBTCONSOLIDATION,A,5934,6.56,0.214,N,6,0
27,45081,MORTGAGE,1.9,MEDICAL,B,34190,11.9,0.758,N,16,0
62,34462,OWN,9.3,PERSONAL,F,13382,24.52,0.388,N,11,1
31,50244,RENT,,EDUCATION,A,11579,7.93,0.23,N,29,0
20,65729,OWN,14.4,MEDICAL,A,25904,,0.394,N,6,0
39,34252,RENT,0.4,PERSONAL,C,26711,14.62,0.78,N,2,1
47,40124,OTHER,3.6,MEDICAL,A,12229,6.68,0.305,N,14,0
62,83393,RENT,7.3,MEDICAL,B,3764,,0.045,N,28,0
56,103417,MORTGAGE,4.6,MEDICAL,D,32632,16.12,0.316,N,5,0
56,64307,RENT,0.1,VENTURE,A,7325,8.21,0.114,N,25,0
31,45438,RENT,17.9,VENTURE,C,22145,13.06,0.487,Y,9,1
56,43122,MORTGAGE,1.8,HOMEIMPROVEMENT,B,22527,13.27,0.522,N,21,0
63,66268,MORTGAGE,1.4,VENTURE,E,29894,20.16,0.451,Y,4,0
47,55562,OTHER,3.3,PERSONAL,F,27905,20.49,0.502,N,21,1
34,19792,MORTGAGE,3.9,MEDICAL,B,28470,7.99,1.438,N,23,1
25,67158,MORTGAGE,,VENTURE,C,27108,11.0,0.404,Y,4,1
63,30536,RENT,2.5,DEBTCONSOLIDATION,D,16129,16.71,0.528,N,28,0
39,22486,OTHER,2.9,MEDICAL,B,13717,11.15,0.61,N,17,1
33,19582,MORTGAGE,3.8,EDUCATION,A,23088,5.0,1.179,N,13,0
21,43527,MORTGAGE,2.5,HOMEIMPROVEMENT,F,28058,23.47,0.645,N,14,1
28,28026,RENT,12.3,VENTURE,B,11761,,0.42,N,20,0
56,13636,MORTGAGE,9.5,DEBTCONSOLIDATION,A,18708,8.94,1.372,N,10,1
39,40249,OWN,3.0,DEBTCONSOLIDATION,D,6971,14.84,0.173,N,17,0
45,37428,RENT,0.0,MEDICAL,C,28018,13.35,0.749,Y,20,1
48,45141,RENT,11.6,EDUCATION,A,19099,7.34,0.423,Y,2,1
20,34686,RENT,0.7,HOMEIMPROVEMENT,A,28206,6.07,0.813,N,17,0
54,134071,MORTGAGE,1.4,HOMEIMPROVEMENT,B,32677,8.48,0.244,N,28,0
25,65155,RENT,0.8,EDUCATION,E,17566,20.12,0.27,N,20,0
56,37242,RENT,1.0,VENTURE,E,33138,19.27,0.89,N,28,1
24,47334,RENT,8.1,VENTURE,B,10987,10.47,0.232,N,25,1
52,106729,MORTGAGE,4.3,MEDICAL,D,4467,17.64,0.042,N,10,1
33,82962,RENT,,PERSONAL,B,26007,9.95,0.313,N,14,0
31,22744,RENT,1.3,MEDICAL,C,11708,13.38,0.515,Y,5,1
61,28685,OWN,3.3,MEDICAL,B,9191,10.42,0.32,N,7,1
39,31887,OWN,19.0,MEDICAL,B,12939,10.45,0.406,N,27,0
43,38490,RENT,8.8,EDUCATION,B,14331,8.31,0.372,N,9,0
62,35331,MORTGAGE,,HOMEIMPROVEMENT,A,22540,6.98,0.638,Y,8,0
53,49946,MORTGAGE,1.0,HOMEIMPROVEMENT,A,2538,8.39,0.051,N,9,0
44,73471,RENT,7.3,PERSONAL,B,14992,9.85,0.204,Y,28,0
48,80536,RENT,,VENTURE,F,33584,21.43,0.417,N,12,1
58,40956,MORTGAGE,3.8,MEDICAL,F,3147,23.16,0.077,N,4,1
50,19948,RENT,4.7,EDUCATION,D,14054,16.02,0.705,N,5,1
62,27660,RENT,4.7,EDUCATION,A,6157,6.24,0.223,N,2,0
42,36832,MORTGAGE,6.5,MEDICAL,B,14919,8.97,0.405,N,21,0
63,24716,MORTGAGE,,EDUCATION,B,29367,9.94,1.188,N,6,1
57,91809,MORTGAGE,0.4,EDUCATION,B,4973,9.21,0.054,N,3,0
39,25623,RENT,3.1,MEDICAL,A,16637,8.08,0.649,N,15,0
42,68829,MORTGAGE,5.5,PERSONAL,C,23053,12.09,0.335,Y,14,0
64,19437,RENT,1.8,EDUCATION,A,21218,,1.092,N,18,0
35,70365,MORTGAGE,1.9,HOMEIMPROVEMENT,D,24160,16.5,0.343,N,14,1
61,45406,MORTGAGE,0.7,DEBTCONSOLIDATION,C,5709,13.76,0.126,Y,22,0
27,112633,MORTGAGE,2.7,HOMEIMPROVEMENT,B,18539,11.88,0.165,Y,25,0
40,26308,RENT,21.6,DEBTCONSOLIDATION,C,8359,11.38,0.318,N,9,0
20,35944,MORTGAGE,,DEBTCONSOLIDATION,A,17547,7.73,0.488,N,12,0
27,39985,OWN,,HOMEIMPROVEMENT,A,1001,7.75,0.025,N,10,0
48,45076,MORTGAGE,6.8,MEDICAL,B,23803,8.7,0.528,N,25,0
51,40526,RENT,0.1,DEBTCONSOLIDATION,D,17100,16.31,0.422,N,14,1
57,40958,MORTGAGE,11.5,HOMEIMPROVEMENT,A,11734,6.5,0.286,N,14,0
24,40591,RENT,2.4,VENTURE,C,23051,14.68,0.568,N,8,0
41,15691,OWN,10.2,EDUCATION,A,21979,,1.401,N,12,1
53,84654,MORTGAGE,0.2,PERSONAL,B,23400,9.74,0.276,N,18,0
20,236481,RENT,0.8,DEBTCONSOLIDATION,A,14280,6.54,0.06,N,11,0
45,57759,RENT,1.9,HOMEIMPROVEMENT,C,16361,11.99,0.283,N,2,1
62,26247,RENT,2.1,MEDICAL,B,22836,8.14,0.87,Y,29,1
29,27750,OWN,9.4,DEBTCONSOLIDATION,C,22541,12.0,0.812,N,9,1
49,68682,RENT,0.1,PERSONAL,A,9021,7.17,0.131,N,16,0
37,60597,MORTGAGE,5.1,MEDICAL,A,24205,7.34,0.399,Y,6,1
36,41925,OWN,0.7,PERSONAL,C,17819,13.97,0.425,N,23,0
45,74189,RENT,8.7,PERSONAL,A,16641,8.26,0.224,N,21,0
27,15754,RENT,7.5,EDUCATION,A,27729,7.48,1.76,N,5,1
59,74215,MORTGAGE,3.5,DEBTCONSOLIDATION,B,15896,10.96,0.214,N,27,0
31,55869,MORTGAGE,1.2,DEBTCONSOLIDATION,D,3845,16.63,0.069,N,14,0
46,28345,RENT,5.0,DEBTCONSOLIDATION,C,5295,,0.187,N,26,0
27,22285,RENT,,PERSONAL,A,21092,7.46,0.946,N,17,1
44,52403,MORTGAGE,1.1,VENTURE,C,9632,,0.184,N,9,0
65,106295,OWN,4.9,VENTURE,C,16901,12.32,0.159,Y,15,0
23,43241,RENT,23.7,VENTURE,B,30655,10.01,0.709,N,28,0
52,30669,RENT,11.1,MEDICAL,A,17917,7.43,0.584,N,13,0
20,54459,RENT,4.5,EDUCATION,C,13660,12.76,0.251,N,21,0
38,133449,MORTGAGE,3.9,MEDICAL,C,16874,14.19,0.126,Y,8,0
50,62144,RENT,32.1,DEBTCONSOLIDATION,A,6381,7.41,0.103,N,25,0
35,65951,OWN,4.0,DEBTCONSOLIDATION,C,13826,14.05,0.21,N,24,0
33,96041,RENT,2.7,HOMEIMPROVEMENT,B,17448,,0.182,N,6,0
24,63570,OWN,12.0,DEBTCONSOLIDATION,D,9390,15.53,0.148,N,16,0
60,31903,MORTGAGE,1.3,VENTURE,A,9581,6.47,0.3,N,11,0
45,18778,MORTGAGE,0.5,EDUCATION,A,9082,8.39,0.484,N,2,0
47,29527,RENT,5.0,VENTURE,C,19693,12.08,0.667,N,7,0
21,26699,MORTGAGE,0.5,EDUCATION,B,33105,9.88,1.24,Y,9,1
25,70447,RENT,2.3,MEDICAL,B,13068,,0.186,N,12,0
28,76045,RENT,2.8,DEBTCONSOLIDATION,D,27563,14.81,0.362,N,7,0
52,53990,RENT,4.0,MEDICAL,C,8419,13.6,0.156,N,9,0
60,24397,OWN,23.9,VENTURE,C,23129,12.68,0.948,N,23,1
44,130957,MORTGAGE,1.2,PERSONAL,A,27594,5.89,0.211,N,19,0
32,38990,MORTGAGE,2.4,EDUCATION,C,24938,14.11,0.64,Y,23,1
28,68317,MORTGAGE,0.7,DEBTCONSOLIDATION,B,2981,8.41,0.044,N,15,0
32,50368,RENT,4.7,HOMEIMPROVEMENT,A,2558,6.82,0.051,N,10,0
50,54982,MORTGAGE,6.5,PERSONAL,A,7127,8.07,0.13,N,14,0
60,67003,MORTGAGE,3.3,MEDICAL,A,914,8.1,0.014,N,19,0
30,33429,MORTGAGE,,EDUCATION,B,28995,10.51,0.867,Y,15,0
23,100505,MORTGAGE,4.8,PERSONAL,B,33128,8.94,0.33,N,4,0
53,20563,OWN,3.9,HOMEIMPROVEMENT,G,11601,25.19,0.564,N,26,1
57,27689,OWN,0.9,PERSONAL,E,34847,19.43,1.259,N,24,1
65,99791,MORTGAGE,2.6,HOMEIMPROVEMENT,D,25336,,0.254,N,18,0
23,67812,RENT,,MEDICAL,B,23619,10.45,0.348,N,12,1
57,198236,MORTGAGE,20.3,EDUCATION,D,21559,14.23,0.109,Y,14,0
38,50898,MORTGAGE,,MEDICAL,A,32892,,0.646,N,21,0
25,124895,RENT,6.6,EDUCATION,C,30824,12.23,0.247,N,21,0
53,17648,RENT,11.0,PERSONAL,B,594,10.83,0.034,N,11,0
37,22529,RENT,6.6,MEDICAL,A,12484,8.03,0.554,N,6,0
32,80220,MORTGAGE,11.7,EDUCATION,A,5730,5.46,0.071,N,8,0
60,18822,RENT,0.3,DEBTCONSOLIDATION,C,7938,14.76,0.422,N,22,1
42,43978,RENT,3.0,HOMEIMPROVEMENT,A,9566,7.11,0.218,N,11,0
38,93149,MORTGAGE,6.9,EDUCATION,C,32031,11.14,0.344,N,7,0
64,64578,MORTGAGE,4.4,DEBTCONSOLIDATION,E,26600,19.36,0.412,N,26,0
30,49320,RENT,,MEDICAL,A,17047,8.53,0.346,N,19,0
20,38291,RENT,2.1,MEDICAL,B,28017,9.42,0.732,N,7,0
43,54787,OWN,1.9,PERSONAL,D,16155,17.17,0.295,N,14,1
26,67338,MORTGAGE,1.5,HOMEIMPROVEMENT,B,9010,11.73,0.134,N,23,0
44,34081,RENT,2.1,EDUCATION,E,18162,19.05,0.533,N,29,0
40,60141,OWN,3.6,MEDICAL,E,31708,18.11,0.527,N,18,0
34,88710,RENT,9.7,EDUCATION,A,34711,,0.391,N,23,0
20,43374,OWN,6.8,VENTURE,A,31123,8.4,0.718,Y,24,0
31,50892,RENT,9.0,HOMEIMPROVEMENT,F,4265,20.49,0.084,N,8,0
26,63964,RENT,10.8,HOMEIMPROVEMENT,F,17070,21.88,0.267,N,4,1
34,66385,RENT,2.7,DEBTCONSOLIDATION,B,6785,10.86,0.102,N,25,0
40,79471,RENT,2.1,VENTURE,A,34415,,0.433,N,8,0
38,28059,MORTGAGE,,HOMEIMPROVEMENT,C,23874,12.65,0.851,N,21,0
48,36647,MORTGAGE,,VENTURE,B,4258,8.85,0.116,Y,21,0
44,37401,MORTGAGE,0.3,EDUCATION,E,14242,20.88,0.381,N,27,0
52,29817,RENT,6.8,VENTURE,D,14043,16.11,0.471,Y,8,1
51,18230,RENT,2.4,PERSONAL,C,2180,12.79,0.12,N,3,0
54,8184,RENT,,DEBTCONSOLIDATION,B,16204,9.29,1.98,N,6,1
63,94608,RENT,2.7,VENTURE,C,22026,12.76,0.233,N,14,0
57,20855,MORTGAGE,8.5,EDUCATION,B,9945,8.11,0.477,N,7,0
45,116027,RENT,1.7,HOMEIMPROVEMENT,A,25092,8.2,0.216,N,5,0
30,73620,MORTGAGE,1.8,PERSONAL,B,20981,9.67,0.285,Y,2,0
54,39217,MORTGAGE,4.5,VENTURE,B,8958,7.48,0.228,Y,12,0
27,68805,RENT,31.0,DEBTCONSOLIDATION,D,12710,,0.185,N,28,0
65,61933,MORTGAGE,3.6,DEBTCONSOLIDATION,E,26948,20.15,0.435,N,2,0
33,26742,RENT,13.8,EDUCATION,B,30728,9.83,1.149,N,20,0
29,48618,RENT,7.7,PERSONAL,B,6433,9.05,0.132,N,10,0
21,28597,MORTGAGE,7.9,PERSONAL,B,5856,10.16,0.205,N,19,0
65,70246,MORTGAGE,,PERSONAL,B,6576,9.64,0.094,Y,15,0
28,33078,RENT,2.4,VENTURE,D,19155,16.13,0.579,N,22,0
22,46483,MORTGAGE,1.1,EDUCATION,B,34208,10.38,0.736,N,8,1
40,45392,RENT,16.6,EDUCATION,E,9164,18.02,0.202,N,3,0
45,52410,MORTGAGE,16.0,EDUCATION,C,17397,12.31,0.332,N,18,0
27,122321,MORTGAGE,,MEDICAL,A,5961,6.12,0.049,N,8,0
21,42936,MORTGAGE,1.8,HOMEIMPROVEMENT,A,8991,,0.209,N,22,0
25,95784,OWN,1.4,EDUCATION,B,19385,9.25,0.202,N,8,0
47,63831,MORTGAGE,22.4,MEDICAL,B,11378,9.65,0.178,N,2,0
48,106950,RENT,0.3,MEDICAL,B,20845,9.27,0.195,N,23,0
45,40694,RENT,9.3,PERSONAL,A,19240,7.19,0.473,N,23,0
44,71888,OWN,2.2,HOMEIMPROVEMENT,F,4671,21.62,0.065,N,24,0
31,47448,RENT,2.7,PERSONAL,A,12747,6.15,0.269,N,29,0
24,9469,MORTGAGE,8.9,HOMEIMPROVEMENT,C,27510,10.69,2.905,Y,9,1
53,26918,MORTGAGE,0.5,PERSONAL,A,7968,,0.296,N,15,0
56,67528,MORTGAGE,2.2,DEBTCONSOLIDATION,B,28080,9.56,0.416,N,26,1
34,65117,MORTGAGE,15.2,VENTURE,B,15914,11.15,0.244,N,14,0
63,24046,MORTGAGE,6.0,HOMEIMPROVEMENT,B,13247,9.92,0.551,N,11,0
55,55337,MORTGAGE,7.0,DEBTCONSOLIDATION,B,33253,8.18,0.601,N,13,0
34,64653,MORTGAGE,7.1,MEDICAL,C,26640,,0.412,Y,14,1
62,48095,MORTGAGE,0.3,MEDICAL,C,22819,12.46,0.474,N,17,0
42,73192,RENT,1.1,HOMEIMPROVEMENT,C,10555,13.69,0.144,N,22,0
25,67907,MORTGAGE,3.4,PERSONAL,D,14990,14.25,0.221,N,14,0
65,48082,MORTGAGE,2.3,VENTURE,E,34487,20.45,0.717,Y,16,1
63,37013,OWN,2.6,VENTURE,D,30643,16.54,0.828,N,5,1
62,86976,RENT,7.6,EDUCATION,A,3676,6.75,0.042,N,6,0
64,63242,RENT,0.1,HOMEIMPROVEMENT,F,9790,20.15,0.155,N,27,1
40,22930,OWN,5.4,VENTURE,F,24292,20.25,1.059,N,15,1
42,55353,MORTGAGE,0.0,PERSONAL,C,14202,13.82,0.257,N,6,0
62,26028,RENT,0.3,PERSONAL,B,20606,10.96,0.792,N,28,0
35,28839,MORTGAGE,2.6,MEDICAL,A,11865,8.25,0.411,N,26,0
34,34250,OTHER,9.2,VENTURE,D,12906,18.0,0.377,N,8,0
44,50245,MORTGAGE,0.8,VENTURE,E,11790,19.9,0.235,N,28,1
55,60232,MORTGAGE,4.0,PERSONAL,C,9373,13.49,0.156,N,15,0
30,39147,RENT,5.7,MEDICAL,C,30867,15.87,0.788,N,3,1
34,40100,OWN,,VENTURE,A,30337,6.35,0.757,N,3,0
23,37168,MORTGAGE,3.6,PERSONAL,B,7870,9.88,0.212,N,2,0
40,87215,OWN,12.1,MEDICAL,C,10922,11.15,0.125,N,3,0
32,10207,RENT,3.6,MEDICAL,A,8864,7.75,0.868,N,3,0
41,41366,RENT,0.9,PERSONAL,C,11281,12.76,0.273,N,22,0
38,114661,MORTGAGE,4.9,MEDICAL,D,23628,,0.206,Y,26,0
53,65151,RENT,4.5,DEBTCONSOLIDATION,B,25808,9.28,0.396,N,24,0
33,98397,MORTGAGE,0.1,DEBTCONSOLIDATION,A,9611,6.05,0.098,N,28,0
23,16013,OWN,0.5,MEDICAL,D,26410,15.8,1.649,Y,14,1
65,24754,MORTGAGE,0.9,EDUCATION,A,24921,5.27,1.007,N,6,0
46,65037,OWN,0.7,MEDICAL,B,22101,8.38,0.34,Y,28,0
48,115018,MORTGAGE,1.5,VENTURE,C,22911,11.67,0.199,N,27,0
47,26168,MORTGAGE,,MEDICAL,D,17601,15.26,0.673,N,21,0
54,39605,MORTGAGE,2.3,VENTURE,E,11234,18.44,0.284,N,16,0
27,61132,MORTGAGE,11.1,PERSONAL,C,4856,10.54,0.079,Y,23,0
35,22051,MORTGAGE,4.7,MEDICAL,B,1022,9.38,0.046,N,21,0
61,65311,MORTGAGE,10.4,PERSONAL,D,31209,14.99,0.478,N,16,0
55,11252,MORTGAGE,3.7,HOMEIMPROVEMENT,C,15257,13.94,1.356,N,27,1
49,64262,RENT,0.5,DEBTCONSOLIDATION,C,19511,11.92,0.304,Y,8,0
37,28359,MORTGAGE,3.1,MEDICAL,B,9107,11.2,0.321,Y,14,0
21,38323,OWN,,PERSONAL,B,19960,12.09,0.521,N,17,0
32,70160,MORTGAGE,1.1,HOMEIMPROVEMENT,B,34185,11.4,0.487,N,20,0
23,62691,MORTGAGE,0.5,VENTURE,B,23496,8.82,0.375,Y,29,1
45,48806,MORTGAGE,2.0,VENTURE,B,21736,10.62,0.445,N,14,0
44,83530,MORTGAGE,2.5,DEBTCONSOLIDATION,G,10455,23.84,0.125,Y,25,1
49,19243,MORTGAGE,,DEBTCONSOLIDATION,B,26585,9.01,1.382,N,29,1
30,54853,OWN,0.7,VENTURE,A,17437,6.09,0.318,Y,25,0
26,31742,RENT,1.4,VENTURE,B,8470,10.16,0.267,N,4,0
50,81220,RENT,5.7,VENTURE,C,8258,11.95,0.102,N,24,0
63,71531,MORTGAGE,2.4,EDUCATION,E,27752,19.05,0.388,N,2,0
29,72972,MORTGAGE,5.0,DEBTCONSOLIDATION,D,12488,17.51,0.171,N,6,0
58,121171,MORTGAGE,3.8,PERSONAL,D,12534,14.68,0.103,Y,10,0
32,91079,RENT,4.0,HOMEIMPROVEMENT,D,24075,14.07,0.264,N,19,0
50,44955,RENT,1.4,HOMEIMPROVEMENT,E,34666,18.23,0.771,N,4,1
26,48986,OWN,3.7,MEDICAL,A,3928,8.71,0.08,N,21,0
61,68221,RENT,0.1,PERSONAL,B,3112,10.83,0.046,N,3,0
61,52833,MORTGAGE,,DEBTCONSOLIDATION,B,26042,8.97,0.493,N,27,0
55,72246,MORTGAGE,4.3,EDUCATION,B,14009,8.75,0.194,N,23,0
39,14376,MORTGAGE,1.0,EDUCATION,C,26097,13.39,1.815,N,22,1
23,137921,RENT,1.5,PERSONAL,B,7670,10.12,0.056,N,6,0
26,50694,MORTGAGE,1.2,VENTURE,C,20004,,0.395,N,25,1
20,20083,OWN,0.4,VENTURE,B,19969,8.61,0.994,N,15,1
63,29655,RENT,2.1,PERSONAL,B,16263,9.9,0.548,N,23,0
64,15197,RENT,19.3,DEBTCONSOLIDATION,B,28865,11.08,1.899,N,2,1
61,26913,RENT,2.2,HOMEIMPROVEMENT,D,11957,17.35,0.444,Y,18,0
32,45331,RENT,,VENTURE,C,11532,11.51,0.254,N,27,1
41,112768,OWN,5.3,MEDICAL,F,17130,21.9,0.152,N,27,0
40,61443,OWN,,DEBTCONSOLIDATION,D,23135,15.66,0.377,N,22,0
41,55718,OTHER,15.0,DEBTCONSOLIDATION,B,21155,9.0,0.38,N,14,0
47,26257,MORTGAGE,9.7,EDUCATION,A,33736,6.12,1.285,N,13,1
28,31148,MORTGAGE,7.9,VENTURE,C,4747,13.68,0.152,N,20,0
45,32506,RENT,15.1,HOMEIMPROVEMENT,C,22279,12.08,0.685,N,13,0
28,33243,MORTGAGE,1.3,DEBTCONSOLIDATION,B,13611,9.85,0.409,N,9,0
34,40402,MORTGAGE,4.8,VENTURE,A,11020,7.58,0.273,N,12,1
29,42116,OWN,10.9,VENTURE,C,34889,15.1,0.828,N,3,0
43,40680,MORTGAGE,4.9,EDUCATION,A,19879,7.36,0.489,N,6,1
61,33886,OWN,19.0,MEDICAL,E,12785,19.86,0.377,N,29,0
27,52800,OWN,0.5,DEBTCONSOLIDATION,C,28739,13.32,0.544,N,23,0
43,41236,OWN,2.9,MEDICAL,B,28318,9.75,0.687,Y,4,1
35,20382,RENT,18.9,HOMEIMPROVEMENT,A,2618,6.73,0.128,N,16,0
45,49956,MORTGAGE,2.4,PERSONAL,C,29228,12.86,0.585,N,15,0
46,45971,MORTGAGE,6.7,PERSONAL,C,2714,10.43,0.059,N,25,0
56,20562,RENT,0.2,PERSONAL,C,5226,12.61,0.254,N,9,0
23,35411,RENT,5.9,HOMEIMPROVEMENT,C,17680,13.53,0.499,N,7,0
43,68076,MORTGAGE,13.6,DEBTCONSOLIDATION,C,3807,12.12,0.056,N,10,0
38,26237,RENT,2.4,VENTURE,B,3469,11.74,0.132,N,20,0
55,24755,MORTGAGE,0.1,MEDICAL,E,10113,19.15,0.409,N,4,1
58,40999,MORTGAGE,0.1,MEDICAL,B,23347,9.84,0.569,N,25,0
29,69051,OWN,11.1,VENTURE,A,6434,,0.093,N,14,0
44,132677,MORTGAGE,6.4,DEBTCONSOLIDATION,B,5127,10.68,0.039,Y,29,0
37,70432,MORTGAGE,0.6,MEDICAL,A,20986,,0.298,N,11,0
38,89023,RENT,,DEBTCONSOLIDATION,B,26821,11.59,0.301,N,5,0
55,59318,RENT,8.2,MEDICAL,C,25313,14.76,0.427,N,27,0
29,33630,RENT,8.3,PERSONAL,A,24913,7.55,0.741,N,2,0
52,70153,RENT,0.6,PERSONAL,E,5733,,0.082,N,9,0
24,46766,OTHER,1.8,EDUCATION,C,13279,12.71,0.284,N,9,0
54,60316,MORTGAGE,7.6,EDUCATION,B,20113,11.97,0.333,N,15,0
63,29134,RENT,3.7,MEDICAL,B,8501,10.31,0.292,N,22,0
53,63357,RENT,15.7,PERSONAL,B,17522,9.48,0.277,N,28,0
52,45877,MORTGAGE,3.3,DEBTCONSOLIDATION,A,8403,6.35,0.183,N,15,0
40,55669,MORTGAGE,5.6,EDUCATION,A,11599,5.71,0.208,N,13,0
36,46779,RENT,3.6,EDUCATION,A,29291,8.1,0.626,N,29,0
41,42088,OWN,14.3,PERSONAL,B,5260,9.46,0.125,N,3,0
56,63996,RENT,2.5,DEBTCONSOLIDATION,A,2058,5.82,0.032,N,8,0
34,39208,RENT,1.3,EDUCATION,A,32895,5.96,0.839,N,5,1
54,20459,RENT,2.0,VENTURE,D,13731,12.87,0.671,N,25,0
47,17488,MORTGAGE,9.6,DEBTCONSOLIDATION,A,11363,7.85,0.65,N,28,0
26,54253,RENT,3.4,VENTURE,B,24701,9.72,0.455,N,11,0
51,38331,RENT,2.2,PERSONAL,A,3460,5.53,0.09,N,12,0
30,18939,RENT,3.9,PERSONAL,A,29802,8.66,1.574,N,23,1
29,51978,MORTGAGE,0.7,EDUCATION,D,10227,16.06,0.197,N,24,0
28,46554,RENT,0.0,MEDICAL,A,33760,5.0,0.725,N,11,0
33,37242,RENT,1.6,HOMEIMPROVEMENT,A,19874,7.87,0.534,N,28,0
32,56147,RENT,4.6,VENTURE,C,11136,11.79,0.198,N,19,0
44,101043,RENT,6.2,VENTURE,A,20467,7.71,0.203,N,22,0
21,99361,MORTGAGE,,DEBTCONSOLIDATION,B,14479,10.61,0.146,N,5,0
54,53054,RENT,13.1,DEBTCONSOLIDATION,B,32426,10.16,0.611,N,20,0
26,46789,RENT,,PERSONAL,B,6565,8.5,0.14,N,8,0
40,53463,MORTGAGE,6.7,MEDICAL,A,26205,5.52,0.49,N,2,0
37,58101,RENT,0.4,PERSONAL,F,29039,,0.5,N,15,1
22,42295,RENT,0.3,EDUCATION,B,16357,8.87,0.387,Y,14,0
61,53960,RENT,0.7,MEDICAL,C,2881,14.46,0.053,N,7,0
58,20630,OWN,3.0,EDUCATION,C,26473,12.88,1.283,N,28,1
60,51263,MORTGAGE,1.2,VENTURE,D,28622,14.79,0.558,N,20,0
30,63719,MORTGAGE,1.7,PERSONAL,C,2999,14.2,0.047,N,24,0
58,37443,OWN,5.2,DEBTCONSOLIDATION,D,4779,13.71,0.128,Y,10,0
43,46513,OTHER,2.2,PERSONAL,B,33153,9.84,0.713,N,4,0
65,26600,MORTGAGE,4.1,HOMEIMPROVEMENT,B,32842,10.67,1.235,N,18,1
38,24644,MORTGAGE,2.7,MEDICAL,D,30089,14.77,1.221,N,20,1
23,55047,RENT,0.9,VENTURE,E,14707,18.48,0.267,N,17,0
45,32818,RENT,0.4,HOMEIMPROVEMENT,A,10775,6.19,0.328,N,26,0
57,18448,MORTGAGE,1.3,HOMEIMPROVEMENT,C,33492,,1.815,N,27,1
61,26596,OTHER,0.3,PERSONAL,C,10732,,0.404,N,5,0
51,28810,MORTGAGE,4.8,MEDICAL,A,7499,8.02,0.26,N,17,0
58,75058,MORTGAGE,7.9,PERSONAL,E,4044,21.4,0.054,N,29,0
64,54095,MORTGAGE,2.1,MEDICAL,B,16112,10.91,0.298,N,28,0
65,30352,RENT,2.4,HOMEIMPROVEMENT,C,13862,12.68,0.457,N,20,0
55,35480,RENT,,EDUCATION,A,14988,8.34,0.422,N,24,0
59,100875,MORTGAGE,1.3,VENTURE,A,22857,5.65,0.227,N,13,0
56,82031,RENT,0.6,HOMEIMPROVEMENT,A,34939,6.36,0.426,N,8,0
52,26504,MORTGAGE,3.5,PERSONAL,A,4962,,0.187,Y,21,0
55,92961,OWN,5.2,VENTURE,B,1332,9.21,0.014,N,26,0
22,46894,OWN,4.6,HOMEIMPROVEMENT,D,30279,16.07,0.646,N,10,1
28,76098,RENT,6.3,MEDICAL,C,22714,12.16,0.298,N,3,0
27,44809,OWN,0.3,PERSONAL,A,30240,6.74,0.675,N,24,0
52,94108,RENT,2.8,HOMEIMPROVEMENT,A,34678,6.92,0.368,N,9,0
25,25905,RENT,,MEDICAL,C,34480,13.57,1.331,N,25,0
60,42595,MORTGAGE,7.1,MEDICAL,B,12779,10.2,0.3,N,11,0
58,95707,RENT,10.3,MEDICAL,G,23077,25.86,0.241,N,2,1
23,13148,RENT,1.7,VENTURE,D,2748,16.47,0.209,N,19,1
32,47794,RENT,0.5,PERSONAL,D,8866,15.76,0.186,N,9,0
21,39480,MORTGAGE,1.5,MEDICAL,A,27265,6.27,0.691,N,14,0
24,71436,RENT,0.5,HOMEIMPROVEMENT,D,3846,14.9,0.054,N,8,0
63,88296,MORTGAGE,1.9,MEDICAL,A,2737,5.0,0.031,N,15,0
46,73251,MORTGAGE,3.9,PERSONAL,C,18520,12.86,0.253,N,8,0
51,55968,MORTGAGE,18.2,DEBTCONSOLIDATION,B,9549,,0.171,N,18,0
40,50126,OWN,2.5,DEBTCONSOLIDATION,C,15704,,0.313,N,19,0
27,40599,RENT,1.2,VENTURE,A,8481,6.64,0.209,N,3,0
57,55021,RENT,0.9,MEDICAL,B,34836,9.37,0.633,N,4,1
27,109404,RENT,0.9,HOMEIMPROVEMENT,A,2151,7.66,0.02,Y,20,0
22,31045,RENT,1.1,PERSONAL,A,30236,6.8,0.974,N,4,0
63,39295,MORTGAGE,7.2,MEDICAL,C,11704,14.95,0.298,N,13,0
22,47026,RENT,0.3,VENTURE,F,34664,24.63,0.737,N,5,1
41,85009,RENT,29.8,EDUCATION,D,4082,,0.048,N,5,0
25,55426,MORTGAGE,3.7,DEBTCONSOLIDATION,B,15529,8.98,0.28,N,10,0
21,84197,MORTGAGE,3.9,HOMEIMPROVEMENT,A,27134,5.0,0.322,N,4,0
42,86574,MORTGAGE,2.2,DEBTCONSOLIDATION,A,10269,9.19,0.119,Y,4,1
63,67888,MORTGAGE,5.9,MEDICAL,A,6086,6.13,0.09,N,26,0
21,27304,MORTGAGE,3.2,MEDICAL,F,15608,21.35,0.572,N,21,1
57,122222,MORTGAGE,2.0,EDUCATION,B,930,9.16,0.008,Y,23,0
36,106596,RENT,1.5,PERSONAL,D,20469,15.61,0.192,N,27,0
54,50764,OTHER,,EDUCATION,C,21316,12.43,0.42,N,6,0
53,22925,MORTGAGE,1.7,PERSONAL,C,26194,13.99,1.143,N,17,0
42,20779,RENT,2.9,MEDICAL,F,25973,18.71,1.25,N,28,1
49,56380,RENT,2.2,EDUCATION,A,15947,6.77,0.283,N,29,0
27,33324,MORTGAGE,0.5,DEBTCONSOLIDATION,B,27343,10.86,0.821,N,27,0
41,19063,OWN,1.0,DEBTCONSOLIDATION,E,23155,18.17,1.215,N,20,1
63,20565,RENT,1.1,MEDICAL,C,28318,13.71,1.377,N,25,0
55,37854,RENT,5.9,EDUCATION,A,23704,7.11,0.626,N,28,0
24,54568,OWN,2.6,MEDICAL,A,19089,,0.35,N,6,1
32,106206,OWN,7.6,DEBTCONSOLIDATION,D,33070,13.83,0.311,N,9,0
48,63979,RENT,6.2,DEBTCONSOLIDATION,A,12817,7.49,0.2,N,13,0
50,39744,RENT,1.1,MEDICAL,E,1922,19.38,0.048,N,7,1
35,60413,MORTGAGE,,MEDICAL,A,12971,6.11,0.215,N,26,0
61,57515,RENT,6.8,VENTURE,C,15796,13.91,0.275,N,3,0
49,73625,OWN,5.0,EDUCATION,C,20157,12.42,0.274,N,16,0
35,47955,RENT,4.6,VENTURE,C,32319,14.24,0.674,N,17,1
31,86673,RENT,6.7,MEDICAL,B,27125,10.36,0.313,N,24,0
36,77145,RENT,0.3,HOMEIMPROVEMENT,D,18926,17.78,0.245,Y,27,1
35,51301,RENT,6.6,DEBTCONSOLIDATION,C,28239,13.44,0.55,N,5,0
31,45909,RENT,1.6,PERSONAL,D,26269,,0.572,N,27,0
27,81296,RENT,4.2,EDUCATION,A,19702,5.0,0.242,Y,16,0
39,33109,MORTGAGE,1.4,EDUCATION,A,31004,7.06,0.936,Y,8,1
22,21404,RENT,9.1,DEBTCONSOLIDATION,A,4677,6.71,0.219,N,26,0
35,21337,OWN,3.3,PERSONAL,A,34584,8.94,1.621,N,16,1
49,31634,RENT,5.1,VENTURE,C,16207,,0.512,N,27,0
64,70460,MORTGAGE,7.9,PERSONAL,B,13010,,0.185,N,17,0
42,38849,RENT,11.3,HOMEIMPROVEMENT,D,9753,17.68,0.251,N,29,1
47,54856,RENT,6.6,MEDICAL,A,16064,8.61,0.293,Y,18,0
59,37331,MORTGAGE,0.8,PERSONAL,B,30106,9.9,0.806,N,6,0
24,37494,MORTGAGE,9.6,PERSONAL,E,27151,,0.724,N,7,1
39,27889,MORTGAGE,4.8,MEDICAL,E,21164,18.39,0.759,N,5,0
59,46604,MORTGAGE,4.7,DEBTCONSOLIDATION,E,31938,20.6,0.685,Y,11,1
63,44518,MORTGAGE,12.7,EDUCATION,D,17551,15.1,0.394,N,23,0
20,61510,RENT,1.4,DEBTCONSOLIDATION,C,17100,14.03,0.278,N,2,0
49,57424,OWN,1.4,HOMEIMPROVEMENT,E,6507,17.84,0.113,Y,9,1
40,43983,MORTGAGE,3.6,DEBTCONSOLIDATION,C,25041,13.74,0.569,Y,7,1
39,21410,OTHER,6.9,PERSONAL,F,14816,20.98,0.692,N,11,1
25,88328,MORTGAGE,3.0,PERSONAL,A,13259,5.76,0.15,Y,5,0
41,46780,RENT,5.0,EDUCATION,E,12790,17.84,0.273,N,22,0
37,51215,RENT,3.0,HOMEIMPROVEMENT,C,15418,13.6,0.301,N,25,0
27,118216,MORTGAGE,4.7,MEDICAL,A,4692,7.59,0.04,Y,14,0
58,80783,MORTGAGE,8.6,MEDICAL,A,21622,7.59,0.268,N,19,0
51,62664,MORTGAGE,1.0,VENTURE,D,29784,16.27,0.475,N,21,0
52,48958,MORTGAGE,5.9,HOMEIMPROVEMENT,B,1199,9.42,0.024,N,24,0
35,48707,RENT,7.7,HOMEIMPROVEMENT,G,20201,24.13,0.415,N,3,1
31,55941,RENT,3.0,PERSONAL,A,33620,5.76,0.601,N,7,0
57,61316,RENT,2.0,VENTURE,B,10533,8.69,0.172,N,12,0
53,125651,MORTGAGE,0.1,MEDICAL,B,9168,,0.073,N,29,0
33,191051,MORTGAGE,8.0,HOMEIMPROVEMENT,B,20974,8.73,0.11,N,13,0
55,57505,RENT,2.0,HOMEIMPROVEMENT,C,16040,11.88,0.279,N,10,0
52,14998,MORTGAGE,2.2,EDUCATION,C,23018,,1.535,N,12,1
42,29043,RENT,2.0,MEDICAL,A,32124,5.41,1.106,N,16,1
64,132763,RENT,,EDUCATION,A,34337,7.37,0.259,N,14,0
21,72784,MORTGAGE,6.1,VENTURE,A,1361,6.36,0.019,N,3,0
60,61965,RENT,7.4,HOMEIMPROVEMENT,E,585,18.8,0.009,Y,21,1
40,44722,MORTGAGE,2.5,VENTURE,B,28535,9.86,0.638,N,15,0
21,25489,MORTGAGE,5.4,DEBTCONSOLIDATION,B,16826,10.35,0.66,N,11,1
46,123350,OWN,6.4,EDUCATION,B,15728,10.12,0.128,N,16,0
28,31170,RENT,1.8,MEDICAL,D,6520,17.42,0.209,N,27,1
20,73212,MORTGAGE,0.5,HOMEIMPROVEMENT,A,28857,,0.394,N,22,0
30,23971,MORTGAGE,11.3,DEBTCONSOLIDATION,A,16021,6.29,0.668,N,11,0
22,43545,MORTGAGE,5.7,DEBTCONSOLIDATION,C,15028,12.89,0.345,N,25,0
42,84636,MORTGAGE,5.2,MEDICAL,F,5765,21.91,0.068,N,22,0
45,42730,RENT,0.3,VENTURE,C,7921,11.22,0.185,N,22,0
23,40028,RENT,8.5,DEBTCONSOLIDATION,A,15630,5.11,0.39,N,27,0
37,49308,MORTGAGE,4.2,PERSONAL,B,13254,,0.269,N,10,0
25,23510,MORTGAGE,9.4,MEDICAL,F,22409,,0.953,N,27,1
54,21199,RENT,18.4,DEBTCONSOLIDATION,B,4477,11.78,0.211,N,7,0
41,72607,RENT,15.7,MEDICAL,B,30060,8.66,0.414,N,22,0
62,38862,MORTGAGE,9.7,MEDICAL,B,27214,9.48,0.7,Y,4,1
34,72299,RENT,,HOMEIMPROVEMENT,F,12802,22.2,0.177,Y,13,0
41,90671,RENT,10.8,VENTURE,C,4530,13.36,0.05,N,18,1
56,94774,RENT,0.4,VENTURE,C,26972,,0.285,N,23,0
61,20099,RENT,9.5,HOMEIMPROVEMENT,A,14027,9.04,0.698,N,27,1
31,33396,MORTGAGE,1.6,MEDICAL,C,27856,12.32,0.834,N,13,1
61,65885,RENT,4.7,MEDICAL,B,31513,10.44,0.478,N,26,0
57,66446,RENT,0.2,PERSONAL,A,15093,6.6,0.227,N,28,0
37,168921,RENT,7.4,DEBTCONSOLIDATION,E,22915,18.61,0.136,N,5,1
64,29756,RENT,0.6,MEDICAL,B,12205,10.91,0.41,N,15,0
54,93199,MORTGAGE,2.6,DEBTCONSOLIDATION,B,28747,11.18,0.308,Y,9,0
49,60159,RENT,8.5,EDUCATION,E,19093,19.82,0.317,N,19,0
43,19887,MORTGAGE,5.9,DEBTCONSOLIDATION,A,3569,,0.179,N,28,0
61,36268,RENT,0.0,MEDICAL,D,9118,14.39,0.251,N,3,0
49,56635,RENT,2.6,PERSONAL,C,25099,16.19,0.443,N,15,0
33,19198,RENT,0.2,EDUCATION,E,5721,19.37,0.298,N,5,1
25,15667,RENT,5.6,PERSONAL,D,34572,,2.207,Y,3,1
22,18607,MORTGAGE,17.4,DEBTCONSOLIDATION,C,12188,14.13,0.655,N,7,0
35,56529,MORTGAGE,5.3,PERSONAL,B,11368,8.91,0.201,Y,9,0
26,37550,MORTGAGE,1.3,DEBTCONSOLIDATION,B,15380,12.36,0.41,N,4,0
33,34857,RENT,2.2,VENTURE,F,24817,21.51,0.712,N,16,1
28,35522,RENT,18.8,DEBTCONSOLIDATION,A,21278,8.03,0.599,N,20,1
34,22398,RENT,1.3,HOMEIMPROVEMENT,D,3578,15.95,0.16,Y,21,1
40,38138,MORTGAGE,4.1,PERSONAL,A,7598,5.17,0.199,N,29,0
54,18011,RENT,,MEDICAL,A,25623,5.82,1.423,N,6,1
21,94202,RENT,7.3,VENTURE,A,22406,6.08,0.238,N,20,0
46,124340,RENT,10.1,EDUCATION,A,10809,6.18,0.087,N,7,0
21,13638,RENT,2.1,DEBTCONSOLIDATION,G,24236,25.22,1.777,Y,22,1
54,37872,OWN,5.4,HOMEIMPROVEMENT,E,24120,,0.637,N,25,0
37,39253,MORTGAGE,4.0,VENTURE,B,17080,,0.435,N,11,0
33,44535,MORTGAGE,1.6,PERSONAL,C,9822,10.63,0.221,N,5,0
39,85036,MORTGAGE,1.6,VENTURE,C,20115,13.43,0.237,Y,23,1
37,37933,MORTGAGE,3.9,MEDICAL,D,30434,15.04,0.802,Y,10,1
29,46698,RENT,0.8,MEDICAL,D,17252,16.16,0.369,N,23,0
44,252326,MORTGAGE,8.3,MEDICAL,A,15985,5.4,0.063,N,11,0
21,46110,RENT,0.4,HOMEIMPROVEMENT,B,20112,9.24,0.436,N,6,0
44,129499,RENT,0.5,VENTURE,C,9508,10.54,0.073,N,17,0
52,64607,MORTGAGE,2.1,VENTURE,F,1991,20.5,0.031,N,12,0
55,36151,MORTGAGE,0.6,PERSONAL,C,23911,14.68,0.661,N,25,0
50,32978,MORTGAGE,3.2,EDUCATION,E,17603,20.71,0.534,N,5,1
33,48825,MORTGAGE,2.6,MEDICAL,D,32196,14.51,0.659,N,13,0
20,26382,RENT,6.4,EDUCATION,C,3003,12.59,0.114,Y,23,0
65,30481,RENT,15.3,EDUCATION,E,13791,,0.452,N,24,1
35,38844,RENT,7.0,MEDICAL,B,22018,10.1,0.567,N,11,0
65,57603,MORTGAGE,1.0,MEDICAL,B,18766,9.31,0.326,N,23,0
22,133826,OWN,13.7,PERSONAL,D,10094,14.13,0.075,N,25,1
54,37544,RENT,2.5,HOMEIMPROVEMENT,A,25171,8.05,0.67,N,3,0
60,63185,RENT,3.2,MEDICAL,B,32556,9.39,0.515,N,29,0
25,20023,MORTGAGE,,EDUCATION,C,19544,11.03,0.976,N,22,1
44,87830,OWN,1.6,PERSONAL,B,26217,9.95,0.298,N,20,0
32,19016,MORTGAGE,11.3,VENTURE,F,14763,21.59,0.776,N,21,1
53,76047,RENT,2.0,PERSONAL,F,28264,21.39,0.372,Y,29,1
27,46886,OTHER,4.3,MEDICAL,B,7847,,0.167,N,11,1
40,45873,MORTGAGE,1.4,DEBTCONSOLIDATION,C,13011,12.74,0.284,Y,25,0
53,41558,RENT,8.0,MEDICAL,C,10987,14.35,0.264,N,28,0
23,23964,OWN,7.4,HOMEIMPROVEMENT,B,7921,,0.331,N,13,1
44,24672,MORTGAGE,1.8,PERSONAL,A,16178,6.08,0.656,N,3,0
34,77659,RENT,5.7,MEDICAL,D,4518,16.93,0.058,N,26,0
23,49343,MORTGAGE,6.1,EDUCATION,D,17858,18.99,0.362,N,8,0
64,41392,MORTGAGE,4.1,EDUCATION,A,1148,9.81,0.028,Y,29,0
31,62559,MORTGAGE,4.6,PERSONAL,D,18671,16.88,0.298,N,2,0
51,51829,RENT,4.3,HOMEIMPROVEMENT,C,11788,12.58,0.227,N,12,0
51,31694,OWN,0.4,DEBTCONSOLIDATION,A,33405,6.36,1.054,N,20,0
47,189766,RENT,5.5,PERSONAL,C,2331,12.54,0.012,N,29,0
32,73674,MORTGAGE,3.2,HOMEIMPROVEMENT,A,31521,5.0,0.428,Y,14,0
50,52569,MORTGAGE,2.9,EDUCATION,A,21610,7.82,0.411,N,25,0
33,36957,RENT,9.8,MEDICAL,D,6394,17.59,0.173,N,19,0
39,82786,RENT,0.1,VENTURE,E,21150,18.84,0.255,N,27,1
37,31787,OWN,1.4,MEDICAL,A,9575,9.51,0.301,Y,14,1
48,30349,RENT,0.6,EDUCATION,E,21491,22.27,0.708,N,24,1
25,124408,MORTGAGE,0.2,DEBTCONSOLIDATION,A,12707,8.06,0.102,N,18,0
51,49854,MORTGAGE,1.6,EDUCATION,A,8178,6.2,0.164,N,15,0
48,32214,MORTGAGE,22.3,MEDICAL,A,25279,5.97,0.785,N,17,1
62,49174,MORTGAGE,1.6,MEDICAL,A,21036,7.93,0.428,N,20,0
21,78245,RENT,5.4,DEBTCONSOLIDATION,B,17540,11.26,0.224,N,13,0
42,68988,RENT,0.6,DEBTCONSOLIDATION,E,26124,18.21,0.379,N,27,0
38,83771,OWN,4.6,EDUCATION,A,20346,,0.243,N,19,0
50,24655,MORTGAGE,20.8,MEDICAL,B,20010,7.95,0.812,N,13,0
24,82622,RENT,1.7,VENTURE,D,31366,14.75,0.38,N,13,0
38,44423,OWN,9.4,VENTURE,B,3524,9.5,0.079,N,19,0
53,51482,MORTGAGE,30.1,PERSONAL,C,15946,14.31,0.31,N,11,0
29,95341,RENT,4.4,VENTURE,B,16955,9.31,0.178,N,3,0
44,72149,OTHER,1.9,EDUCATION,A,6153,5.0,0.085,N,21,0
21,59461,MORTGAGE,5.6,EDUCATION,D,34220,15.21,0.576,N,7,0
30,16461,RENT,9.3,PERSONAL,A,6779,6.6,0.412,Y,2,0
50,47809,RENT,0.9,HOMEIMPROVEMENT,B,21063,9.57,0.441,N,27,0
34,31838,MORTGAGE,,PERSONAL,B,6526,6.9,0.205,N,8,0
28,72480,MORTGAGE,1.9,HOMEIMPROVEMENT,B,27671,,0.382,N,24,0
42,84543,RENT,1.7,HOMEIMPROVEMENT,C,5671,14.58,0.067,Y,2,0
38,41518,RENT,9.9,MEDICAL,B,33341,,0.803,N,11,1
28,33966,RENT,,DEBTCONSOLIDATION,C,12218,12.19,0.36,N,29,0
54,115377,MORTGAGE,2.1,VENTURE,C,18943,12.07,0.164,N,14,0
40,35181,RENT,4.6,HOMEIMPROVEMENT,B,11410,10.18,0.324,N,10,0
28,25412,RENT,1.2,MEDICAL,E,31891,17.17,1.255,N,16,1
47,31008,MORTGAGE,1.3,PERSONAL,F,26077,20.64,0.841,N,25,1
65,36125,MORTGAGE,3.7,PERSONAL,C,1102,14.35,0.031,N,19,0
26,30523,MORTGAGE,2.6,HOMEIMPROVEMENT,A,23342,7.81,0.765,Y,8,1
35,78039,RENT,1.7,MEDICAL,B,29964,9.35,0.384,N,3,0
35,14634,RENT,0.3,EDUCATION,A,10587,7.58,0.723,N,15,0
52,30169,RENT,3.7,DEBTCONSOLIDATION,B,18408,8.9,0.61,N,21,0
23,47756,OWN,8.5,DEBTCONSOLIDATION,A,34434,5.88,0.721,N,6,0
23,55030,MORTGAGE,9.5,VENTURE,C,10452,11.86,0.19,N,11,0
58,124306,RENT,1.3,HOMEIMPROVEMENT,A,4792,5.12,0.039,N,20,0
59,114677,RENT,4.6,EDUCATION,F,30905,21.89,0.269,N,24,0
36,20324,MORTGAGE,9.7,VENTURE,A,25740,9.39,1.266,N,8,0
56,17164,MORTGAGE,2.6,EDUCATION,C,23217,10.6,1.353,Y,7,1
58,49698,MORTGAGE,13.5,DEBTCONSOLIDATION,E,34230,21.02,0.689,N,24,1
48,33851,MORTGAGE,11.7,MEDICAL,A,9744,5.0,0.288,N,4,0
55,25447,MORTGAGE,1.2,HOMEIMPROVEMENT,E,16971,19.6,0.667,Y,24,1
57,49457,MORTGAGE,1.5,EDUCATION,B,21835,7.77,0.441,N,14,0
58,55652,OWN,1.0,EDUCATION,F,9164,22.61,0.165,N,8,1
56,30901,MORTGAGE,1.1,EDUCATION,F,14692,21.02,0.475,N,26,1
54,34778,MORTGAGE,11.9,DEBTCONSOLIDATION,A,8542,7.86,0.246,N,3,0
26,32237,OWN,13.4,HOMEIMPROVEMENT,D,33514,15.03,1.04,Y,20,1
46,39092,RENT,0.3,MEDICAL,A,3378,7.59,0.086,N,5,0
47,66025,RENT,4.5,MEDICAL,A,6631,6.74,0.1,Y,25,0
41,27096,OWN,4.2,EDUCATION,A,20860,8.45,0.77,Y,2,0
33,34462,MORTGAGE,,MEDICAL,A,825,,0.024,N,12,0
26,39355,OWN,,VENTURE,C,14003,,0.356,N,3,0
56,48839,RENT,14.7,MEDICAL,B,1310,10.07,0.027,N,3,0
41,57056,MORTGAGE,0.9,EDUCATION,D,9095,,0.159,N,15,0
24,150729,RENT,0.6,VENTURE,B,7280,11.12,0.048,N,19,0
21,67148,MORTGAGE,0.2,HOMEIMPROVEMENT,F,22870,,0.341,Y,12,1
46,68033,RENT,2.3,PERSONAL,A,22430,5.0,0.33,Y,3,0
40,42334,RENT,2.1,DEBTCONSOLIDATION,A,7345,5.82,0.174,N,24,0
57,28597,RENT,2.8,MEDICAL,C,15158,13.94,0.53,N,7,0
34,36661,MORTGAGE,3.5,VENTURE,E,21573,17.14,0.588,N,29,1
40,33167,RENT,7.1,PERSONAL,D,19111,15.11,0.576,N,8,1
29,60823,RENT,2.5,HOMEIMPROVEMENT,B,33111,9.26,0.544,N,23,0
42,19767,RENT,2.0,PERSONAL,A,30673,6.71,1.552,N,11,1
58,67906,RENT,8.8,HOMEIMPROVEMENT,A,7633,6.54,0.112,N,2,1
24,45959,OWN,9.5,EDUCATION,B,1938,10.04,0.042,N,7,0
20,73375,RENT,1.3,EDUCATION,B,30122,,0.411,Y,21,0
32,32920,RENT,1.9,DEBTCONSOLIDATION,B,11575,8.95,0.352,N,26,0
40,29859,MORTGAGE,8.7,DEBTCONSOLIDATION,C,33931,15.12,1.136,N,15,1
45,39196,MORTGAGE,0.4,HOMEIMPROVEMENT,C,10676,14.68,0.272,Y,7,1
64,38682,MORTGAGE,2.0,PERSONAL,C,25229,13.61,0.652,N,10,0
40,76381,MORTGAGE,3.0,DEBTCONSOLIDATION,A,34000,7.73,0.445,Y,25,0
37,75981,OWN,1.0,MEDICAL,C,1305,13.31,0.017,N,6,0
56,139771,RENT,1.0,PERSONAL,A,14237,6.91,0.102,N,11,0
64,37327,OTHER,2.8,DEBTCONSOLIDATION,A,20563,5.93,0.551,N,29,0
51,8000,MORTGAGE,7.0,PERSONAL,D,11845,17.72,1.481,Y,8,1
55,39136,MORTGAGE,9.2,MEDICAL,C,25413,15.22,0.649,N,28,0
36,55651,MORTGAGE,19.4,PERSONAL,D,13018,15.31,0.234,N,9,0
54,72619,MORTGAGE,0.4,PERSONAL,A,3798,8.29,0.052,Y,29,0
30,57929,RENT,1.2,VENTURE,E,17611,18.45,0.304,N,22,0
40,37311,RENT,,HOMEIMPROVEMENT,A,12263,6.02,0.329,N,13,0
45,125843,OWN,3.9,EDUCATION,E,5458,18.44,0.043,N,9,0
23,27762,MORTGAGE,2.0,DEBTCONSOLIDATION,B,19821,9.51,0.714,N,11,0
53,42148,RENT,1.2,DEBTCONSOLIDATION,A,30706,7.68,0.729,Y,10,1
37,27066,MORTGAGE,1.6,DEBTCONSOLIDATION,B,2333,9.42,0.086,Y,22,0
59,49551,MORTGAGE,2.8,HOMEIMPROVEMENT,A,12093,7.98,0.244,N,25,1
54,117471,RENT,1.0,PERSONAL,B,13995,9.08,0.119,N,17,0
60,45364,MORTGAGE,16.7,MEDICAL,F,22891,21.88,0.505,N,16,0
48,45517,MORTGAGE,0.6,MEDICAL,B,30867,8.59,0.678,N,10,0
48,19287,RENT,21.2,EDUCATION,C,14251,11.39,0.739,N,15,1
57,41862,OWN,9.2,EDUCATION,E,16254,19.39,0.388,Y,2,1
61,92297,RENT,2.8,EDUCATION,C,10736,13.08,0.116,N,24,0
40,42717,MORTGAGE,6.7,MEDICAL,B,2510,9.4,0.059,N,17,0
61,41159,RENT,5.6,PERSONAL,G,28994,23.84,0.704,N,8,1
32,90052,MORTGAGE,1.2,EDUCATION,A,9355,5.56,0.104,N,28,0
60,41255,RENT,2.1,EDUCATION,B,25924,10.38,0.628,N,12,0
36,99770,RENT,3.6,MEDICAL,D,13376,15.12,0.134,N,3,0
28,24184,MORTGAGE,5.1,DEBTCONSOLIDATION,A,8956,8.91,0.37,N,29,1
60,71169,RENT,3.9,PERSONAL,C,18350,,0.258,Y,19,0
20,121234,MORTGAGE,3.2,EDUCATION,A,9785,7.59,0.081,Y,29,0
21,85333,MORTGAGE,2.9,PERSONAL,A,6154,,0.072,N,25,0
48,17553,OTHER,3.4,VENTURE,A,28489,5.97,1.623,N,8,1
52,34507,MORTGAGE,2.8,DEBTCONSOLIDATION,F,1736,22.5,0.05,N,4,1
29,42912,RENT,3.9,DEBTCONSOLIDATION,E,17493,19.57,0.408,Y,17,1
59,85431,RENT,10.9,EDUCATION,A,23564,6.34,0.276,N,27,0
40,23567,OWN,5.0,EDUCATION,A,25625,5.12,1.087,N,5,0
47,27989,MORTGAGE,6.4,MEDICAL,B,34486,7.38,1.232,Y,4,1
30,20275,RENT,4.6,DEBTCONSOLIDATION,C,27393,11.88,1.351,N,5,1
53,31126,MORTGAGE,5.2,VENTURE,E,32309,20.3,1.038,Y,27,1
27,24627,MORTGAGE,4.3,VENTURE,F,4794,21.02,0.195,N,14,0
41,118048,OWN,0.1,VENTURE,D,26340,,0.223,N,22,0
27,34335,OWN,39.1,HOMEIMPROVEMENT,C,28273,12.05,0.823,N,15,0
34,71683,OTHER,0.2,MEDICAL,A,26365,7.02,0.368,N,11,0
36,49507,OWN,2.5,MEDICAL,A,19748,,0.399,N,15,0
42,49127,OWN,,EDUCATION,C,2723,14.2,0.055,N,18,0
43,35408,RENT,0.5,MEDICAL,C,3340,12.41,0.094,N,23,0
64,74870,MORTGAGE,7.9,EDUCATION,D,20602,15.2,0.275,N,15,0
38,53363,MORTGAGE,2.8,EDUCATION,B,10560,7.59,0.198,N,6,1
24,51699,OWN,8.1,HOMEIMPROVEMENT,A,7201,,0.139,N,22,0
51,35369,MORTGAGE,1.6,MEDICAL,B,5918,,0.167,Y,26,1
63,38701,RENT,1.5,MEDICAL,F,29968,21.7,0.774,Y,4,1
20,67771,MORTGAGE,1.4,HOMEIMPROVEMENT,D,16969,14.26,0.25,N,20,0
42,55632,MORTGAGE,,HOMEIMPROVEMENT,A,4277,6.78,0.077,N,16,0
56,52465,RENT,,MEDICAL,E,28873,19.85,0.55,N,10,1
27,32379,RENT,3.0,MEDICAL,B,4072,9.25,0.126,N,25,0
32,142808,MORTGAGE,,EDUCATION,B,6469,,0.045,Y,10,0
27,37652,RENT,18.2,PERSONAL,B,30563,,0.812,N,11,0
42,48211,RENT,0.6,DEBTCONSOLIDATION,C,19755,13.45,0.41,N,17,0
62,44228,RENT,3.3,EDUCATION,C,3426,14.84,0.077,Y,27,0
20,143643,OWN,2.6,VENTURE,C,16179,12.52,0.113,Y,9,0
64,41774,MORTGAGE,0.5,VENTURE,C,17931,,0.429,N,8,0
43,39724,RENT,1.6,PERSONAL,A,6093,8.09,0.153,N,15,0
54,52316,MORTGAGE,0.1,DEBTCONSOLIDATION,A,24711,7.61,0.472,N,19,0
43,33474,MORTGAGE,10.5,HOMEIMPROVEMENT,D,9933,14.53,0.297,Y,28,0
36,52123,RENT,4.7,VENTURE,C,27985,12.12,0.537,N,16,0
24,180661,RENT,8.4,HOMEIMPROVEMENT,B,25665,10.54,0.142,Y,13,0
39,57805,MORTGAGE,3.7,HOMEIMPROVEMENT,A,22760,6.58,0.394,N,22,0
40,56657,MORTGAGE,,EDUCATION,A,529,7.45,0.009,N,11,0
59,33029,MORTGAGE,6.0,HOMEIMPROVEMENT,B,6846,9.43,0.207,Y,24,0
50,125500,RENT,11.9,PERSONAL,A,18974,,0.151,Y,6,0
65,142410,RENT,0.5,EDUCATION,B,15249,9.21,0.107,Y,18,0
55,78352,OTHER,2.0,PERSONAL,D,18010,,0.23,N,28,0
30,70235,RENT,6.2,HOMEIMPROVEMENT,B,26652,8.79,0.379,N,27,0
34,43082,MORTGAGE,15.9,VENTURE,D,3905,15.59,0.091,N,7,0
38,60793,RENT,19.8,DEBTCONSOLIDATION,C,26607,12.74,0.438,N,23,0
26,30966,RENT,5.1,HOMEIMPROVEMENT,A,31925,5.92,1.031,N,29,0
47,26387,RENT,1.1,PERSONAL,C,8236,12.23,0.312,N,23,0
62,21632,RENT,0.6,MEDICAL,A,5192,7.34,0.24,N,20,0
24,61443,RENT,14.6,MEDICAL,C,5021,13.85,0.082,N,18,0
24,22968,RENT,2.8,VENTURE,A,12341,7.3,0.537,N,15,0
49,37242,MORTGAGE,1.1,DEBTCONSOLIDATION,B,30078,,0.808,Y,17,0
51,47397,MORTGAGE,13.6,PERSONAL,C,31670,13.1,0.668,N,8,1
27,84745,RENT,0.6,VENTURE,A,1254,,0.015,N,16,0
29,35666,OWN,6.5,EDUCATION,A,14078,5.0,0.395,N,23,0
57,90427,RENT,4.9,HOMEIMPROVEMENT,B,3031,9.36,0.034,N,15,0
51,82169,RENT,0.5,EDUCATION,B,15524,9.85,0.189,N,22,1
47,27194,MORTGAGE,2.1,MEDICAL,D,1765,15.25,0.065,N,20,0
36,90903,MORTGAGE,0.8,HOMEIMPROVEMENT,A,15241,,0.168,N,14,0
50,41941,MORTGAGE,4.6,EDUCATION,B,8344,10.33,0.199,N,23,0
27,37256,RENT,3.2,MEDICAL,B,28988,9.89,0.778,N,11,0
59,42039,MORTGAGE,0.0,DEBTCONSOLIDATION,B,8869,,0.211,N,15,0
44,48926,MORTGAGE,18.6,EDUCATION,C,9362,15.43,0.191,Y,15,1
28,39015,RENT,2.2,HOMEIMPROVEMENT,A,34079,6.66,0.873,N,26,0
21,30889,RENT,1.5,EDUCATION,D,26642,14.84,0.863,N,13,1
34,32429,MORTGAGE,1.3,HOMEIMPROVEMENT,B,4055,10.39,0.125,N,25,0
22,52913,MORTGAGE,0.9,EDUCATION,A,10597,5.62,0.2,N,28,0
55,44879,RENT,35.3,VENTURE,C,7937,11.86,0.177,N,9,0
23,65514,RENT,1.7,DEBTCONSOLIDATION,C,33441,14.71,0.51,N,9,0
33,50453,RENT,,EDUCATION,B,23504,11.55,0.466,N,18,0
60,51141,MORTGAGE,10.3,EDUCATION,A,3057,7.78,0.06,N,24,0
60,67917,MORTGAGE,5.1,VENTURE,A,7539,7.47,0.111,N,18,0
44,106980,RENT,2.3,MEDICAL,B,29585,,0.277,N,8,0
29,109366,RENT,11.4,HOMEIMPROVEMENT,A,21068,6.03,0.193,N,19,0
40,102459,OWN,6.9,PERSONAL,C,26142,14.59,0.255,N,20,0
55,79122,MORTGAGE,1.3,MEDICAL,C,22650,12.39,0.286,N,11,0
31,154349,MORTGAGE,5.2,HOMEIMPROVEMENT,D,27419,15.04,0.178,N,19,0
46,62367,RENT,12.8,EDUCATION,C,29512,12.77,0.473,N,27,0
59,58632,MORTGAGE,3.4,MEDICAL,C,19562,13.69,0.334,N,2,0
21,168409,MORTGAGE,6.6,EDUCATION,C,18225,12.75,0.108,N,17,0
32,10945,RENT,17.7,MEDICAL,G,25110,24.79,2.294,N,6,1
51,43580,OTHER,5.9,MEDICAL,A,29342,5.0,0.673,Y,9,0
50,97623,OWN,0.5,PERSONAL,A,13173,6.92,0.135,N,13,0
35,84048,MORTGAGE,1.4,VENTURE,A,21314,8.2,0.254,N,23,0
51,201009,MORTGAGE,4.5,MEDICAL,B,7800,9.92,0.039,N,21,0
51,52006,MORTGAGE,1.6,EDUCATION,A,5787,9.48,0.111,N,14,0
53,38678,RENT,15.8,PERSONAL,A,14787,6.13,0.382,N,27,0
30,40837,RENT,2.6,MEDICAL,B,31455,9.41,0.77,N,18,0
29,58392,MORTGAGE,3.1,VENTURE,F,22536,21.2,0.386,N,11,0
34,119599,MORTGAGE,6.0,EDUCATION,F,22330,21.16,0.187,N,3,1
36,120424,OWN,3.7,PERSONAL,D,21134,16.64,0.175,N,19,0
59,47533,RENT,2.4,HOMEIMPROVEMENT,B,2267,9.67,0.048,N,28,0
37,56339,MORTGAGE,0.4,DEBTCONSOLIDATION,E,10080,21.33,0.179,N,4,1
28,35018,MORTGAGE,4.5,VENTURE,E,17083,19.3,0.488,N,19,1
44,37087,MORTGAGE,,HOMEIMPROVEMENT,E,31731,17.95,0.856,Y,21,1
59,87154,OWN,5.8,HOMEIMPROVEMENT,C,7141,,0.082,Y,21,1
33,118328,OTHER,2.4,PERSONAL,A,3232,9.0,0.027,Y,22,0
44,33406,RENT,0.7,PERSONAL,A,17947,7.26,0.537,N,26,0
41,56029,RENT,8.5,PERSONAL,E,23299,20.57,0.416,Y,4,1
49,42886,RENT,14.2,HOMEIMPROVEMENT,A,32467,,0.757,N,23,0
39,78836,MORTGAGE,2.5,DEBTCONSOLIDATION,B,27549,10.02,0.349,N,11,0
40,39589,RENT,6.5,EDUCATION,B,14245,11.61,0.36,N,12,0
63,16991,MORTGAGE,2.6,PERSONAL,A,13766,7.45,0.81,N,5,0
51,85138,RENT,3.5,VENTURE,E,24459,19.43,0.287,N,24,0
65,41484,MORTGAGE,9.1,PERSONAL,B,25480,9.51,0.614,N,5,1
40,43927,MORTGAGE,0.4,DEBTCONSOLIDATION,A,21467,8.05,0.489,N,16,0
54,62291,MORTGAGE,3.8,PERSONAL,G,26199,24.91,0.421,N,17,1
51,59519,MORTGAGE,1.2,DEBTCONSOLIDATION,B,14765,,0.248,N,8,0
49,62998,RENT,2.1,PERSONAL,E,19676,21.58,0.312,N,2,1
58,20003,RENT,5.2,HOMEIMPROVEMENT,B,9717,9.64,0.486,N,26,0
31,66567,MORTGAGE,0.1,DEBTCONSOLIDATION,C,1027,12.05,0.015,N,14,0
60,17154,MORTGAGE,4.5,EDUCATION,A,23722,8.36,1.383,N,18,1
37,74851,OWN,1.7,PERSONAL,B,7690,10.81,0.103,N,22,0
40,90681,OWN,5.5,HOMEIMPROVEMENT,A,25322,6.2,0.279,N,25,0
32,23093,MORTGAGE,0.8,VENTURE,F,27064,21.91,1.172,Y,9,1
40,58726,RENT,6.7,EDUCATION,A,16116,7.8,0.274,N,7,0
27,87679,MORTGAGE,5.2,HOMEIMPROVEMENT,A,33895,7.25,0.387,N,7,0
65,38293,RENT,17.7,DEBTCONSOLIDATION,E,9299,19.94,0.243,N,28,0
59,71004,RENT,12.1,MEDICAL,B,16426,9.99,0.231,N,19,0
65,10593,RENT,1.7,VENTURE,C,23312,13.98,2.201,Y,5,1
26,89680,RENT,0.1,VENTURE,C,22286,,0.249,N,16,0
42,49836,RENT,5.3,MEDICAL,A,16421,6.22,0.33,N,9,1
63,42539,MORTGAGE,4.6,HOMEIMPROVEMENT,A,33565,8.26,0.789,N,3,0
51,84222,OWN,0.1,HOMEIMPROVEMENT,E,22710,19.35,0.27,N,23,0
30,126894,RENT,0.7,DEBTCONSOLIDATION,A,12264,7.82,0.097,N,20,0
41,64032,OWN,4.4,VENTURE,B,20177,11.47,0.315,N,24,0
41,118752,RENT,12.1,HOMEIMPROVEMENT,C,15997,12.31,0.135,N,10,0
62,20862,RENT,11.8,MEDICAL,A,15350,7.64,0.736,N,25,0
44,70705,MORTGAGE,,HOMEIMPROVEMENT,D,32585,18.78,0.461,N,13,0
41,45587,MORTGAGE,2.4,VENTURE,B,13457,,0.295,N,9,0
47,31776,RENT,0.2,HOMEIMPROVEMENT,D,18933,14.55,0.596,N,26,0
48,16970,RENT,3.2,EDUCATION,A,28283,7.99,1.667,N,19,0
32,68629,MORTGAGE,7.0,MEDICAL,A,29041,5.0,0.423,N,7,0
37,79333,RENT,7.8,MEDICAL,D,16966,,0.214,N,26,0
21,102550,MORTGAGE,3.5,PERSONAL,B,21334,,0.208,N,14,0
48,93626,MORTGAGE,0.5,HOMEIMPROVEMENT,B,26885,9.97,0.287,Y,3,1
40,32066,RENT,2.4,DEBTCONSOLIDATION,D,14778,16.23,0.461,N,26,0
34,99696,OWN,13.4,MEDICAL,C,8832,15.65,0.089,N,19,0
46,105660,RENT,1.3,HOMEIMPROVEMENT,B,12415,10.1,0.117,N,10,0
50,42489,MORTGAGE,1.9,EDUCATION,A,23627,6.31,0.556,Y,2,1
34,49793,MORTGAGE,6.9,VENTURE,D,27033,15.23,0.543,N,7,1
42,29325,OWN,6.6,VENTURE,A,6015,6.45,0.205,Y,15,0
43,110689,MORTGAGE,12.2,PERSONAL,E,23820,17.54,0.215,N,7,0
63,21343,MORTGAGE,2.5,PERSONAL,A,1430,7.67,0.067,N,19,0
32,65790,RENT,3.6,DEBTCONSOLIDATION,D,2788,16.36,0.042,N,12,0
41,35303,MORTGAGE,3.1,MEDICAL,B,5920,10.56,0.168,N,8,0
62,26653,MORTGAGE,13.1,DEBTCONSOLIDATION,A,16000,7.96,0.6,N,27,0
56,17481,RENT,7.3,MEDICAL,B,5382,10.74,0.308,N,5,0
52,43543,OWN,8.9,MEDICAL,A,10953,5.34,0.252,N,5,0
22,24452,RENT,0.7,EDUCATION,A,7435,6.66,0.304,N,12,1
38,50565,OWN,7.8,PERSONAL,A,16333,6.71,0.323,N,26,0
42,129720,OWN,2.8,PERSONAL,E,22192,20.65,0.171,N,19,0
48,54706,MORTGAGE,0.1,VENTURE,A,31299,8.76,0.572,N,16,0
49,147046,MORTGAGE,0.3,PERSONAL,F,22361,,0.152,N,10,0
58,28559,RENT,5.7,PERSONAL,A,22991,5.81,0.805,N,26,1
63,24233,OTHER,2.3,EDUCATION,C,10239,13.19,0.423,N,17,0
44,27865,RENT,10.1,DEBTCONSOLIDATION,D,5984,15.62,0.215,N,13,0
56,47296,MORTGAGE,6.6,MEDICAL,E,17070,18.9,0.361,N,15,1
27,219174,MORTGAGE,0.1,DEBTCONSOLIDATION,A,15041,8.46,0.069,N,16,0
61,19650,OWN,5.8,EDUCATION,C,28006,13.32,1.425,N,23,1
35,68927,MORTGAGE,1.1,HOMEIMPROVEMENT,A,33314,6.42,0.483,N,27,0
27,33356,MORTGAGE,2.7,VENTURE,B,19752,9.21,0.592,N,14,1
20,43343,RENT,4.9,VENTURE,D,20796,14.28,0.48,N,8,0
63,24540,RENT,10.3,VENTURE,B,15340,10.67,0.625,N,5,1
24,79501,RENT,3.0,DEBTCONSOLIDATION,B,3537,10.34,0.044,Y,15,1
22,47850,OWN,8.3,MEDICAL,A,3805,7.68,0.08,N,17,0
20,89152,MORTGAGE,7.6,MEDICAL,A,29594,6.98,0.332,N,2,0
23,53980,MORTGAGE,2.7,MEDICAL,A,13764,5.73,0.255,N,10,0
59,16942,MORTGAGE,3.5,VENTURE,E,23201,19.07,1.369,Y,26,1
54,89598,MORTGAGE,6.0,VENTURE,A,27564,8.37,0.308,Y,28,0
51,16201,RENT,0.2,DEBTCONSOLIDATION,C,10392,13.07,0.641,N,14,0
61,17527,RENT,11.1,DEBTCONSOLIDATION,D,8645,17.97,0.493,N,18,1
53,29600,RENT,7.3,VENTURE,C,10128,13.3,0.342,N,29,0
62,29818,MORTGAGE,1.4,HOMEIMPROVEMENT,D,33380,18.36,1.119,N,21,1
44,105642,RENT,19.9,HOMEIMPROVEMENT,C,12528,,0.119,N,24,0
29,44616,MORTGAGE,1.0,DEBTCONSOLIDATION,B,11275,8.92,0.253,Y,20,0
40,97349,MORTGAGE,12.3,VENTURE,B,19229,9.22,0.198,N,22,0
65,35869,MORTGAGE,2.0,MEDICAL,F,15023,21.45,0.419,N,6,1
58,58378,RENT,7.2,MEDICAL,F,10850,19.95,0.186,N,25,1
46,63622,RENT,3.0,HOMEIMPROVEMENT,C,33323,13.56,0.524,N,10,0
46,71885,RENT,6.7,HOMEIMPROVEMENT,A,1080,7.52,0.015,N,2,0
21,37960,MORTGAGE,,VENTURE,B,13317,,0.351,N,3,0
60,39822,RENT,1.6,VENTURE,B,12503,8.53,0.314,N,15,0
32,41607,MORTGAGE,0.5,MEDICAL,D,13236,17.91,0.318,N,28,1
28,19755,MORTGAGE,10.0,DEBTCONSOLIDATION,C,10628,10.74,0.538,Y,6,1
55,46810,RENT,1.8,PERSONAL,B,24621,8.41,0.526,Y,2,0
41,39694,MORTGAGE,5.9,DEBTCONSOLIDATION,C,2167,14.06,0.055,N,17,0
61,67443,MORTGAGE,,MEDICAL,A,29087,7.38,0.431,N,7,0
45,51545,MORTGAGE,11.6,DEBTCONSOLIDATION,D,8910,15.26,0.173,N,7,0
31,102233,RENT,0.6,MEDICAL,A,4926,7.07,0.048,N,4,0
36,50947,RENT,11.2,VENTURE,C,32694,13.16,0.642,Y,21,1
33,35982,RENT,1.1,PERSONAL,A,32527,8.41,0.904,N,20,0
33,50601,RENT,6.7,PERSONAL,A,14167,5.54,0.28,N,6,0
53,73005,MORTGAGE,6.5,VENTURE,A,24822,7.35,0.34,N,26,0
39,18485,MORTGAGE,0.0,EDUCATION,E,34111,20.29,1.845,Y,27,1
30,33077,OWN,1.2,VENTURE,C,12799,11.8,0.387,Y,15,1
35,33463,RENT,3.4,HOMEIMPROVEMENT,B,27044,9.94,0.808,N,20,1
50,61454,RENT,2.7,DEBTCONSOLIDATION,D,1619,,0.026,Y,3,0
25,65513,MORTGAGE,12.5,PERSONAL,C,13858,11.06,0.212,N,16,0
38,51827,RENT,,VENTURE,C,24798,13.35,0.478,N,14,0
56,12540,RENT,13.8,MEDICAL,B,6897,10.42,0.55,N,7,0
23,19760,MORTGAGE,3.1,MEDICAL,A,14330,8.8,0.725,Y,27,1
23,42984,RENT,16.7,DEBTCONSOLIDATION,A,10571,6.97,0.246,N,2,0
39,37204,MORTGAGE,6.7,MEDICAL,A,30618,7.53,0.823,Y,10,1
29,49165,RENT,8.8,VENTURE,C,23315,14.77,0.474,Y,12,0
43,37866,MORTGAGE,0.6,EDUCATION,A,18822,6.23,0.497,N,17,0
54,113823,MORTGAGE,4.4,HOMEIMPROVEMENT,B,15209,8.58,0.134,Y,15,0
45,13881,RENT,0.8,MEDICAL,B,34297,10.15,2.471,N,11,1
56,57898,OWN,1.8,VENTURE,A,2004,6.76,0.035,N,20,0
57,77296,MORTGAGE,4.9,EDUCATION,F,34132,21.89,0.442,N,20,0
40,72102,OWN,6.5,PERSONAL,E,19074,18.49,0.265,N,9,0
59,75584,RENT,0.2,PERSONAL,A,17373,5.99,0.23,N,17,0
58,81806,MORTGAGE,3.8,DEBTCONSOLIDATION,D,31315,17.12,0.383,Y,13,0
40,35165,RENT,4.2,HOMEIMPROVEMENT,B,7627,9.98,0.217,Y,7,1
29,26747,MORTGAGE,0.4,VENTURE,D,22198,18.69,0.83,N,4,1
57,16009,MORTGAGE,3.5,VENTURE,A,27383,5.75,1.71,N,7,0
65,40157,MORTGAGE,6.3,MEDICAL,A,10233,9.41,0.255,N,7,0
23,31963,OWN,0.3,EDUCATION,E,32302,19.35,1.011,N,4,1
64,92863,RENT,7.1,HOMEIMPROVEMENT,E,22764,,0.245,Y,13,1
39,41849,RENT,4.3,EDUCATION,B,29223,8.68,0.698,N,12,0
36,27813,MORTGAGE,9.0,HOMEIMPROVEMENT,E,5382,18.2,0.194,Y,28,0
26,25496,MORTGAGE,1.2,VENTURE,C,6435,14.51,0.252,Y,7,1
23,146363,RENT,9.0,VENTURE,A,15530,5.0,0.106,N,28,0
48,48428,MORTGAGE,0.5,HOMEIMPROVEMENT,B,31308,7.85,0.646,N,27,0
33,31893,OWN,2.6,EDUCATION,A,25113,5.07,0.787,N,29,0
22,52481,MORTGAGE,1.1,DEBTCONSOLIDATION,D,29255,17.41,0.557,Y,9,1
43,139147,RENT,10.4,PERSONAL,G,15967,25.82,0.115,Y,26,1
56,39564,RENT,6.1,PERSONAL,C,21989,,0.556,Y,20,1
35,71528,OTHER,0.1,MEDICAL,C,31928,12.43,0.446,N,17,0
23,94141,MORTGAGE,0.0,MEDICAL,D,4336,16.16,0.046,N,19,0
43,17321,OWN,1.7,DEBTCONSOLIDATION,A,21718,8.22,1.254,N,27,0
53,34505,RENT,0.8,EDUCATION,B,22812,8.78,0.661,N,27,0
49,87868,MORTGAGE,5.0,DEBTCONSOLIDATION,B,25747,10.16,0.293,N,13,0
37,33369,MORTGAGE,,VENTURE,C,21009,12.59,0.63,N,16,1
38,61577,RENT,14.2,EDUCATION,D,1127,15.88,0.018,Y,8,0
50,32300,MORTGAGE,,HOMEIMPROVEMENT,A,29264,5.92,0.906,N,13,0
38,38366,MORTGAGE,5.4,PERSONAL,B,10957,10.25,0.286,N,25,0
65,35880,MORTGAGE,0.0,MEDICAL,D,20044,15.06,0.559,N,14,1
38,69575,MORTGAGE,2.2,EDUCATION,A,20651,7.11,0.297,N,28,0
41,54768,MORTGAGE,3.6,EDUCATION,B,25961,11.87,0.474,N,26,0
43,51759,OWN,3.5,HOMEIMPROVEMENT,A,6925,8.25,0.134,N,18,0
64,194681,MORTGAGE,4.6,VENTURE,C,25464,14.67,0.131,N,14,0
31,127622,MORTGAGE,16.2,VENTURE,D,16555,16.38,0.13,N,18,0
49,16486,RENT,10.8,PERSONAL,A,21908,8.36,1.329,N,12,0
57,38411,MORTGAGE,0.6,DEBTCONSOLIDATION,D,32092,13.84,0.835,N,2,1
50,186195,MORTGAGE,1.5,DEBTCONSOLIDATION,B,5952,7.97,0.032,Y,12,0
55,35738,RENT,9.0,MEDICAL,A,25487,5.79,0.713,N,21,0
38,154548,MORTGAGE,8.7,VENTURE,B,25482,8.88,0.165,N,13,0
64,38774,RENT,1.6,VENTURE,E,13387,20.26,0.345,N,4,1
55,43100,MORTGAGE,6.6,VENTURE,A,9840,5.19,0.228,N,8,0
49,78823,RENT,5.6,DEBTCONSOLIDATION,B,19553,8.37,0.248,N,7,0
52,46648,RENT,3.2,EDUCATION,C,8290,12.85,0.178,Y,4,0
37,64346,OWN,1.1,VENTURE,B,16883,10.16,0.262,N,29,0
47,116567,MORTGAGE,11.0,DEBTCONSOLIDATION,A,14308,8.05,0.123,N,20,0
30,74409,MORTGAGE,5.7,HOMEIMPROVEMENT,B,23096,9.68,0.31,N,22,0
64,52989,MORTGAGE,0.9,DEBTCONSOLIDATION,D,10391,15.78,0.196,Y,21,0
52,123061,MORTGAGE,6.1,PERSONAL,F,32240,,0.262,N,10,0
36,79394,MORTGAGE,6.8,VENTURE,A,31952,5.92,0.402,N,13,0
25,32746,MORTGAGE,10.9,MEDICAL,C,24621,13.15,0.752,N,2,0
23,145661,OWN,1.3,EDUCATION,A,8169,7.68,0.056,N,17,0
39,69793,RENT,22.4,HOMEIMPROVEMENT,C,20231,12.56,0.29,Y,18,0
46,43585,OWN,0.8,DEBTCONSOLIDATION,A,9109,8.03,0.209,Y,14,0
34,16131,RENT,,PERSONAL,A,6039,5.97,0.374,N,13,0
25,22978,MORTGAGE,5.4,EDUCATION,D,1684,17.87,0.073,N,29,0
33,124875,RENT,2.7,HOMEIMPROVEMENT,A,5686,6.62,0.046,Y,22,0
30,127620,MORTGAGE,3.2,EDUCATION,B,33582,9.47,0.263,Y,16,0
58,51374,MORTGAGE,11.1,PERSONAL,F,29504,20.25,0.574,Y,9,1
28,18515,OTHER,5.2,PERSONAL,G,17476,23.66,0.944,N,5,1
45,26961,OTHER,3.4,VENTURE,A,18621,6.03,0.691,N,26,0
35,20068,OWN,0.7,MEDICAL,C,32170,11.65,1.603,N,15,1
24,19671,RENT,0.0,VENTURE,C,33998,11.58,1.728,N,24,1
29,149453,OTHER,0.7,DEBTCONSOLIDATION,B,4192,10.05,0.028,Y,4,0
22,152200,MORTGAGE,15.6,EDUCATION,E,28540,19.72,0.188,N,7,0
32,26463,OWN,7.2,VENTURE,D,4719,16.34,0.178,N,7,0
62,48785,RENT,17.1,PERSONAL,D,3642,12.16,0.075,N,22,0
49,24181,MORTGAGE,0.2,PERSONAL,A,20380,5.75,0.843,N,17,1
64,48611,OWN,5.7,PERSONAL,B,3459,11.36,0.071,N,9,0
25,120766,OWN,0.2,VENTURE,B,7210,8.39,0.06,N,28,0
36,88724,MORTGAGE,7.6,DEBTCONSOLIDATION,B,5583,9.85,0.063,N,2,0
64,76478,MORTGAGE,2.4,DEBTCONSOLIDATION,A,9146,5.68,0.12,N,12,0
38,44055,RENT,,HOMEIMPROVEMENT,A,23701,,0.538,N,13,1
61,98133,MORTGAGE,4.2,VENTURE,A,25812,6.05,0.263,N,12,0
54,69959,MORTGAGE,,VENTURE,A,9847,,0.141,N,14,1
65,61215,RENT,5.4,VENTURE,A,26957,6.13,0.44,N,11,0
45,46005,RENT,5.4,VENTURE,A,24787,5.0,0.539,N,21,0
24,58401,RENT,6.1,PERSONAL,B,7214,,0.124,N,24,0
48,57442,MORTGAGE,24.4,MEDICAL,B,12725,7.7,0.222,Y,23,0
56,36395,RENT,2.4,VENTURE,B,34509,8.9,0.948,N,15,0
39,32009,MORTGAGE,3.1,VENTURE,E,20616,21.24,0.644,N,8,1
40,28330,RENT,8.2,MEDICAL,C,10453,16.76,0.369,Y,15,1
29,29346,MORTGAGE,4.3,VENTURE,D,34660,16.02,1.181,N,20,1
24,44202,MORTGAGE,0.2,MEDICAL,E,20298,17.93,0.459,N,20,1
55,40377,MORTGAGE,9.3,PERSONAL,A,27237,7.03,0.675,N,2,1
25,34842,MORTGAGE,0.3,HOMEIMPROVEMENT,B,27145,,0.779,N,8,0
45,33452,MORTGAGE,0.9,VENTURE,B,5642,9.49,0.169,N,5,0
23,57557,RENT,0.5,HOMEIMPROVEMENT,B,24622,11.92,0.428,N,26,1
58,104577,OWN,0.4,VENTURE,A,29631,7.25,0.283,N,22,0
58,48727,RENT,0.1,EDUCATION,D,20556,14.29,0.422,N,6,1
54,47005,RENT,0.3,DEBTCONSOLIDATION,A,2233,7.49,0.048,N,26,0
20,29313,MORTGAGE,2.9,EDUCATION,G,8805,22.95,0.3,N,13,1
43,43360,RENT,1.5,PERSONAL,D,18788,13.75,0.433,N,18,1
55,94342,MORTGAGE,0.7,HOMEIMPROVEMENT,C,26596,13.92,0.282,N,7,0
25,86734,RENT,5.4,HOMEIMPROVEMENT,A,26581,6.08,0.306,Y,25,0
60,83481,MORTGAGE,1.3,MEDICAL,B,3087,11.89,0.037,Y,17,0
65,82020,RENT,,MEDICAL,A,9612,5.73,0.117,Y,2,0
63,62330,RENT,2.7,VENTURE,A,28869,8.47,0.463,N,13,0
50,61124,RENT,1.9,MEDICAL,D,15092,17.97,0.247,N,27,0
39,56084,MORTGAGE,1.9,MEDICAL,B,16787,10.19,0.299,N,26,0
43,38976,OWN,2.9,HOMEIMPROVEMENT,B,31040,9.64,0.796,N,15,0
44,51330,MORTGAGE,5.5,EDUCATION,D,5247,15.28,0.102,N,25,1
55,55192,MORTGAGE,4.8,HOMEIMPROVEMENT,A,5051,6.35,0.092,N,7,0
40,69441,MORTGAGE,13.8,MEDICAL,C,7322,11.08,0.105,N,10,0
49,51799,OWN,3.6,VENTURE,C,20168,13.77,0.389,Y,20,0
43,156035,MORTGAGE,3.2,EDUCATION,B,5007,10.73,0.032,N,21,0
63,25200,RENT,1.2,MEDICAL,D,4042,,0.16,N,4,1
61,74232,MORTGAGE,7.0,MEDICAL,F,14659,22.04,0.197,N,22,0
49,47921,MORTGAGE,0.8,DEBTCONSOLIDATION,B,3681,9.46,0.077,Y,12,0
41,49078,RENT,3.4,VENTURE,B,7453,8.54,0.152,N,13,0
47,31353,RENT,,VENTURE,B,25518,8.44,0.814,N,2,0
26,85874,OWN,5.4,MEDICAL,C,15300,12.32,0.178,N,18,0
54,70197,OWN,12.5,MEDICAL,C,34626,12.53,0.493,N,19,0
47,77536,MORTGAGE,14.6,HOMEIMPROVEMENT,A,17799,8.39,0.23,N,14,0
33,53803,OTHER,0.9,PERSONAL,A,16510,7.8,0.307,N,2,0
29,40999,MORTGAGE,1.5,VENTURE,F,31961,23.85,0.78,N,20,1
35,47258,RENT,8.3,VENTURE,A,33811,7.83,0.715,N,3,1
35,62218,RENT,3.7,DEBTCONSOLIDATION,C,13687,11.1,0.22,Y,27,0
50,16267,RENT,3.0,HOMEIMPROVEMENT,D,17528,14.22,1.078,N,24,0
61,79230,RENT,,EDUCATION,B,15679,8.73,0.198,N,14,0
44,186168,RENT,4.6,DEBTCONSOLIDATION,C,26846,12.58,0.144,N,9,0
32,63843,MORTGAGE,17.7,DEBTCONSOLIDATION,A,4332,6.07,0.068,N,3,0
25,42002,MORTGAGE,4.4,EDUCATION,F,25098,22.83,0.598,N,5,1
63,44860,OWN,3.1,EDUCATION,A,33411,8.41,0.745,N,9,0
28,72341,MORTGAGE,3.9,VENTURE,B,3796,8.55,0.052,N,28,0
64,42528,OWN,8.3,PERSONAL,C,1571,11.03,0.037,N,27,0
55,79044,MORTGAGE,4.7,PERSONAL,D,7048,17.97,0.089,Y,2,0
62,44543,OWN,,HOMEIMPROVEMENT,A,23793,7.28,0.534,N,12,0
39,125844,MORTGAGE,17.8,EDUCATION,B,14386,9.36,0.114,N,9,0
37,123949,RENT,4.8,EDUCATION,B,30297,11.9,0.244,N,14,1
62,40880,OWN,,MEDICAL,B,2052,11.49,0.05,N,17,0
40,46884,RENT,5.9,HOMEIMPROVEMENT,D,4836,15.29,0.103,Y,9,0
23,48421,MORTGAGE,5.4,DEBTCONSOLIDATION,A,12053,8.04,0.249,N,19,0
52,48779,RENT,0.1,DEBTCONSOLIDATION,D,11100,17.38,0.228,N,4,0
46,29112,MORTGAGE,3.1,HOMEIMPROVEMENT,D,6710,17.01,0.23,N,10,0
26,26957,OTHER,6.8,VENTURE,E,27403,20.52,1.017,N,11,1
25,97476,RENT,3.5,VENTURE,C,30601,11.86,0.314,N,22,0
34,89266,OWN,7.6,HOMEIMPROVEMENT,B,5373,10.03,0.06,Y,24,0
37,88422,RENT,3.0,PERSONAL,B,1528,11.97,0.017,Y,22,0
51,47185,RENT,20.5,HOMEIMPROVEMENT,F,20961,21.53,0.444,N,11,1
30,138774,RENT,1.7,PERSONAL,E,14078,18.23,0.101,N,19,0
39,48418,MORTGAGE,0.5,VENTURE,B,6378,10.13,0.132,N,19,0
43,78793,RENT,2.8,HOMEIMPROVEMENT,F,23075,20.1,0.293,N,18,0
34,22839,MORTGAGE,3.9,PERSONAL,D,2881,16.39,0.126,Y,23,0
26,43202,RENT,2.1,MEDICAL,E,31201,17.0,0.722,N,24,1
40,44994,RENT,1.4,MEDICAL,C,5114,14.52,0.114,N,22,0
61,47286,MORTGAGE,5.6,HOMEIMPROVEMENT,D,24534,14.05,0.519,Y,4,1
45,23646,RENT,2.4,EDUCATION,E,20243,20.02,0.856,N,28,1
63,72195,RENT,5.0,HOMEIMPROVEMENT,A,20233,6.12,0.28,N,11,0
33,86313,RENT,7.5,VENTURE,F,30174,20.73,0.35,N,16,1
56,32561,MORTGAGE,7.2,VENTURE,B,26039,10.03,0.8,N,27,0
40,26080,MORTGAGE,2.4,MEDICAL,B,7890,10.36,0.303,N,10,0
37,32115,RENT,4.2,PERSONAL,D,26697,16.11,0.831,Y,28,1
24,64377,RENT,3.0,MEDICAL,C,34992,13.41,0.544,Y,28,0
22,35308,RENT,10.2,PERSONAL,E,9068,19.83,0.257,N,13,0
42,45536,RENT,10.5,HOMEIMPROVEMENT,B,552,7.59,0.012,N,17,0
45,27162,OWN,2.1,EDUCATION,B,17211,10.16,0.634,N,16,0
56,145598,MORTGAGE,0.5,VENTURE,A,11080,5.36,0.076,N,25,0
43,51034,MORTGAGE,0.9,HOMEIMPROVEMENT,B,31746,8.48,0.622,N,3,0
38,92257,RENT,2.3,MEDICAL,C,1138,11.68,0.012,Y,20,0
44,64295,MORTGAGE,4.2,DEBTCONSOLIDATION,B,32931,7.63,0.512,N,8,0
40,47904,MORTGAGE,5.3,DEBTCONSOLIDATION,B,7785,9.99,0.163,N,28,0
31,46559,MORTGAGE,2.0,HOMEIMPROVEMENT,A,22583,5.0,0.485,Y,10,0
60,32896,MORTGAGE,5.5,EDUCATION,D,24541,16.49,0.746,N,15,0
52,38263,MORTGAGE,13.9,PERSONAL,A,21485,8.82,0.562,N,3,0
23,28161,MORTGAGE,,EDUCATION,C,32568,14.88,1.156,N,11,1
61,26521,RENT,0.9,MEDICAL,B,21847,8.69,0.824,N,8,0
26,154431,MORTGAGE,4.3,EDUCATION,A,29875,5.58,0.193,N,9,0
41,57148,RENT,3.9,VENTURE,D,32437,16.94,0.568,N,7,0
52,109770,MORTGAGE,10.2,DEBTCONSOLIDATION,B,21947,10.07,0.2,N,7,0
36,31674,MORTGAGE,2.2,EDUCATION,C,25634,12.91,0.809,N,25,1
43,24627,MORTGAGE,2.7,HOMEIMPROVEMENT,D,9600,14.43,0.39,N,28,1
53,28630,MORTGAGE,4.6,PERSONAL,C,23681,13.14,0.827,N,20,1
47,38865,RENT,3.7,VENTURE,D,33544,17.04,0.863,N,16,1
62,50014,RENT,6.3,VENTURE,D,18701,15.07,0.374,N,25,0
60,45115,MORTGAGE,0.2,VENTURE,C,12748,13.56,0.283,N,14,0
58,32040,OWN,,MEDICAL,B,17318,10.19,0.541,N,29,0
41,51443,MORTGAGE,0.6,MEDICAL,A,32999,6.22,0.641,N,28,0
36,53985,RENT,1.9,HOMEIMPROVEMENT,E,9531,18.94,0.177,N,11,0
53,72131,OWN,5.4,PERSONAL,F,8216,20.74,0.114,N,14,0
25,110055,OTHER,0.9,EDUCATION,B,15086,11.03,0.137,Y,2,0
65,40129,RENT,1.8,HOMEIMPROVEMENT,A,29803,5.76,0.743,N,19,0
25,95656,MORTGAGE,6.1,MEDICAL,A,15109,6.28,0.158,N,17,0
53,50831,MORTGAGE,5.3,HOMEIMPROVEMENT,C,24034,14.08,0.473,N,7,0
20,21162,MORTGAGE,0.5,PERSONAL,A,15188,6.37,0.718,N,3,0
29,130718,OWN,4.3,HOMEIMPROVEMENT,D,1658,14.88,0.013,N,11,0
40,171081,RENT,0.8,DEBTCONSOLIDATION,E,26799,,0.157,Y,3,0
24,68906,MORTGAGE,1.5,DEBTCONSOLIDATION,F,22382,24.15,0.325,N,4,1
21,51502,MORTGAGE,3.1,VENTURE,A,26870,8.4,0.522,N,20,0
41,42223,OWN,0.6,EDUCATION,F,6555,22.73,0.155,Y,5,1
21,37980,OWN,25.3,MEDICAL,D,2058,17.19,0.054,N,26,0
29,95404,OTHER,0.9,MEDICAL,A,26299,7.62,0.276,Y,10,0
53,48557,MORTGAGE,7.6,DEBTCONSOLIDATION,B,29866,10.27,0.615,N,12,0
35,123089,MORTGAGE,8.9,PERSONAL,C,11362,14.1,0.092,N,19,0
58,49969,RENT,26.0,PERSONAL,F,33346,22.42,0.667,N,19,1
41,39073,RENT,2.8,PERSONAL,A,10472,,0.268,N,16,0
31,35217,RENT,10.4,MEDICAL,A,3663,7.22,0.104,N,15,0
43,32563,MORTGAGE,15.8,VENTURE,B,26100,10.4,0.802,N,14,1
59,65041,OTHER,0.9,EDUCATION,F,34660,22.37,0.533,N,23,1
57,24053,RENT,3.3,PERSONAL,F,32736,22.44,1.361,N,15,1
29,31254,RENT,,MEDICAL,A,17480,,0.559,N,22,0
54,101566,MORTGAGE,4.8,VENTURE,B,30376,9.75,0.299,N,22,0
51,28998,MORTGAGE,4.4,PERSONAL,E,11680,17.48,0.403,N,8,0
26,78785,OWN,1.1,PERSONAL,D,25910,16.32,0.329,N,10,1
40,15761,RENT,8.0,EDUCATION,F,9420,22.41,0.598,N,18,1
39,108830,RENT,0.2,DEBTCONSOLIDATION,E,31375,20.58,0.288,N,6,0
45,24376,MORTGAGE,8.2,EDUCATION,A,33201,7.36,1.362,N,6,1
23,30272,RENT,0.1,HOMEIMPROVEMENT,D,27983,15.56,0.924,N,22,1
65,71266,RENT,5.3,DEBTCONSOLIDATION,A,13627,6.49,0.191,Y,10,0
41,56881,RENT,0.4,DEBTCONSOLIDATION,D,9346,,0.164,Y,12,1
34,80197,RENT,1.4,DEBTCONSOLIDATION,C,18858,12.18,0.235,Y,7,0
59,24269,RENT,6.4,PERSONAL,F,29563,22.18,1.218,Y,17,1
40,41867,OWN,1.6,HOMEIMPROVEMENT,F,30555,23.14,0.73,Y,9,1
34,34912,RENT,3.6,MEDICAL,A,19975,9.43,0.572,N,15,0
41,26619,RENT,12.3,EDUCATION,A,31354,8.39,1.178,N,25,0
47,68032,OWN,,DEBTCONSOLIDATION,B,15038,9.37,0.221,Y,7,0
33,82345,MORTGAGE,8.3,DEBTCONSOLIDATION,E,32917,18.1,0.4,N,7,0
46,40730,MORTGAGE,0.3,VENTURE,D,26814,16.76,0.658,N,27,1
60,113265,MORTGAGE,0.7,PERSONAL,F,10827,21.74,0.096,N,15,1
59,31820,MORTGAGE,0.6,PERSONAL,C,11084,,0.348,N,9,0
47,111765,OWN,,HOMEIMPROVEMENT,A,6315,10.11,0.057,N,28,0
45,66784,MORTGAGE,1.0,EDUCATION,A,4368,7.21,0.065,N,2,0
21,25010,OWN,11.4,DEBTCONSOLIDATION,A,749,8.5,0.03,N,26,0
44,145777,MORTGAGE,23.5,DEBTCONSOLIDATION,C,17184,12.6,0.118,Y,14,0
22,38389,RENT,2.4,HOMEIMPROVEMENT,E,12456,18.96,0.324,N,28,0
27,95112,OWN,,PERSONAL,B,32083,10.18,0.337,N,26,0
63,53109,MORTGAGE,7.6,EDUCATION,E,31848,18.67,0.6,N,25,1
52,60231,OWN,2.5,PERSONAL,B,32905,9.09,0.546,N,5,0
61,80471,RENT,0.9,EDUCATION,B,18078,12.64,0.225,N,28,0
54,78058,RENT,2.8,PERSONAL,B,17177,10.43,0.22,N,16,0
25,40612,OWN,7.4,VENTURE,B,19123,8.11,0.471,N,28,0
58,65671,RENT,,DEBTCONSOLIDATION,E,16408,19.12,0.25,N,18,0
42,63015,OWN,1.3,HOMEIMPROVEMENT,B,25106,8.27,0.398,N,19,0
44,55130,OWN,1.0,EDUCATION,A,33055,,0.6,N,18,0
62,43834,OWN,12.7,HOMEIMPROVEMENT,D,21761,16.13,0.496,N,12,0
38,55070,MORTGAGE,0.2,EDUCATION,G,22507,25.65,0.409,Y,13,1
24,144660,MORTGAGE,6.6,EDUCATION,C,25074,9.97,0.173,N,4,0
30,41678,OWN,0.2,DEBTCONSOLIDATION,A,4647,9.06,0.111,N,16,0
31,95189,MORTGAGE,9.1,EDUCATION,A,24394,6.21,0.256,N,26,0
29,34863,MORTGAGE,11.8,PERSONAL,A,19741,6.73,0.566,Y,7,0
27,30190,OTHER,1.8,MEDICAL,A,12282,,0.407,Y,6,0
43,297158,MORTGAGE,0.4,PERSONAL,E,30172,21.05,0.102,N,9,0
47,65973,OTHER,3.3,MEDICAL,A,22021,6.26,0.334,N,11,0
60,66978,RENT,1.8,DEBTCONSOLIDATION,B,32940,11.28,0.492,N,4,0
55,68007,RENT,2.7,DEBTCONSOLIDATION,C,8223,13.19,0.121,N,13,0
56,106299,MORTGAGE,5.5,PERSONAL,D,17493,,0.165,Y,29,0
40,61346,RENT,1.2,MEDICAL,A,29104,6.19,0.474,N,13,0
27,76797,MORTGAGE,2.2,DEBTCONSOLIDATION,B,18388,11.98,0.239,N,11,0
28,27386,RENT,7.6,EDUCATION,A,11923,6.3,0.435,N,20,0
34,84217,OTHER,5.2,EDUCATION,A,22415,5.71,0.266,N,22,0
65,43035,RENT,2.0,MEDICAL,B,25730,9.64,0.598,N,18,0
59,70930,RENT,5.5,MEDICAL,C,23029,11.03,0.325,N,15,0
37,19085,RENT,7.2,HOMEIMPROVEMENT,A,650,5.88,0.034,N,8,0
61,69327,MORTGAGE,4.5,EDUCATION,B,10670,9.62,0.154,N,20,0
39,14284,RENT,1.4,PERSONAL,A,28886,6.7,2.022,N,12,1
25,42118,RENT,0.0,HOMEIMPROVEMENT,F,26893,23.1,0.639,N,19,0
31,19186,MORTGAGE,8.1,MEDICAL,C,22656,,1.181,N,8,0
21,69436,RENT,8.6,DEBTCONSOLIDATION,E,34459,18.96,0.496,N,18,1
26,50924,RENT,6.0,PERSONAL,A,5495,5.0,0.108,N,2,0
35,32082,MORTGAGE,0.4,VENTURE,D,18774,13.44,0.585,N,10,1
22,107896,RENT,4.4,VENTURE,B,33378,9.36,0.309,N,8,0
64,29936,RENT,8.6,DEBTCONSOLIDATION,A,8443,6.0,0.282,N,15,0
22,9254,RENT,2.5,VENTURE,D,29538,15.29,3.192,N,17,1
46,65023,RENT,1.1,DEBTCONSOLIDATION,D,10913,17.95,0.168,N,4,0
62,18552,MORTGAGE,4.4,PERSONAL,G,2633,24.27,0.142,Y,17,1
59,30462,RENT,8.8,DEBTCONSOLIDATION,D,15383,14.96,0.505,N,22,0
57,36881,OWN,0.3,MEDICAL,A,34974,7.0,0.948,N,14,0
52,22399,OWN,4.5,PERSONAL,B,14742,,0.658,Y,19,1
47,37363,RENT,5.2,HOMEIMPROVEMENT,B,21926,10.72,0.587,N,22,0
20,22631,OTHER,4.6,HOMEIMPROVEMENT,A,16736,7.29,0.74,Y,10,0
27,53600,RENT,5.2,VENTURE,D,13218,18.22,0.247,N,27,1
56,24939,RENT,5.0,MEDICAL,B,14185,9.65,0.569,N,6,0
51,49840,RENT,0.7,HOMEIMPROVEMENT,F,29435,24.32,0.591,N,14,1
62,92883,RENT,1.3,EDUCATION,C,4764,13.84,0.051,N,18,0
56,75380,MORTGAGE,4.8,EDUCATION,B,4912,10.64,0.065,N,28,0
23,46866,RENT,0.1,VENTURE,A,14379,5.0,0.307,N,25,0
49,28458,MORTGAGE,5.0,VENTURE,A,17517,5.0,0.616,N,16,0
25,53505,MORTGAGE,5.5,VENTURE,D,33107,14.07,0.619,N,16,1
65,33434,RENT,1.4,HOMEIMPROVEMENT,G,6517,25.26,0.195,N,7,1
38,54754,MORTGAGE,4.6,MEDICAL,B,10076,,0.184,N,19,0
51,19083,OWN,3.8,DEBTCONSOLIDATION,D,2670,16.64,0.14,Y,28,0
28,76419,RENT,1.5,DEBTCONSOLIDATION,C,17929,13.05,0.235,N,23,0
31,49924,RENT,3.1,VENTURE,F,20173,23.08,0.404,Y,17,1
30,165162,MORTGAGE,12.0,PERSONAL,A,17760,8.43,0.108,N,10,0
65,100542,MORTGAGE,2.8,VENTURE,C,33661,12.63,0.335,N,4,0
35,66930,MORTGAGE,5.0,DEBTCONSOLIDATION,B,23584,10.67,0.352,N,6,0
20,45789,RENT,0.2,DEBTCONSOLIDATION,C,33500,13.46,0.732,N,8,1
64,32817,MORTGAGE,0.4,DEBTCONSOLIDATION,A,27499,7.97,0.838,Y,27,0
40,82316,MORTGAGE,0.4,HOMEIMPROVEMENT,B,17715,10.39,0.215,N,14,0
49,43208,MORTGAGE,7.5,MEDICAL,C,10909,,0.252,N,3,0
32,93209,RENT,2.2,VENTURE,A,8261,6.27,0.089,Y,12,0
53,61111,MORTGAGE,1.3,EDUCATION,D,16721,,0.274,N,2,0
23,61352,RENT,6.9,VENTURE,C,9926,12.59,0.162,N,6,0
47,67981,MORTGAGE,0.9,VENTURE,E,25568,17.72,0.376,Y,5,1
57,29560,OWN,1.4,MEDICAL,B,31108,10.36,1.052,N,16,0
50,27940,MORTGAGE,2.8,PERSONAL,A,25097,,0.898,N,26,0
46,27414,RENT,2.0,VENTURE,B,4377,9.95,0.16,N,11,0
24,87214,RENT,4.4,VENTURE,A,12819,6.56,0.147,N,5,0
44,29139,MORTGAGE,2.1,DEBTCONSOLIDATION,C,33612,12.33,1.154,Y,8,1
22,31205,MORTGAGE,2.5,HOMEIMPROVEMENT,A,22883,8.69,0.733,N,6,1
52,65882,MORTGAGE,9.9,MEDICAL,B,1660,11.97,0.025,N,16,0
23,42675,RENT,10.8,HOMEIMPROVEMENT,A,983,,0.023,N,6,0
44,39779,MORTGAGE,8.8,DEBTCONSOLIDATION,A,2328,8.2,0.059,N,14,0
39,37926,MORTGAGE,10.0,VENTURE,F,26960,20.1,0.711,N,7,1
53,13641,OTHER,4.2,VENTURE,G,30786,23.58,2.257,N,25,1
45,28802,MORTGAGE,5.2,EDUCATION,C,17199,12.93,0.597,N,21,0
24,93888,MORTGAGE,4.1,HOMEIMPROVEMENT,A,10568,5.72,0.113,N,17,0
54,36436,MORTGAGE,7.7,DEBTCONSOLIDATION,E,27711,19.45,0.761,N,10,1
47,17235,RENT,4.0,MEDICAL,E,33056,,1.918,N,7,1
48,28158,MORTGAGE,0.6,VENTURE,D,33106,15.94,1.176,N,9,0
28,59749,MORTGAGE,8.3,EDUCATION,C,10305,15.84,0.172,N,5,0
57,59101,OTHER,7.1,EDUCATION,A,14074,7.44,0.238,Y,10,0
25,41695,MORTGAGE,8.6,PERSONAL,A,1308,,0.031,N,12,0
38,33554,RENT,1.1,MEDICAL,E,5111,19.58,0.152,Y,12,1
63,22669,MORTGAGE,1.6,EDUCATION,E,25589,17.92,1.129,N,17,1
30,60024,RENT,1.8,MEDICAL,B,19222,12.34,0.32,N,10,0
21,77716,RENT,3.5,VENTURE,B,5524,8.32,0.071,Y,2,0
63,99596,RENT,0.7,PERSONAL,C,2396,13.34,0.024,N,2,0
63,26613,MORTGAGE,2.4,DEBTCONSOLIDATION,D,19584,16.89,0.736,N,8,1
28,103884,MORTGAGE,1.0,MEDICAL,D,1638,17.18,0.016,N,4,0
40,47517,RENT,1.5,DEBTCONSOLIDATION,C,17007,12.63,0.358,N,8,0
43,49742,MORTGAGE,6.1,PERSONAL,A,33005,,0.664,Y,2,0
53,80135,RENT,9.6,DEBTCONSOLIDATION,A,26978,5.74,0.337,N,2,0
41,36405,OWN,0.1,MEDICAL,C,18510,15.0,0.508,N,8,0
22,14911,MORTGAGE,4.2,DEBTCONSOLIDATION,D,34852,15.8,2.337,N,5,1
31,72234,MORTGAGE,0.2,MEDICAL,A,20342,6.4,0.282,N,19,0
47,59380,RENT,0.4,HOMEIMPROVEMENT,A,21644,6.23,0.364,N,22,0
49,40209,MORTGAGE,,PERSONAL,C,34673,13.36,0.862,N,6,0
45,69036,MORTGAGE,6.7,MEDICAL,B,11985,8.1,0.174,N,15,0
40,77251,OWN,,HOMEIMPROVEMENT,C,27114,14.06,0.351,Y,21,0
47,21341,RENT,3.2,HOMEIMPROVEMENT,C,32385,12.28,1.518,N,16,1
45,49631,RENT,9.8,PERSONAL,D,1744,17.57,0.035,N,26,0
52,14007,MORTGAGE,0.9,VENTURE,D,6392,14.51,0.456,N,19,0
40,45796,RENT,1.4,PERSONAL,B,12774,10.16,0.279,N,5,0
54,39934,RENT,0.7,MEDICAL,C,19014,13.66,0.476,N,3,1
53,64250,OWN,8.0,VENTURE,A,18214,7.79,0.283,Y,12,1
60,27168,RENT,1.3,PERSONAL,D,21326,15.38,0.785,N,27,1
37,38877,OTHER,0.8,PERSONAL,D,20482,14.52,0.527,N,21,1
30,8359,RENT,4.9,PERSONAL,B,14171,9.45,1.695,N,16,1
42,66611,MORTGAGE,0.4,PERSONAL,A,18228,8.4,0.274,Y,7,1
41,46694,MORTGAGE,0.2,VENTURE,A,5340,9.51,0.114,N,6,0
36,51430,MORTGAGE,0.6,MEDICAL,C,20195,11.05,0.393,N,12,1
24,21560,OTHER,0.0,HOMEIMPROVEMENT,A,5769,6.11,0.268,Y,11,0
63,61018,RENT,6.0,PERSONAL,C,29904,10.92,0.49,N,14,0
30,121663,OWN,4.1,HOMEIMPROVEMENT,C,928,12.34,0.008,N,17,0
49,44280,MORTGAGE,1.2,HOMEIMPROVEMENT,C,11954,12.23,0.27,N,11,0
34,70090,RENT,1.3,HOMEIMPROVEMENT,E,9241,17.57,0.132,N,7,0
46,30368,OWN,8.3,PERSONAL,B,21436,12.0,0.706,Y,3,0
54,46991,RENT,3.5,PERSONAL,E,16360,20.38,0.348,N,2,1
52,21115,MORTGAGE,6.0,DEBTCONSOLIDATION,A,20103,7.29,0.952,N,6,1
39,75619,RENT,3.0,PERSONAL,A,24606,6.87,0.325,Y,12,0
35,53525,OWN,1.4,PERSONAL,B,9824,11.07,0.184,N,4,0
53,25069,MORTGAGE,17.6,EDUCATION,C,28588,11.8,1.14,Y,4,0
21,31538,RENT,4.2,MEDICAL,A,11188,7.29,0.355,N,11,0
54,50695,MORTGAGE,0.7,EDUCATION,C,10270,12.27,0.203,Y,6,0
59,81481,RENT,2.6,DEBTCONSOLIDATION,B,1351,12.81,0.017,N,4,0
47,110607,RENT,2.0,VENTURE,E,26203,17.37,0.237,N,23,0
58,45534,RENT,1.2,EDUCATION,C,28340,12.67,0.622,N,28,0
25,23142,RENT,13.5,EDUCATION,C,26297,11.45,1.136,N,24,1
28,55890,RENT,10.6,EDUCATION,F,7407,22.9,0.133,N,7,1
39,130834,MORTGAGE,,MEDICAL,D,31324,16.9,0.239,N,11,0
20,20080,MORTGAGE,2.2,HOMEIMPROVEMENT,B,12816,9.16,0.638,Y,9,1
27,28997,MORTGAGE,7.2,VENTURE,B,18434,8.51,0.636,N,5,1
42,68598,RENT,1.2,VENTURE,C,9560,12.54,0.139,Y,7,0
22,53342,MORTGAGE,4.5,MEDICAL,A,8198,6.16,0.154,N,28,0
23,36324,MORTGAGE,6.0,DEBTCONSOLIDATION,A,21867,,0.602,N,14,0
44,55329,RENT,5.3,EDUCATION,B,7100,11.94,0.128,N,20,0
57,83922,OWN,6.1,HOMEIMPROVEMENT,D,7086,16.79,0.084,N,11,0
34,46439,MORTGAGE,6.1,PERSONAL,A,10052,7.91,0.216,N,13,0
40,44253,MORTGAGE,16.7,MEDICAL,A,16467,,0.372,N,13,0
54,67775,RENT,2.1,DEBTCONSOLIDATION,A,29967,,0.442,Y,24,0
65,42243,RENT,10.5,HOMEIMPROVEMENT,C,23213,13.14,0.55,N,7,0
33,91893,OWN,0.1,DEBTCONSOLIDATION,C,33264,13.87,0.362,Y,13,0
55,149448,MORTGAGE,1.7,MEDICAL,C,32060,14.32,0.215,N,7,0
31,29997,RENT,0.2,MEDICAL,B,32846,9.94,1.095,N,4,1
36,24648,RENT,5.3,PERSONAL,E,10170,19.25,0.413,N,17,0
58,60140,MORTGAGE,0.5,DEBTCONSOLIDATION,B,28620,9.32,0.476,N,17,0
28,24172,MORTGAGE,9.3,HOMEIMPROVEMENT,B,18897,,0.782,N,2,1
54,23946,OWN,5.2,DEBTCONSOLIDATION,F,17541,23.76,0.733,N,3,1
32,15881,RENT,0.1,DEBTCONSOLIDATION,F,33512,23.4,2.11,N,28,1
34,39726,RENT,6.3,EDUCATION,C,20648,13.83,0.52,N,12,1
37,48139,RENT,9.9,DEBTCONSOLIDATION,F,25211,23.09,0.524,N,27,1
52,36880,RENT,5.4,HOMEIMPROVEMENT,C,13948,12.96,0.378,N,27,0
25,105312,RENT,,HOMEIMPROVEMENT,B,9575,11.14,0.091,N,4,0
46,101087,OWN,9.8,EDUCATION,B,4232,9.82,0.042,N,29,0
42,141614,MORTGAGE,6.6,PERSONAL,C,31279,11.04,0.221,N,12,0
46,50291,MORTGAGE,2.4,HOMEIMPROVEMENT,C,30610,15.2,0.609,N,18,0
53,94004,RENT,2.0,DEBTCONSOLIDATION,B,25960,9.75,0.276,Y,12,0
65,58096,RENT,3.3,DEBTCONSOLIDATION,E,9674,20.27,0.167,N,15,0
57,54973,RENT,10.1,EDUCATION,B,11136,9.56,0.203,Y,25,0
33,37908,RENT,1.5,MEDICAL,A,14880,5.0,0.393,Y,17,0
55,14118,MORTGAGE,0.5,MEDICAL,A,25047,,1.774,N,26,1
27,69599,RENT,10.0,EDUCATION,F,31221,19.79,0.449,Y,24,1
54,92482,RENT,0.1,MEDICAL,D,5781,16.91,0.063,N,28,0
38,21182,RENT,12.1,HOMEIMPROVEMENT,C,25781,,1.217,N,8,1
49,48760,RENT,1.8,EDUCATION,D,3106,17.46,0.064,N,4,0
33,84576,MORTGAGE,3.5,DEBTCONSOLIDATION,D,27349,16.28,0.323,N,26,0
39,40226,RENT,0.7,HOMEIMPROVEMENT,E,34584,17.76,0.86,N,10,1
44,94486,MORTGAGE,11.6,VENTURE,B,33386,10.8,0.353,Y,22,1
59,45380,MORTGAGE,6.9,PERSONAL,C,5193,11.13,0.114,N,8,0
43,36723,RENT,12.9,DEBTCONSOLIDATION,A,15403,6.63,0.419,N,14,0
33,97504,RENT,5.7,DEBTCONSOLIDATION,F,12795,19.76,0.131,N,2,0
45,29332,MORTGAGE,1.0,PERSONAL,G,20969,25.42,0.715,N,23,1
57,32902,MORTGAGE,1.8,PERSONAL,D,33694,,1.024,Y,11,1
42,29954,RENT,3.3,EDUCATION,B,11341,10.15,0.379,N,2,0
41,26149,RENT,4.7,VENTURE,B,6235,8.88,0.238,N,27,0
38,53325,RENT,13.0,PERSONAL,B,27402,,0.514,N,15,0
65,36970,RENT,2.4,HOMEIMPROVEMENT,B,6381,11.09,0.173,Y,7,0
22,64134,RENT,,DEBTCONSOLIDATION,B,33907,10.28,0.529,N,23,0
61,18881,RENT,16.2,PERSONAL,A,31579,6.3,1.673,N,24,1
38,26439,RENT,0.8,VENTURE,G,9895,24.58,0.374,N,24,1
28,50431,RENT,9.9,HOMEIMPROVEMENT,B,27341,,0.542,N,12,1
47,110009,RENT,2.7,HOMEIMPROVEMENT,E,24502,17.68,0.223,N,27,0
39,60365,OWN,6.6,EDUCATION,C,645,14.02,0.011,Y,16,0
64,35448,MORTGAGE,1.7,EDUCATION,B,20014,11.51,0.565,N,13,0
26,21606,OWN,2.0,MEDICAL,A,16350,9.05,0.757,N,20,1
33,34326,RENT,0.1,VENTURE,G,9748,24.59,0.284,Y,8,1
28,47888,MORTGAGE,17.8,HOMEIMPROVEMENT,D,7633,17.65,0.159,N,28,0
38,13403,RENT,,VENTURE,A,16393,,1.223,N,27,1
33,25150,MORTGAGE,0.5,PERSONAL,A,34725,6.24,1.381,N,19,0
57,32674,RENT,38.1,DEBTCONSOLIDATION,C,32424,11.8,0.992,Y,29,0
55,42549,RENT,4.6,PERSONAL,B,17957,11.3,0.422,N,12,0
59,47577,OWN,9.6,DEBTCONSOLIDATION,A,34790,6.34,0.731,N,3,0
36,35032,MORTGAGE,0.3,MEDICAL,D,28230,15.12,0.806,N,18,1
49,64746,OWN,2.5,HOMEIMPROVEMENT,C,33803,13.98,0.522,N,15,0
28,52501,RENT,5.5,DEBTCONSOLIDATION,B,34028,8.34,0.648,Y,19,0
52,39993,RENT,0.6,HOMEIMPROVEMENT,F,13910,21.47,0.348,N,16,1
44,69847,RENT,3.4,DEBTCONSOLIDATION,C,25283,10.76,0.362,N,29,1
33,66773,MORTGAGE,2.9,MEDICAL,E,8599,,0.129,N,19,0
30,22035,MORTGAGE,1.2,PERSONAL,A,3763,,0.171,N,29,0
54,48164,OWN,1.8,HOMEIMPROVEMENT,B,2497,9.1,0.052,N,28,0
60,79988,RENT,,DEBTCONSOLIDATION,A,20889,6.48,0.261,N,10,0
33,87694,MORTGAGE,1.7,VENTURE,B,525,7.53,0.006,N,20,0
49,60114,RENT,1.2,HOMEIMPROVEMENT,F,9198,20.79,0.153,N,16,0
60,43117,RENT,3.8,DEBTCONSOLIDATION,F,31367,23.61,0.727,Y,2,1
23,61804,MORTGAGE,5.6,DEBTCONSOLIDATION,D,21357,16.36,0.346,N,13,1
23,76441,MORTGAGE,6.5,PERSONAL,B,8183,9.39,0.107,N,19,0
47,52245,RENT,7.0,HOMEIMPROVEMENT,D,8651,15.21,0.166,N,11,0
27,55588,RENT,0.2,HOMEIMPROVEMENT,C,21044,13.92,0.379,N,25,0
21,42727,RENT,,EDUCATION,A,31948,7.1,0.748,N,27,0
60,23500,RENT,7.4,DEBTCONSOLIDATION,B,31848,8.65,1.355,N,3,1
65,44538,RENT,11.8,HOMEIMPROVEMENT,C,12583,12.36,0.283,N,12,0
41,33778,RENT,4.6,DEBTCONSOLIDATION,A,13153,5.52,0.389,N,28,0
60,33838,RENT,0.3,MEDICAL,A,22791,6.17,0.674,N,21,0
35,107862,OTHER,2.5,MEDICAL,A,22861,7.82,0.212,N,10,0
48,82731,OWN,0.4,VENTURE,C,668,13.7,0.008,N,26,0
49,19313,MORTGAGE,6.9,HOMEIMPROVEMENT,A,13663,8.23,0.707,Y,24,1
31,26992,OTHER,0.3,VENTURE,C,16367,13.17,0.606,N,18,0
54,40136,MORTGAGE,1.0,PERSONAL,B,23111,8.19,0.576,N,27,0
30,34463,RENT,2.7,DEBTCONSOLIDATION,B,8125,8.51,0.236,N,12,0
65,58371,RENT,3.1,PERSONAL,D,7484,16.57,0.128,N,22,0
40,24736,OWN,2.6,EDUCATION,B,15173,10.12,0.613,Y,22,0
40,83049,MORTGAGE,3.1,EDUCATION,B,5617,,0.068,Y,19,0
24,47848,MORTGAGE,6.2,HOMEIMPROVEMENT,E,15697,18.59,0.328,N,24,0
39,40648,OWN,2.3,HOMEIMPROVEMENT,B,33449,,0.823,Y,14,1
56,48636,RENT,4.0,VENTURE,D,25082,17.12,0.516,N,18,0
22,38963,RENT,1.8,VENTURE,B,907,11.8,0.023,N,2,0
63,16044,RENT,2.2,HOMEIMPROVEMENT,A,26498,5.58,1.652,N,29,1
52,49343,RENT,4.8,HOMEIMPROVEMENT,C,11214,15.0,0.227,Y,11,1
28,41092,RENT,3.4,EDUCATION,B,7856,9.38,0.191,N,29,0
28,28999,RENT,6.4,EDUCATION,A,24942,8.89,0.86,N,2,1
23,89642,RENT,4.1,EDUCATION,A,16369,7.43,0.183,N,12,0
54,70840,RENT,8.1,HOMEIMPROVEMENT,A,28179,7.75,0.398,N,27,0
36,187469,RENT,2.9,VENTURE,D,11132,16.83,0.059,N,24,0
53,77587,RENT,3.4,MEDICAL,D,9090,16.12,0.117,N,15,0
43,34410,MORTGAGE,5.5,MEDICAL,E,1761,19.7,0.051,Y,21,1
51,29786,RENT,1.3,VENTURE,A,8200,5.78,0.275,N,5,0
20,37351,MORTGAGE,2.4,VENTURE,C,8480,12.85,0.227,N,10,0
27,33974,OWN,4.9,VENTURE,A,21974,7.94,0.647,N,21,0
64,52043,RENT,0.1,EDUCATION,C,34924,13.13,0.671,N,9,1
42,21029,RENT,2.9,PERSONAL,E,25883,,1.231,N,16,1
59,69982,OWN,4.6,HOMEIMPROVEMENT,A,22353,7.28,0.319,N,2,0
31,51542,MORTGAGE,17.1,EDUCATION,G,5970,23.36,0.116,Y,20,0
31,65700,MORTGAGE,10.5,MEDICAL,D,22014,17.26,0.335,N,17,0
65,26126,RENT,1.6,HOMEIMPROVEMENT,D,30259,,1.158,N,13,0
34,56144,MORTGAGE,3.5,VENTURE,C,12701,12.97,0.226,N,18,0
60,100162,OWN,0.3,DEBTCONSOLIDATION,D,27323,16.91,0.273,N,2,0
38,30537,MORTGAGE,1.4,MEDICAL,G,33649,25.1,1.102,N,20,1
45,30081,RENT,7.5,VENTURE,D,794,15.44,0.026,N,21,0
48,72517,OWN,0.7,DEBTCONSOLIDATION,B,554,,0.008,N,15,0
41,28768,MORTGAGE,1.5,VENTURE,C,22847,,0.794,N,7,1
59,43117,MORTGAGE,14.4,VENTURE,B,25718,,0.596,N,20,0
40,110376,RENT,8.7,HOMEIMPROVEMENT,F,32160,21.75,0.291,N,25,0
57,30317,MORTGAGE,7.6,MEDICAL,E,16963,18.71,0.56,N,25,1
39,114627,RENT,10.0,MEDICAL,C,10204,13.87,0.089,Y,20,0
48,40754,RENT,6.9,VENTURE,D,12494,15.63,0.307,N,20,0
23,26458,MORTGAGE,0.6,EDUCATION,E,5870,19.12,0.222,N,13,1
26,68325,RENT,3.6,PERSONAL,A,2843,7.69,0.042,N,14,0
47,52013,MORTGAGE,2.9,DEBTCONSOLIDATION,C,4406,11.53,0.085,Y,7,0
47,49377,MORTGAGE,1.9,EDUCATION,B,29344,10.74,0.594,Y,18,0
23,32119,RENT,9.0,HOMEIMPROVEMENT,D,17782,13.97,0.554,N,2,0
41,51805,MORTGAGE,3.1,DEBTCONSOLIDATION,B,12016,9.98,0.232,N,12,0
31,15721,OWN,0.3,PERSONAL,C,4498,12.57,0.286,Y,28,1
64,55288,RENT,1.6,EDUCATION,B,34780,8.43,0.629,N,6,0
22,100056,MORTGAGE,1.3,DEBTCONSOLIDATION,A,22083,9.03,0.221,N,27,0
41,18564,RENT,10.9,MEDICAL,A,16913,7.2,0.911,N,8,1
63,39193,MORTGAGE,5.2,EDUCATION,A,34261,6.22,0.874,N,2,1
21,30301,RENT,4.1,VENTURE,A,30768,7.17,1.015,N,16,1
43,21352,RENT,3.5,HOMEIMPROVEMENT,C,22678,,1.062,N,19,1
53,15849,RENT,5.3,EDUCATION,C,34554,11.81,2.18,N,12,1
46,25604,OTHER,7.0,DEBTCONSOLIDATION,A,31874,7.79,1.245,N,26,1
60,42902,MORTGAGE,4.0,EDUCATION,C,23763,11.9,0.554,N,2,0
20,92228,MORTGAGE,13.9,DEBTCONSOLIDATION,C,21832,13.58,0.237,N,20,0
27,21215,RENT,18.8,PERSONAL,A,22788,6.21,1.074,N,25,0
42,57636,MORTGAGE,26.8,VENTURE,B,7937,9.8,0.138,N,3,0
57,55315,RENT,5.5,PERSONAL,D,15908,16.19,0.288,N,11,1
25,122955,RENT,13.5,HOMEIMPROVEMENT,A,33062,8.58,0.269,N,13,0
41,67108,MORTGAGE,2.6,HOMEIMPROVEMENT,A,10979,5.23,0.164,N,29,0
44,69267,RENT,9.8,DEBTCONSOLIDATION,G,25671,27.04,0.371,N,8,1
37,72013,RENT,12.0,VENTURE,D,7331,,0.102,N,14,0
36,29486,MORTGAGE,11.7,PERSONAL,B,33078,10.39,1.122,Y,3,1
31,35772,MORTGAGE,8.9,VENTURE,C,19245,,0.538,N,20,0
25,90606,RENT,2.6,PERSONAL,D,656,15.84,0.007,N,27,0
45,15868,RENT,0.9,DEBTCONSOLIDATION,D,28379,16.04,1.788,Y,26,1
46,33682,RENT,2.0,DEBTCONSOLIDATION,B,18114,10.63,0.538,N,21,0
27,23577,OTHER,7.3,DEBTCONSOLIDATION,B,31391,10.55,1.331,N,29,1
38,55761,MORTGAGE,1.3,MEDICAL,C,24463,12.78,0.439,Y,24,0
61,38875,MORTGAGE,3.3,VENTURE,A,34457,7.84,0.886,N,7,0
20,69167,OWN,,HOMEIMPROVEMENT,F,14594,,0.211,Y,24,1
48,46168,RENT,4.6,PERSONAL,B,8194,10.11,0.177,N,8,0
64,20944,OTHER,13.7,MEDICAL,B,27025,11.39,1.29,N,3,0
54,21484,RENT,5.4,HOMEIMPROVEMENT,E,33811,20.42,1.574,Y,18,1
59,48857,RENT,7.7,PERSONAL,A,30407,8.26,0.622,N,27,0
33,32076,MORTGAGE,4.4,MEDICAL,A,15438,5.77,0.481,N,23,1
54,36572,RENT,9.0,HOMEIMPROVEMENT,C,31373,13.51,0.858,N,24,1
64,82135,MORTGAGE,1.5,HOMEIMPROVEMENT,B,15259,10.55,0.186,N,3,0
39,74419,RENT,1.2,MEDICAL,D,25367,18.12,0.341,N,19,0
32,131762,MORTGAGE,13.0,HOMEIMPROVEMENT,A,17496,7.95,0.133,N,10,0
57,41192,RENT,5.9,PERSONAL,B,15220,9.25,0.369,N,29,0
65,34453,RENT,5.6,PERSONAL,A,9422,6.54,0.273,N,12,0
27,61697,OWN,3.1,HOMEIMPROVEMENT,D,6877,12.95,0.111,N,15,0
62,36010,OWN,2.4,EDUCATION,A,25293,6.91,0.702,N,6,0
39,36664,OTHER,4.1,DEBTCONSOLIDATION,B,30611,9.56,0.835,N,24,0
52,43863,MORTGAGE,0.6,MEDICAL,D,8006,,0.183,N,2,1
45,121663,MORTGAGE,3.0,EDUCATION,E,14382,18.06,0.118,Y,21,0
58,72198,MORTGAGE,3.0,PERSONAL,C,33183,14.84,0.46,N,3,0
40,76485,RENT,3.9,HOMEIMPROVEMENT,B,25321,,0.331,Y,12,0
61,118695,RENT,5.0,VENTURE,C,13681,11.48,0.115,N,15,0
62,80530,RENT,15.8,VENTURE,C,903,15.86,0.011,N,6,0
60,26310,OWN,5.3,DEBTCONSOLIDATION,E,2580,20.18,0.098,N,2,1
28,79862,RENT,10.8,EDUCATION,E,10140,19.37,0.127,N,11,1
43,85634,OWN,4.1,EDUCATION,E,12651,18.99,0.148,N,24,1
56,70159,MORTGAGE,4.9,EDUCATION,D,25344,15.3,0.361,N,19,0
60,44024,MORTGAGE,0.4,PERSONAL,A,26852,5.47,0.61,N,20,0
36,66203,RENT,0.7,DEBTCONSOLIDATION,D,8804,16.44,0.133,Y,6,0
43,48478,RENT,4.3,DEBTCONSOLIDATION,D,10036,16.96,0.207,N,10,1
40,28625,OWN,2.5,PERSONAL,E,15754,,0.55,N,27,0
58,32816,RENT,8.0,DEBTCONSOLIDATION,E,11803,16.82,0.36,Y,14,1
60,72189,RENT,3.9,HOMEIMPROVEMENT,B,15509,10.8,0.215,N,14,0
58,29786,RENT,10.7,PERSONAL,C,24599,13.93,0.826,N,5,0
32,31371,RENT,17.9,HOMEIMPROVEMENT,A,705,8.0,0.022,N,25,0
30,74188,RENT,0.8,HOMEIMPROVEMENT,C,2409,12.81,0.032,N,17,0
65,52763,MORTGAGE,,EDUCATION,B,9672,7.41,0.183,N,28,0
38,67336,MORTGAGE,5.5,VENTURE,F,10451,20.53,0.155,Y,25,0
30,24935,MORTGAGE,1.8,EDUCATION,E,7039,20.54,0.282,N,27,1
32,66315,RENT,1.6,PERSONAL,D,10461,14.38,0.158,N,5,0
65,34097,MORTGAGE,8.4,MEDICAL,A,27166,7.84,0.797,N,12,1
64,28021,MORTGAGE,19.7,PERSONAL,B,4527,8.77,0.162,Y,5,0
20,37125,RENT,7.4,VENTURE,C,34885,11.65,0.94,N,3,1
59,103687,RENT,3.7,PERSONAL,A,25224,9.19,0.243,Y,25,0
63,40116,RENT,2.9,VENTURE,A,19002,9.24,0.474,N,18,1
38,164516,MORTGAGE,3.9,MEDICAL,E,2868,19.2,0.017,N,13,0
31,15769,MORTGAGE,3.1,MEDICAL,A,6222,6.42,0.395,N,13,0
27,20942,OWN,3.5,DEBTCONSOLIDATION,A,10613,8.24,0.507,N,22,0
27,101549,RENT,,HOMEIMPROVEMENT,C,27890,11.1,0.275,N,9,0
64,116609,MORTGAGE,11.7,PERSONAL,F,13973,23.45,0.12,N,23,1
31,30488,RENT,7.0,HOMEIMPROVEMENT,D,17341,18.42,0.569,N,11,1
52,50913,RENT,5.7,EDUCATION,F,9379,22.7,0.184,Y,21,1
64,72526,MORTGAGE,15.0,EDUCATION,D,5388,14.6,0.074,N,26,0
45,43210,RENT,1.7,EDUCATION,B,34487,11.83,0.798,Y,29,0
58,53232,MORTGAGE,0.4,DEBTCONSOLIDATION,F,24211,22.38,0.455,N,20,0
47,49316,MORTGAGE,8.7,EDUCATION,B,32749,9.83,0.664,N,26,0
24,21702,MORTGAGE,32.2,EDUCATION,B,15488,8.84,0.714,N,18,0
27,40555,RENT,4.3,PERSONAL,B,15096,8.63,0.372,N,29,0
44,49355,OWN,0.3,HOMEIMPROVEMENT,D,28622,17.38,0.58,N,5,1
46,51881,OTHER,7.6,HOMEIMPROVEMENT,E,8366,,0.161,N,14,0
65,18924,OWN,0.4,VENTURE,B,32939,9.9,1.741,N,27,1
42,74200,MORTGAGE,3.9,EDUCATION,B,8066,10.15,0.109,N,14,0
49,52639,MORTGAGE,1.6,MEDICAL,E,20657,16.66,0.392,N,20,0
64,27433,MORTGAGE,12.3,VENTURE,A,4875,6.97,0.178,N,3,0
42,131858,RENT,3.0,VENTURE,D,6776,15.99,0.051,N,14,0
39,40513,MORTGAGE,11.4,PERSONAL,B,13392,11.79,0.331,N,17,0
37,41986,MORTGAGE,1.8,VENTURE,B,34472,10.99,0.821,N,14,1
37,69768,OTHER,2.4,MEDICAL,B,14482,,0.208,N,5,0
21,138164,MORTGAGE,14.7,HOMEIMPROVEMENT,B,27158,9.53,0.197,N,21,0
23,71294,RENT,1.1,VENTURE,D,2029,17.26,0.028,N,10,0
49,77215,MORTGAGE,4.3,PERSONAL,E,25685,17.44,0.333,N,27,0
52,28257,OTHER,2.5,EDUCATION,B,14869,12.04,0.526,Y,13,0
55,51422,RENT,7.4,MEDICAL,D,5073,15.95,0.099,N,7,0
37,36579,RENT,0.7,EDUCATION,D,24732,16.64,0.676,N,7,0
56,72205,MORTGAGE,2.9,DEBTCONSOLIDATION,B,26408,9.47,0.366,N,7,0
38,75988,RENT,6.0,VENTURE,C,12467,12.45,0.164,N,14,0
47,120364,RENT,2.6,HOMEIMPROVEMENT,C,4094,11.89,0.034,Y,23,0
59,14956,RENT,0.3,PERSONAL,A,17123,8.84,1.145,N,25,1
39,34654,OWN,6.1,MEDICAL,B,17703,,0.511,N,5,0
52,100221,RENT,,HOMEIMPROVEMENT,G,11987,23.84,0.12,N,18,0
31,22678,RENT,0.1,MEDICAL,C,31037,13.85,1.369,N,28,1
34,76351,MORTGAGE,4.7,PERSONAL,B,21466,11.13,0.281,N,4,0
60,91463,OWN,12.6,PERSONAL,A,32020,8.3,0.35,Y,9,0
58,48262,OTHER,0.6,VENTURE,A,2113,7.34,0.044,N,2,0
21,22430,RENT,4.5,MEDICAL,B,14058,10.21,0.627,N,22,1
48,45851,OWN,6.5,DEBTCONSOLIDATION,A,6133,5.88,0.134,N,19,0
60,109346,RENT,0.4,DEBTCONSOLIDATION,A,8176,8.6,0.075,Y,27,0
29,114286,MORTGAGE,0.1,VENTURE,B,13675,,0.12,N,21,0
21,54958,MORTGAGE,,MEDICAL,C,10174,14.19,0.185,N,20,0
30,28638,RENT,7.8,MEDICAL,A,32919,5.0,1.149,N,2,1
32,127531,MORTGAGE,0.9,EDUCATION,A,16918,8.15,0.133,Y,6,0
29,76995,RENT,9.1,VENTURE,A,10291,7.03,0.134,Y,26,1
33,29693,OWN,5.3,MEDICAL,A,8076,7.99,0.272,Y,20,0
37,59182,RENT,2.0,MEDICAL,A,2044,5.56,0.035,N,2,0
28,57711,MORTGAGE,3.6,PERSONAL,C,6397,15.18,0.111,N,18,1
58,34536,RENT,16.8,EDUCATION,B,5140,9.22,0.149,N,2,1
47,59364,RENT,1.2,DEBTCONSOLIDATION,B,6112,11.38,0.103,Y,5,0
22,90075,OTHER,3.5,DEBTCONSOLIDATION,D,17788,15.75,0.197,Y,6,0
39,41650,MORTGAGE,4.9,PERSONAL,B,34857,12.22,0.837,N,9,1
25,95277,OWN,0.7,VENTURE,A,31963,7.36,0.335,N,27,0
46,18667,RENT,0.2,DEBTCONSOLIDATION,B,31387,12.26,1.681,Y,16,1
21,166050,RENT,0.1,VENTURE,F,8051,21.92,0.048,Y,14,0
48,50591,MORTGAGE,2.0,MEDICAL,F,22315,20.66,0.441,N,28,1
57,88447,MORTGAGE,0.4,HOMEIMPROVEMENT,A,33220,7.36,0.376,N,8,1
22,55283,RENT,8.1,PERSONAL,A,20575,6.84,0.372,N,27,0
35,31165,MORTGAGE,29.6,VENTURE,B,13104,9.28,0.42,N,15,0
49,48049,RENT,0.3,MEDICAL,B,20255,11.49,0.422,N,5,0
59,17150,RENT,,MEDICAL,B,14878,8.38,0.868,N,19,0
21,71582,RENT,0.1,PERSONAL,B,16177,12.29,0.226,N,19,1
36,54533,MORTGAGE,0.7,DEBTCONSOLIDATION,A,2507,6.78,0.046,Y,3,0
60,44118,MORTGAGE,1.9,MEDICAL,A,22963,5.37,0.52,N,18,0
31,74160,MORTGAGE,2.5,EDUCATION,C,29112,13.47,0.393,N,17,0
54,50042,MORTGAGE,14.0,DEBTCONSOLIDATION,E,33150,19.22,0.662,N,28,0
62,68442,RENT,2.5,HOMEIMPROVEMENT,A,4306,,0.063,N,7,0
20,83222,OWN,3.4,PERSONAL,C,6326,,0.076,N,21,0
64,36240,OWN,1.4,PERSONAL,B,15308,11.58,0.422,N,15,0
34,30962,MORTGAGE,0.0,PERSONAL,B,18600,10.65,0.601,N,20,0
45,19007,RENT,11.5,MEDICAL,D,14068,15.42,0.74,N,2,1
56,52439,MORTGAGE,0.4,MEDICAL,B,7716,10.48,0.147,N,13,0
40,62859,MORTGAGE,16.7,PERSONAL,C,23587,12.06,0.375,N,24,0
50,23671,OTHER,0.7,PERSONAL,B,18371,11.17,0.776,N,17,0
44,107066,OTHER,4.6,EDUCATION,A,1238,9.52,0.012,N,10,0
42,31185,OWN,,VENTURE,C,13506,14.33,0.433,N,29,0
43,15414,RENT,0.7,DEBTCONSOLIDATION,B,31912,9.21,2.07,N,21,1
57,111541,OWN,2.8,DEBTCONSOLIDATION,A,30718,,0.275,N,17,0
47,16561,MORTGAGE,7.6,EDUCATION,C,9520,13.12,0.575,Y,14,1
40,83307,MORTGAGE,0.2,PERSONAL,A,8300,5.07,0.1,N,2,0
62,72883,RENT,5.9,MEDICAL,A,13912,8.1,0.191,N,4,0
37,58439,RENT,0.4,MEDICAL,D,14427,16.8,0.247,N,16,0
55,36771,MORTGAGE,1.3,PERSONAL,A,2975,6.82,0.081,N,17,0
54,64636,RENT,0.9,VENTURE,C,16145,12.65,0.25,N,26,0
64,87261,RENT,11.9,HOMEIMPROVEMENT,F,33583,21.87,0.385,N,15,0
28,28504,OWN,1.0,HOMEIMPROVEMENT,A,31786,8.87,1.115,N,2,1
57,83868,RENT,0.2,EDUCATION,B,23154,9.51,0.276,N,2,0
49,81795,RENT,4.4,DEBTCONSOLIDATION,C,33818,11.56,0.413,N,6,0
63,57594,RENT,2.1,VENTURE,B,2972,,0.052,N,6,0
53,36465,RENT,2.6,HOMEIMPROVEMENT,C,8572,14.19,0.235,N,9,0
51,82002,OTHER,0.6,VENTURE,B,29558,8.85,0.36,N,2,0
22,64833,RENT,6.9,MEDICAL,A,9656,8.44,0.149,Y,25,0
22,28035,RENT,4.6,MEDICAL,A,4727,6.76,0.169,Y,28,0
47,40052,OWN,2.3,VENTURE,D,6804,13.85,0.17,Y,19,0
63,76916,OWN,0.9,PERSONAL,A,20359,7.9,0.265,N,2,0
34,52209,RENT,4.5,HOMEIMPROVEMENT,D,23879,15.67,0.457,Y,15,1
60,89080,MORTGAGE,7.5,HOMEIMPROVEMENT,D,32392,16.45,0.364,N,12,0
42,40623,MORTGAGE,,MEDICAL,A,30509,6.25,0.751,N,25,0
59,28284,MORTGAGE,0.1,DEBTCONSOLIDATION,A,7379,8.48,0.261,Y,11,0
30,163813,MORTGAGE,,EDUCATION,B,10135,,0.062,N,19,0
51,19448,OTHER,5.7,HOMEIMPROVEMENT,C,27454,15.6,1.412,N,22,1
55,37238,RENT,22.6,MEDICAL,D,11427,16.85,0.307,Y,11,1
52,57174,RENT,0.1,MEDICAL,A,12304,6.72,0.215,Y,23,0
43,84317,RENT,1.8,VENTURE,A,3869,5.96,0.046,N,20,0
58,69950,RENT,0.3,VENTURE,B,20565,8.3,0.294,N,14,0
53,174764,OWN,1.9,DEBTCONSOLIDATION,A,20142,6.85,0.115,N,10,0
47,45950,MORTGAGE,2.6,VENTURE,C,17834,12.89,0.388,N,10,0
56,30328,RENT,12.7,EDUCATION,B,28989,11.91,0.956,N,9,0
26,43441,RENT,0.4,HOMEIMPROVEMENT,B,11190,,0.258,N,14,0
23,41110,RENT,7.5,EDUCATION,B,13407,11.22,0.326,N,8,0
56,47213,OWN,2.5,EDUCATION,B,22087,,0.468,N,22,0
20,28556,MORTGAGE,8.3,VENTURE,B,30453,,1.066,N,27,1
20,75450,MORTGAGE,3.6,DEBTCONSOLIDATION,A,14459,5.12,0.192,N,3,0
39,60111,MORTGAGE,0.2,MEDICAL,C,10853,14.62,0.181,N,20,1
38,24461,MORTGAGE,14.6,PERSONAL,B,32028,9.4,1.309,N,22,1
48,83484,MORTGAGE,0.4,MEDICAL,A,15948,8.07,0.191,N,25,0
29,31372,RENT,4.6,MEDICAL,A,19582,8.89,0.624,Y,2,0
37,25577,OWN,10.5,MEDICAL,A,1421,6.58,0.056,Y,12,0
47,51432,MORTGAGE,0.4,MEDICAL,A,21526,5.68,0.419,N,2,1
54,18642,MORTGAGE,4.0,EDUCATION,B,4571,8.57,0.245,N,24,1
62,67793,OTHER,8.7,VENTURE,A,10626,5.98,0.157,N,18,0
50,10287,MORTGAGE,21.5,VENTURE,B,19713,7.09,1.916,Y,20,1
46,27829,MORTGAGE,,MEDICAL,B,34239,9.73,1.23,N,9,1
30,116579,OWN,1.6,PERSONAL,C,26715,13.78,0.229,N,10,0
57,33601,RENT,6.0,HOMEIMPROVEMENT,C,8865,13.3,0.264,N,22,0
24,36998,MORTGAGE,6.1,MEDICAL,B,6188,,0.167,N,16,0
27,98766,MORTGAGE,6.0,MEDICAL,A,17357,5.94,0.176,N,23,0
53,31695,RENT,9.6,PERSONAL,A,31392,6.31,0.99,N,9,0
31,74599,MORTGAGE,0.5,EDUCATION,A,15459,7.34,0.207,N,4,0
57,93508,MORTGAGE,0.6,MEDICAL,B,2826,10.99,0.03,N,18,0
20,63779,MORTGAGE,5.1,PERSONAL,A,33483,5.21,0.525,N,26,0
50,22143,OTHER,15.4,EDUCATION,B,5105,10.19,0.231,N,19,0
23,35165,RENT,3.1,EDUCATION,E,6747,19.32,0.192,N,29,1
64,218052,MORTGAGE,16.2,DEBTCONSOLIDATION,A,3622,5.87,0.017,Y,12,0
24,37429,MORTGAGE,13.9,DEBTCONSOLIDATION,F,26176,22.66,0.699,N,26,1
49,253338,RENT,11.7,DEBTCONSOLIDATION,D,29600,17.12,0.117,N,12,0
43,125483,RENT,12.0,MEDICAL,D,1612,15.32,0.013,N,3,0
22,65217,OWN,11.4,EDUCATION,E,15198,17.96,0.233,N,25,0
30,57726,MORTGAGE,8.6,MEDICAL,A,2577,9.59,0.045,N,17,0
64,37962,MORTGAGE,5.9,MEDICAL,A,24961,,0.658,Y,4,1
23,46681,MORTGAGE,0.1,VENTURE,A,18643,,0.399,N,14,0
45,33563,RENT,0.7,HOMEIMPROVEMENT,A,9208,6.19,0.274,N,26,0
46,47335,RENT,0.7,HOMEIMPROVEMENT,B,7136,9.07,0.151,N,27,0
65,23174,RENT,0.1,VENTURE,D,12835,16.69,0.554,N,14,0
62,22501,OTHER,0.6,MEDICAL,A,5972,6.01,0.265,N,21,0
46,100263,RENT,12.6,PERSONAL,A,19212,5.96,0.192,N,25,0
61,20195,OTHER,5.5,EDUCATION,C,14311,12.84,0.709,Y,21,1
25,79807,OTHER,1.9,VENTURE,A,26158,7.77,0.328,N,20,0
34,17293,OTHER,7.9,DEBTCONSOLIDATION,B,5066,12.12,0.293,N,18,0
49,69306,MORTGAGE,3.4,VENTURE,B,33946,10.29,0.49,Y,21,0
61,43731,OWN,0.8,VENTURE,D,34162,15.01,0.781,N,19,0
56,101389,RENT,10.8,VENTURE,B,28920,9.68,0.285,Y,26,1
56,40839,RENT,2.1,HOMEIMPROVEMENT,C,26523,14.56,0.649,N,15,0
61,16232,RENT,6.0,MEDICAL,A,14765,8.44,0.91,Y,3,1
56,44204,OWN,1.7,VENTURE,E,8791,20.5,0.199,Y,17,0
54,53520,RENT,3.5,VENTURE,B,31681,,0.592,N,9,1
42,45588,MORTGAGE,8.5,VENTURE,C,20791,15.3,0.456,N,11,0
25,67259,RENT,0.9,PERSONAL,F,29707,22.25,0.442,Y,27,1
23,35939,RENT,18.9,PERSONAL,B,7133,10.9,0.198,N,17,0
37,24468,RENT,0.4,EDUCATION,B,6278,9.03,0.257,Y,8,1
28,28288,OWN,3.8,MEDICAL,A,5934,7.28,0.21,Y,7,0
48,36913,MORTGAGE,12.4,VENTURE,B,5936,10.33,0.161,N,5,0
32,36739,OWN,14.6,EDUCATION,D,18464,16.95,0.503,N,4,1
36,184124,MORTGAGE,1.3,DEBTCONSOLIDATION,A,2966,6.25,0.016,N,29,0
64,97763,OTHER,0.8,EDUCATION,E,20393,17.12,0.209,N,29,0
51,71516,MORTGAGE,6.4,DEBTCONSOLIDATION,C,17885,12.3,0.25,N,12,0
41,62649,MORTGAGE,0.2,DEBTCONSOLIDATION,B,27031,11.27,0.431,N,11,0
23,57807,MORTGAGE,3.3,MEDICAL,C,24017,12.75,0.415,Y,15,1
24,57974,MORTGAGE,8.0,PERSONAL,A,15834,7.56,0.273,Y,6,0
56,53626,MORTGAGE,4.1,MEDICAL,A,5176,6.28,0.097,Y,3,0
60,50114,MORTGAGE,1.0,EDUCATION,B,22202,11.25,0.443,Y,14,1
32,15513,MORTGAGE,3.3,DEBTCONSOLIDATION,B,12007,9.87,0.774,N,19,0
53,40013,MORTGAGE,12.7,MEDICAL,E,29036,18.86,0.726,Y,25,1
64,42951,RENT,4.8,PERSONAL,B,25101,11.59,0.584,N,4,0
41,32469,MORTGAGE,,EDUCATION,B,6812,11.89,0.21,N,24,1
42,36103,RENT,2.0,MEDICAL,A,15803,8.62,0.438,N,12,0
22,57838,MORTGAGE,1.0,VENTURE,D,31609,15.61,0.547,Y,7,1
61,74770,MORTGAGE,1.5,VENTURE,C,3678,12.29,0.049,N,25,0
53,57790,OTHER,3.8,MEDICAL,B,816,8.91,0.014,N,4,1
51,73743,RENT,1.6,MEDICAL,F,32054,20.21,0.435,N,2,0
64,74463,RENT,3.9,DEBTCONSOLIDATION,E,16064,17.88,0.216,N,7,0
40,41571,RENT,,DEBTCONSOLIDATION,C,24529,11.98,0.59,N,7,0
65,65441,RENT,,PERSONAL,E,21844,,0.334,N,9,0
63,18760,MORTGAGE,0.9,EDUCATION,C,9280,11.18,0.495,N,27,0
40,39680,MORTGAGE,6.9,MEDICAL,D,24571,14.44,0.619,N,4,0
63,37196,MORTGAGE,5.6,EDUCATION,B,18733,9.94,0.504,N,14,0
30,113803,OWN,0.1,VENTURE,A,18474,7.53,0.162,Y,26,0
58,59006,RENT,0.3,EDUCATION,G,11937,,0.202,N,23,1
23,23530,RENT,5.2,HOMEIMPROVEMENT,A,29337,6.37,1.247,N,18,1
20,67983,RENT,2.4,PERSONAL,A,33219,6.58,0.489,N,15,0
47,80852,OWN,0.8,PERSONAL,A,14634,7.44,0.181,N,4,0
43,46661,MORTGAGE,0.2,EDUCATION,B,4473,10.23,0.096,Y,5,0
54,71656,MORTGAGE,0.9,PERSONAL,B,9757,10.67,0.136,Y,4,0
32,12423,RENT,15.8,EDUCATION,C,22258,11.85,1.792,Y,23,1
53,11107,RENT,6.5,EDUCATION,G,24006,27.08,2.161,N,16,1
30,25635,OWN,3.8,VENTURE,A,21044,7.76,0.821,N,24,0
55,53208,RENT,14.2,EDUCATION,D,23500,16.89,0.442,Y,29,1
36,113856,MORTGAGE,4.8,PERSONAL,A,4931,5.73,0.043,N,12,0
54,26382,RENT,6.5,HOMEIMPROVEMENT,A,13579,5.7,0.515,N,3,0
37,30652,RENT,,MEDICAL,C,23982,12.16,0.782,Y,14,1
59,51468,MORTGAGE,4.4,PERSONAL,E,25096,19.88,0.488,N,17,1
41,37392,RENT,0.8,HOMEIMPROVEMENT,A,27303,5.61,0.73,N,7,1
43,36240,MORTGAGE,2.6,PERSONAL,B,2906,10.54,0.08,N,16,0
38,38878,MORTGAGE,0.2,HOMEIMPROVEMENT,A,33400,8.75,0.859,N,5,1
56,101026,MORTGAGE,1.2,PERSONAL,E,9367,18.15,0.093,N,29,0
58,90569,MORTGAGE,0.4,MEDICAL,A,7654,,0.085,N,16,0
40,49657,MORTGAGE,2.5,VENTURE,B,34057,9.12,0.686,N,18,1
27,121779,RENT,9.3,VENTURE,E,6011,18.8,0.049,N,13,0
47,64858,MORTGAGE,2.4,MEDICAL,C,34258,14.14,0.528,N,3,0
24,92470,MORTGAGE,8.9,PERSONAL,E,20340,20.21,0.22,Y,6,1
36,30537,RENT,,HOMEIMPROVEMENT,E,14098,,0.462,N,13,1
56,34216,OWN,3.6,EDUCATION,B,21131,7.67,0.618,N,10,0
55,34016,MORTGAGE,1.4,PERSONAL,C,31520,12.78,0.927,N,22,0
38,46737,OWN,12.8,MEDICAL,A,15226,,0.326,N,25,0
46,50663,OWN,0.3,DEBTCONSOLIDATION,G,30652,25.49,0.605,Y,29,1
53,58588,RENT,5.8,VENTURE,A,7196,8.08,0.123,Y,11,0
30,145104,MORTGAGE,4.9,VENTURE,D,18916,15.4,0.13,N,19,0
64,72889,RENT,2.9,PERSONAL,B,2196,12.31,0.03,N,6,0
31,36933,RENT,1.4,HOMEIMPROVEMENT,B,26150,8.91,0.708,N,2,0
40,48932,OWN,2.8,MEDICAL,A,9368,7.64,0.191,N,3,0
30,112164,MORTGAGE,10.3,MEDICAL,C,22578,15.57,0.201,N,28,0
58,75360,RENT,9.1,HOMEIMPROVEMENT,A,24886,8.1,0.33,N,4,0
47,111355,MORTGAGE,14.2,HOMEIMPROVEMENT,A,33184,7.71,0.298,N,9,0
24,37591,OTHER,1.8,PERSONAL,A,1772,6.8,0.047,N,13,0
36,33142,MORTGAGE,2.4,PERSONAL,A,25252,7.73,0.762,N,11,0
39,33410,MORTGAGE,0.1,DEBTCONSOLIDATION,B,12916,9.34,0.387,N,20,0
60,39297,MORTGAGE,14.3,VENTURE,B,33193,11.35,0.845,N,13,1
65,27315,RENT,2.0,VENTURE,A,4503,6.13,0.165,N,5,0
31,57662,RENT,2.6,HOMEIMPROVEMENT,C,32668,12.7,0.567,N,5,0
25,58210,MORTGAGE,11.9,EDUCATION,D,26193,14.99,0.45,N,26,0
36,102367,MORTGAGE,3.7,EDUCATION,C,26533,12.59,0.259,N,5,0
38,18617,MORTGAGE,4.2,EDUCATION,F,1188,21.45,0.064,N,10,0
45,29165,MORTGAGE,1.0,MEDICAL,A,16498,5.0,0.566,N,28,0
63,76348,MORTGAGE,,PERSONAL,D,5407,16.04,0.071,N,25,0
63,54225,RENT,12.5,HOMEIMPROVEMENT,B,33632,9.42,0.62,N,21,0
51,50243,RENT,4.1,VENTURE,B,17399,8.43,0.346,N,4,0
25,98235,RENT,1.5,EDUCATION,B,7408,9.18,0.075,N,19,0
55,28128,MORTGAGE,0.2,VENTURE,B,25617,10.43,0.911,N,25,1
57,32833,RENT,2.0,PERSONAL,B,24122,7.87,0.735,N,25,0
30,30773,MORTGAGE,4.3,DEBTCONSOLIDATION,C,34641,12.81,1.126,N,2,1
52,16202,RENT,0.2,DEBTCONSOLIDATION,A,24699,,1.524,Y,8,1
43,52735,MORTGAGE,4.7,HOMEIMPROVEMENT,C,27621,12.48,0.524,N,9,0
42,36769,RENT,3.7,EDUCATION,C,6970,14.75,0.19,Y,8,0
34,32758,MORTGAGE,7.6,EDUCATION,B,19423,11.29,0.593,N,28,0
46,29661,RENT,0.1,DEBTCONSOLIDATION,A,24259,,0.818,Y,13,1
30,48544,RENT,7.6,HOMEIMPROVEMENT,A,26829,6.97,0.553,N,4,0
36,31596,OWN,3.7,VENTURE,A,19433,7.01,0.615,N,5,1
33,55373,RENT,2.3,PERSONAL,A,10650,,0.192,N,6,0
46,63104,MORTGAGE,16.8,DEBTCONSOLIDATION,A,5742,9.4,0.091,N,2,0
37,41688,OWN,0.9,DEBTCONSOLIDATION,A,14612,,0.351,N,11,0
47,40160,MORTGAGE,3.9,PERSONAL,A,17717,8.79,0.441,N,4,0
23,54285,OWN,1.9,PERSONAL,B,10844,8.61,0.2,N,7,0
26,48249,RENT,3.7,DEBTCONSOLIDATION,G,21570,24.35,0.447,Y,4,1
64,101883,MORTGAGE,4.0,VENTURE,G,23002,25.02,0.226,Y,6,1
54,58398,MORTGAGE,0.5,VENTURE,A,14010,8.61,0.24,N,21,0
28,89551,RENT,5.4,EDUCATION,A,15360,,0.172,N,3,0
27,68581,RENT,5.0,VENTURE,B,13651,13.62,0.199,N,21,0
64,23738,RENT,7.3,MEDICAL,A,17168,7.0,0.723,N,21,0
36,36060,MORTGAGE,0.5,HOMEIMPROVEMENT,B,4038,11.41,0.112,Y,12,0
36,47741,OWN,1.8,VENTURE,B,4733,9.98,0.099,N,20,0
52,79034,RENT,5.3,PERSONAL,B,15533,9.02,0.197,N,28,0
51,141534,RENT,0.7,VENTURE,D,9587,18.06,0.068,Y,25,0
27,37560,RENT,,EDUCATION,D,13485,15.77,0.359,Y,7,1
38,50533,MORTGAGE,0.3,HOMEIMPROVEMENT,G,23899,24.13,0.473,N,2,0
57,76111,MORTGAGE,2.0,HOMEIMPROVEMENT,A,23584,7.46,0.31,N,26,0
22,47486,RENT,,PERSONAL,E,24229,19.72,0.51,N,20,0
24,121085,RENT,,HOMEIMPROVEMENT,C,21667,13.4,0.179,N,21,0
32,23358,MORTGAGE,,MEDICAL,C,29415,13.5,1.259,N,27,0
65,71175,OWN,10.2,HOMEIMPROVEMENT,E,4751,19.46,0.067,N,11,0
50,70793,MORTGAGE,6.2,DEBTCONSOLIDATION,F,13721,23.48,0.194,N,13,1
35,92375,MORTGAGE,3.7,PERSONAL,C,4278,13.07,0.046,N,24,0
51,50722,RENT,19.5,HOMEIMPROVEMENT,B,28032,9.22,0.553,N,17,1
41,80044,RENT,5.9,VENTURE,B,6736,10.87,0.084,N,6,0
48,42743,RENT,4.6,EDUCATION,C,1145,10.04,0.027,N,5,0
41,31547,RENT,2.6,DEBTCONSOLIDATION,D,26205,16.72,0.831,N,3,1
62,29115,OWN,11.6,DEBTCONSOLIDATION,C,26127,14.81,0.897,N,6,1
22,22186,MORTGAGE,1.8,VENTURE,B,11403,10.91,0.514,N,15,0
29,38455,RENT,,DEBTCONSOLIDATION,B,4958,8.09,0.129,Y,15,0
61,58181,RENT,1.1,MEDICAL,A,19301,8.73,0.332,N,14,0
40,43718,RENT,0.6,MEDICAL,E,19021,18.34,0.435,N,25,1
35,54659,MORTGAGE,1.9,EDUCATION,A,10417,7.24,0.191,Y,19,0
31,96682,RENT,8.7,EDUCATION,C,31757,,0.328,N,18,0
21,36878,RENT,5.3,EDUCATION,E,21424,18.26,0.581,Y,28,0
60,177577,MORTGAGE,0.9,EDUCATION,B,4554,10.17,0.026,N,23,0
43,74264,RENT,7.8,HOMEIMPROVEMENT,D,11743,14.43,0.158,N,14,0
54,43988,RENT,3.5,DEBTCONSOLIDATION,D,33396,15.78,0.759,N,18,0
49,43443,RENT,3.6,VENTURE,A,33268,,0.766,N,26,0
49,28156,RENT,2.2,MEDICAL,B,20119,10.58,0.715,N,25,1
54,48332,RENT,10.0,HOMEIMPROVEMENT,C,21816,11.26,0.451,Y,17,1
38,14929,RENT,1.9,EDUCATION,B,32053,9.89,2.147,N,5,1
27,97799,MORTGAGE,0.5,PERSONAL,C,2134,12.32,0.022,N,24,0
45,10413,MORTGAGE,1.8,PERSONAL,C,25873,12.14,2.485,Y,27,1
59,50159,MORTGAGE,6.3,VENTURE,A,33235,8.32,0.663,N,17,0
26,26129,OWN,5.4,MEDICAL,B,9595,8.71,0.367,N,5,0
49,33334,RENT,1.0,MEDICAL,A,2394,6.35,0.072,N,7,0
26,35786,OWN,0.6,VENTURE,A,5350,7.23,0.149,N,17,0
22,141364,RENT,5.4,EDUCATION,B,2561,,0.018,N,11,0
20,26721,RENT,5.6,EDUCATION,C,24951,10.83,0.934,Y,8,0
55,81051,RENT,2.3,DEBTCONSOLIDATION,A,15636,6.79,0.193,N,26,0
44,92801,RENT,9.3,MEDICAL,D,3864,16.91,0.042,N,28,0
56,13546,OTHER,19.1,MEDICAL,B,9566,12.0,0.706,N,3,1
20,34945,RENT,,MEDICAL,E,25058,19.04,0.717,N,11,1
34,110907,RENT,4.3,EDUCATION,B,26817,,0.242,N,17,0
56,23786,RENT,0.0,PERSONAL,A,25963,6.98,1.092,N,9,1
32,94755,RENT,6.2,VENTURE,D,33536,15.42,0.354,N,10,0
59,48541,RENT,2.7,VENTURE,C,8122,13.41,0.167,N,14,0
27,47400,RENT,1.1,HOMEIMPROVEMENT,B,14247,12.21,0.301,N,21,0
24,50930,RENT,,HOMEIMPROVEMENT,B,23002,8.59,0.452,Y,9,0
28,59184,OWN,8.3,PERSONAL,A,12874,8.32,0.218,N,28,0
20,28981,RENT,0.6,MEDICAL,B,29522,11.08,1.019,N,15,0
55,42479,RENT,0.2,PERSONAL,A,22681,7.79,0.534,N,11,0
54,60103,MORTGAGE,2.0,HOMEIMPROVEMENT,B,26908,10.31,0.448,N,22,0
21,54029,OTHER,4.9,DEBTCONSOLIDATION,E,18138,,0.336,N,10,0
59,59401,RENT,7.9,HOMEIMPROVEMENT,D,25643,17.55,0.432,N,3,1
42,33015,RENT,3.9,VENTURE,A,21194,6.3,0.642,N,13,0
28,69408,OTHER,,PERSONAL,E,13544,19.06,0.195,N,17,0
53,52552,RENT,8.0,EDUCATION,B,21658,8.7,0.412,N,2,0
65,20549,MORTGAGE,3.8,HOMEIMPROVEMENT,A,12739,8.67,0.62,N,14,0
33,36597,RENT,4.7,VENTURE,D,8685,16.06,0.237,N,16,0
23,29955,OWN,3.6,MEDICAL,B,9514,7.69,0.318,N,11,0
49,29744,OTHER,10.6,PERSONAL,A,12737,5.0,0.428,N,23,0
50,37719,MORTGAGE,1.3,HOMEIMPROVEMENT,A,29160,6.33,0.773,N,16,0
57,68693,RENT,1.5,EDUCATION,B,2683,8.99,0.039,N,21,0
30,34726,RENT,0.7,HOMEIMPROVEMENT,A,22722,6.47,0.654,N,7,0
54,55480,RENT,8.6,EDUCATION,D,5356,15.75,0.097,N,24,1
27,50697,OWN,2.7,PERSONAL,B,17212,11.56,0.34,Y,26,0
22,31937,OWN,2.1,DEBTCONSOLIDATION,B,10509,11.71,0.329,N,18,1
33,40552,RENT,19.9,EDUCATION,A,32915,9.68,0.812,N,29,0
32,78878,MORTGAGE,13.1,EDUCATION,D,6907,,0.088,N,4,0
64,53230,RENT,17.9,VENTURE,B,25855,10.76,0.486,Y,3,0
51,66294,RENT,0.8,DEBTCONSOLIDATION,B,12140,8.32,0.183,Y,16,1
53,98703,MORTGAGE,11.1,PERSONAL,D,12177,16.96,0.123,N,22,0
64,62268,RENT,2.0,HOMEIMPROVEMENT,A,32396,5.11,0.52,N,27,0
38,17045,RENT,0.1,DEBTCONSOLIDATION,B,23367,10.4,1.371,N,9,1
57,56887,RENT,2.5,MEDICAL,C,3769,11.21,0.066,Y,17,0
35,34892,MORTGAGE,3.6,PERSONAL,B,14359,12.33,0.412,N,13,0
21,132676,OWN,0.6,DEBTCONSOLIDATION,A,14797,,0.112,N,22,0
59,61059,OWN,3.9,PERSONAL,B,16219,9.75,0.266,N,25,1
36,35291,MORTGAGE,8.6,MEDICAL,B,23973,9.46,0.679,N,20,0
53,66941,MORTGAGE,2.4,HOMEIMPROVEMENT,G,13311,24.96,0.199,N,13,1
61,51530,RENT,2.2,VENTURE,B,29385,9.13,0.57,N,27,0
35,19055,OTHER,2.1,DEBTCONSOLIDATION,A,34763,6.61,1.824,Y,14,1
57,78801,MORTGAGE,12.8,HOMEIMPROVEMENT,D,1590,13.6,0.02,N,2,0
21,39220,MORTGAGE,0.2,MEDICAL,B,29184,8.89,0.744,N,14,0
21,107080,MORTGAGE,2.9,HOMEIMPROVEMENT,B,25237,,0.236,N,5,0
45,45778,MORTGAGE,1.5,PERSONAL,C,15450,13.63,0.337,N,20,0
32,108186,RENT,11.2,VENTURE,C,23947,13.04,0.221,N,14,0
50,61925,RENT,0.5,EDUCATION,C,30983,14.04,0.5,Y,17,1
53,83764,MORTGAGE,2.7,DEBTCONSOLIDATION,A,30243,,0.361,N,9,0
58,37402,OWN,2.6,HOMEIMPROVEMENT,D,31774,16.14,0.85,N,28,1
22,59525,MORTGAGE,11.0,EDUCATION,A,9783,5.0,0.164,N,9,0
27,18969,RENT,1.2,VENTURE,B,26098,11.09,1.376,Y,25,1
42,45712,RENT,5.2,EDUCATION,A,4266,8.52,0.093,N,20,0
33,21666,MORTGAGE,0.7,HOMEIMPROVEMENT,D,16069,16.78,0.742,Y,25,1
46,26143,MORTGAGE,15.4,MEDICAL,C,17037,11.94,0.652,N,23,1
48,30033,MORTGAGE,4.5,DEBTCONSOLIDATION,D,31378,16.66,1.045,N,9,1
58,70490,RENT,4.9,PERSONAL,C,3115,13.21,0.044,Y,10,0
58,45204,OWN,2.8,PERSONAL,A,5819,5.0,0.129,N,18,0
20,49875,MORTGAGE,2.1,DEBTCONSOLIDATION,B,24097,11.49,0.483,Y,2,0
36,44532,MORTGAGE,1.2,EDUCATION,B,32963,8.72,0.74,N,13,0
60,88822,RENT,4.6,PERSONAL,B,31559,10.69,0.355,N,21,0
49,49129,RENT,15.5,DEBTCONSOLIDATION,A,9400,7.03,0.191,N,2,0
32,56210,OWN,2.2,DEBTCONSOLIDATION,E,16355,20.62,0.291,Y,26,0
40,35823,RENT,10.7,PERSONAL,D,13310,14.96,0.372,N,10,0
38,92242,MORTGAGE,0.8,MEDICAL,B,31450,9.39,0.341,N,28,0
38,96125,MORTGAGE,,EDUCATION,D,31038,16.83,0.323,Y,24,0
44,48036,MORTGAGE,2.2,MEDICAL,C,28293,12.28,0.589,N,19,1
41,35547,RENT,2.4,MEDICAL,A,12741,8.71,0.358,N,21,0
50,20155,RENT,3.1,VENTURE,B,25031,9.09,1.242,N,29,1
36,30402,OWN,6.3,EDUCATION,B,27658,10.71,0.91,N,21,0
42,14884,MORTGAGE,6.4,MEDICAL,A,4145,7.0,0.278,N,11,1
51,29707,RENT,3.3,HOMEIMPROVEMENT,A,31748,,1.069,N,22,1
29,59655,RENT,3.7,PERSONAL,F,20764,23.58,0.348,N,13,1
29,47680,OTHER,0.2,EDUCATION,B,11003,8.74,0.231,N,6,0
55,175922,RENT,1.8,VENTURE,D,27940,16.64,0.159,N,25,0
27,39971,MORTGAGE,2.1,MEDICAL,A,21672,5.0,0.542,Y,20,0
39,38291,RENT,4.1,HOMEIMPROVEMENT,A,19889,7.39,0.519,N,8,1
51,87949,OWN,4.1,PERSONAL,E,1229,20.47,0.014,Y,18,0
33,16986,MORTGAGE,6.2,PERSONAL,B,22109,9.82,1.302,N,2,0
47,21699,MORTGAGE,6.3,HOMEIMPROVEMENT,E,12767,19.25,0.588,N,20,1
65,70623,RENT,1.3,EDUCATION,A,1066,9.05,0.015,N,18,0
43,44025,OWN,7.4,PERSONAL,E,1811,20.27,0.041,N,28,0
34,44583,RENT,0.1,PERSONAL,B,21322,7.33,0.478,N,2,1
41,29277,OWN,6.3,PERSONAL,A,12115,6.35,0.414,N,17,0
49,55930,MORTGAGE,0.5,DEBTCONSOLIDATION,C,8236,12.66,0.147,N,20,0
23,31432,MORTGAGE,6.5,MEDICAL,D,12792,16.37,0.407,N,28,0
32,51021,RENT,3.7,MEDICAL,A,14698,,0.288,Y,10,0
42,25921,MORTGAGE,2.9,PERSONAL,G,1123,24.37,0.043,Y,22,1
27,44341,RENT,5.9,VENTURE,C,9189,,0.207,Y,29,0
37,149294,RENT,0.2,DEBTCONSOLIDATION,B,33074,8.27,0.222,N,5,0
31,38804,RENT,1.3,PERSONAL,A,8914,,0.23,N,8,0
50,45594,RENT,4.8,EDUCATION,B,26028,11.01,0.571,N,3,0
33,43853,RENT,9.4,DEBTCONSOLIDATION,A,18790,5.74,0.428,N,23,0
53,53959,RENT,2.4,VENTURE,B,18044,9.04,0.334,N,15,0
37,63416,OWN,1.5,EDUCATION,D,4334,14.25,0.068,N,27,0
53,56470,RENT,3.7,HOMEIMPROVEMENT,C,22870,13.46,0.405,N,2,0
30,57160,MORTGAGE,4.9,HOMEIMPROVEMENT,B,29709,11.15,0.52,N,5,0
60,44379,RENT,2.7,MEDICAL,A,25778,8.4,0.581,N,23,0
31,51800,MORTGAGE,10.5,DEBTCONSOLIDATION,F,23829,21.53,0.46,N,27,0
34,43578,MORTGAGE,3.7,MEDICAL,A,29010,6.92,0.666,N,21,1
50,18091,OTHER,0.2,MEDICAL,A,10952,7.03,0.605,N,24,0
48,208321,MORTGAGE,1.3,DEBTCONSOLIDATION,C,19753,12.5,0.095,N,20,0
45,73166,MORTGAGE,3.0,HOMEIMPROVEMENT,D,12268,16.4,0.168,N,14,0
37,28606,MORTGAGE,6.0,DEBTCONSOLIDATION,G,16090,26.36,0.562,N,4,1
51,55633,RENT,1.2,EDUCATION,F,34272,23.19,0.616,Y,11,1
41,23379,MORTGAGE,18.7,VENTURE,E,17998,18.8,0.77,Y,9,1
57,37353,RENT,1.9,MEDICAL,B,21604,9.36,0.578,N,19,0
36,21696,RENT,3.8,HOMEIMPROVEMENT,A,12302,5.62,0.567,Y,18,1
42,47660,RENT,0.1,MEDICAL,C,24261,10.92,0.509,N,6,0
43,20542,MORTGAGE,10.8,PERSONAL,A,16894,7.65,0.822,N,8,1
27,60695,MORTGAGE,7.8,VENTURE,A,2497,,0.041,N,21,0
60,71340,MORTGAGE,1.1,EDUCATION,A,24991,7.01,0.35,N,25,0
25,31106,MORTGAGE,13.5,MEDICAL,A,24646,9.94,0.792,N,18,0
24,53556,RENT,1.9,PERSONAL,B,1054,11.9,0.02,N,22,1
63,30212,MORTGAGE,5.9,PERSONAL,B,5146,10.05,0.17,Y,3,1
48,64955,MORTGAGE,8.5,VENTURE,B,34022,10.25,0.524,N,12,0
47,33565,OWN,6.8,HOMEIMPROVEMENT,D,20039,14.67,0.597,Y,4,1
30,75654,MORTGAGE,12.5,HOMEIMPROVEMENT,C,25130,13.77,0.332,N,16,0
20,18099,MORTGAGE,10.0,MEDICAL,E,12084,19.27,0.668,N,23,0
62,28205,MORTGAGE,26.1,MEDICAL,B,18000,8.94,0.638,N,12,1
38,26639,RENT,1.0,HOMEIMPROVEMENT,A,23878,7.3,0.896,N,3,0
28,54821,RENT,1.8,EDUCATION,A,30927,8.25,0.564,N,9,0
46,66522,RENT,,EDUCATION,C,29720,15.48,0.447,N,16,0
53,57202,RENT,6.6,PERSONAL,D,21829,,0.382,N,5,0
63,37051,MORTGAGE,3.8,VENTURE,A,21468,5.63,0.579,N,27,0
23,10537,OTHER,0.4,EDUCATION,E,26977,18.88,2.56,N,24,1
55,50075,RENT,9.2,MEDICAL,B,3367,10.28,0.067,Y,6,0
37,75616,MORTGAGE,16.2,EDUCATION,A,24906,9.02,0.329,N,24,0
34,214117,MORTGAGE,2.6,VENTURE,C,7902,14.47,0.037,N,8,0
32,38815,RENT,1.3,MEDICAL,B,29751,7.51,0.766,N,27,0
38,33998,RENT,0.1,VENTURE,A,28371,6.49,0.834,N,3,0
25,58462,MORTGAGE,1.4,HOMEIMPROVEMENT,B,17049,8.18,0.292,N,12,0
31,42578,MORTGAGE,6.0,VENTURE,D,17317,14.43,0.407,N,23,0
56,98859,OTHER,12.1,VENTURE,C,15920,13.7,0.161,N,13,0
36,31429,RENT,0.5,VENTURE,B,18703,10.17,0.595,N,9,0
42,42750,OWN,4.0,MEDICAL,E,4665,20.99,0.109,N,15,1
45,79373,RENT,5.9,VENTURE,A,2732,5.31,0.034,N,9,0
48,58081,MORTGAGE,1.6,VENTURE,A,26749,6.97,0.461,N,10,0
52,92842,MORTGAGE,4.2,DEBTCONSOLIDATION,B,33407,9.35,0.36,N,6,0
46,38556,RENT,6.3,DEBTCONSOLIDATION,E,32843,20.89,0.852,Y,14,1
44,98204,RENT,9.1,PERSONAL,B,26579,,0.271,Y,11,0
29,19631,RENT,3.0,MEDICAL,C,29335,13.26,1.494,N,4,1
42,20068,RENT,6.9,DEBTCONSOLIDATION,F,32986,,1.644,N,12,1
40,99059,MORTGAGE,1.8,VENTURE,D,8582,,0.087,N,6,1
40,49219,RENT,1.2,EDUCATION,A,21069,,0.428,N,23,0
62,81344,MORTGAGE,1.0,VENTURE,D,22452,15.16,0.276,N,26,0
32,51777,RENT,2.2,EDUCATION,D,13373,15.02,0.258,N,26,0
56,48831,MORTGAGE,0.2,HOMEIMPROVEMENT,A,18353,7.32,0.376,Y,5,0
52,23613,MORTGAGE,1.7,HOMEIMPROVEMENT,B,4053,9.02,0.172,N,27,0
43,48302,MORTGAGE,5.3,MEDICAL,C,25752,14.38,0.533,N,6,0
63,103661,MORTGAGE,5.2,MEDICAL,A,8529,7.55,0.082,Y,9,1
30,50572,RENT,0.4,HOMEIMPROVEMENT,A,2389,8.52,0.047,N,10,0
36,71335,MORTGAGE,1.7,MEDICAL,C,15669,11.7,0.22,N,16,0
23,70256,RENT,,EDUCATION,E,24265,17.35,0.345,Y,2,0
44,28085,RENT,1.9,EDUCATION,A,14227,7.44,0.507,N,20,1
49,78544,RENT,2.7,PERSONAL,B,21634,12.03,0.275,N,13,0
28,41251,MORTGAGE,6.2,MEDICAL,C,32953,11.88,0.799,N,14,1
40,42497,MORTGAGE,0.0,MEDICAL,C,11095,13.55,0.261,N,5,1
39,155396,MORTGAGE,1.6,PERSONAL,G,14175,24.2,0.091,N,17,1
38,68085,RENT,0.8,VENTURE,C,1859,14.27,0.027,N,26,0
38,34503,RENT,0.7,EDUCATION,C,33352,11.94,0.967,N,13,0
31,50792,OWN,16.0,VENTURE,G,1641,25.33,0.032,N,16,0
56,50018,MORTGAGE,2.4,DEBTCONSOLIDATION,A,23508,8.34,0.47,N,2,0
61,123915,RENT,3.7,PERSONAL,A,17199,5.39,0.139,N,15,0
36,50096,MORTGAGE,6.6,DEBTCONSOLIDATION,C,25572,13.72,0.51,N,28,0
56,165115,RENT,0.2,DEBTCONSOLIDATION,B,25696,9.57,0.156,N,27,0
58,24023,RENT,1.4,MEDICAL,A,4139,,0.172,N,16,0
47,48156,RENT,8.9,VENTURE,B,25691,,0.533,N,9,0
60,32222,RENT,9.9,MEDICAL,C,648,12.5,0.02,N,3,1
54,37340,RENT,2.3,PERSONAL,E,21198,18.89,0.568,N,17,1
37,37789,OWN,2.3,HOMEIMPROVEMENT,A,6649,5.0,0.176,N,29,0
33,33149,MORTGAGE,7.1,MEDICAL,C,25746,14.04,0.777,N,18,1
54,126955,MORTGAGE,1.7,DEBTCONSOLIDATION,B,9710,12.28,0.076,N,27,0
63,107195,MORTGAGE,0.6,DEBTCONSOLIDATION,C,19826,12.35,0.185,N,12,0
60,61172,OWN,1.5,VENTURE,C,26350,12.95,0.431,Y,24,0
26,37763,RENT,2.4,VENTURE,E,11824,20.89,0.313,N,21,1
60,33665,MORTGAGE,0.3,PERSONAL,A,26578,5.0,0.789,Y,29,0
32,73717,MORTGAGE,3.3,VENTURE,B,6505,10.6,0.088,N,3,0
37,57819,RENT,6.7,EDUCATION,A,10807,9.01,0.187,N,21,0
56,45267,RENT,3.6,MEDICAL,C,22444,12.24,0.496,N,11,0
32,66016,MORTGAGE,,DEBTCONSOLIDATION,D,17767,15.35,0.269,N,19,0
55,80024,MORTGAGE,2.9,EDUCATION,E,28816,20.59,0.36,Y,28,0
50,45038,RENT,6.2,PERSONAL,B,22070,8.69,0.49,N,5,0
21,31792,MORTGAGE,0.3,DEBTCONSOLIDATION,D,22830,17.03,0.718,Y,28,1
35,23703,MORTGAGE,0.3,EDUCATION,B,12747,10.45,0.538,N,29,0
28,56266,RENT,2.3,EDUCATION,A,11745,8.36,0.209,N,19,0
28,161455,OWN,1.1,DEBTCONSOLIDATION,D,25230,15.85,0.156,N,13,0
57,26612,OWN,13.7,MEDICAL,A,22338,8.84,0.839,Y,8,0
30,89743,MORTGAGE,4.4,MEDICAL,A,33655,,0.375,Y,20,0
41,33807,OTHER,1.7,HOMEIMPROVEMENT,B,16887,8.23,0.5,N,8,1
52,37770,RENT,,EDUCATION,B,2927,8.15,0.077,N,3,0
55,81081,RENT,2.3,MEDICAL,A,26814,5.69,0.331,N,15,0
64,42599,RENT,0.7,EDUCATION,D,17918,,0.421,N,5,0
42,56192,MORTGAGE,1.4,EDUCATION,B,24770,9.1,0.441,N,12,0
64,55603,MORTGAGE,5.1,PERSONAL,B,34800,9.98,0.626,N,24,0
64,33837,MORTGAGE,0.3,PERSONAL,A,6828,7.11,0.202,N,15,0
53,80201,RENT,1.6,DEBTCONSOLIDATION,B,2402,9.07,0.03,N,29,0
28,47388,RENT,,EDUCATION,D,17805,16.19,0.376,N,7,0
43,22841,OWN,1.1,PERSONAL,E,1193,20.13,0.052,N,4,1
27,30005,OWN,5.7,DEBTCONSOLIDATION,F,18135,22.04,0.604,N,25,1
26,8829,MORTGAGE,8.7,MEDICAL,B,31694,11.1,3.59,N,28,1
55,50442,MORTGAGE,6.3,EDUCATION,G,22697,24.55,0.45,N,26,1
37,100432,MORTGAGE,5.2,PERSONAL,B,33339,10.32,0.332,N,17,0
22,27558,RENT,,MEDICAL,A,24550,7.12,0.891,Y,21,1
47,67646,RENT,0.3,EDUCATION,D,17767,17.29,0.263,N,17,0
25,62119,MORTGAGE,0.9,DEBTCONSOLIDATION,A,7908,7.51,0.127,N,26,0
63,32417,MORTGAGE,2.7,EDUCATION,A,29286,6.23,0.903,N,4,0
63,114130,RENT,2.3,PERSONAL,E,29748,19.59,0.261,N,17,0
40,42194,OWN,2.7,MEDICAL,D,24706,14.85,0.586,N,19,1
47,148100,MORTGAGE,1.2,EDUCATION,A,22430,7.48,0.151,N,9,0
59,19937,RENT,0.8,EDUCATION,D,10394,15.96,0.521,N,11,0
20,42276,MORTGAGE,3.6,DEBTCONSOLIDATION,D,7190,16.18,0.17,N,23,0
55,45132,OWN,,HOMEIMPROVEMENT,E,14602,18.95,0.324,N,25,0
40,47937,RENT,2.5,EDUCATION,C,3711,12.27,0.077,N,4,0
62,72691,MORTGAGE,0.2,HOMEIMPROVEMENT,C,24803,12.12,0.341,N,15,0
54,317734,MORTGAGE,6.1,HOMEIMPROVEMENT,D,17191,17.3,0.054,N,16,0
32,62961,RENT,1.7,MEDICAL,C,13574,15.26,0.216,N,25,0
29,49678,MORTGAGE,1.4,VENTURE,C,10581,,0.213,N,28,1
63,26825,RENT,2.0,DEBTCONSOLIDATION,C,10673,13.04,0.398,N,27,0
29,17334,RENT,6.4,HOMEIMPROVEMENT,B,16970,8.53,0.979,N,27,0
65,93306,RENT,8.5,MEDICAL,G,22382,22.89,0.24,Y,3,1
32,36288,RENT,4.4,DEBTCONSOLIDATION,B,34133,8.07,0.941,N,17,0
56,205312,RENT,1.9,PERSONAL,A,32312,,0.157,N,28,0
57,79024,MORTGAGE,1.9,HOMEIMPROVEMENT,D,12440,13.87,0.157,N,14,0
43,59151,RENT,0.7,VENTURE,A,8844,7.79,0.15,N,24,0
21,60886,MORTGAGE,13.5,PERSONAL,C,23499,11.68,0.386,N,16,0
41,61217,MORTGAGE,5.1,DEBTCONSOLIDATION,A,19595,7.19,0.32,N,15,0
36,33456,RENT,0.1,HOMEIMPROVEMENT,C,1117,12.51,0.033,N,19,0
55,18707,MORTGAGE,5.4,HOMEIMPROVEMENT,F,10210,,0.546,N,17,0
33,36211,MORTGAGE,3.0,VENTURE,C,4421,11.34,0.122,N,13,1
29,48528,MORTGAGE,18.0,EDUCATION,A,14719,5.0,0.303,N,15,0
54,34327,RENT,8.5,VENTURE,F,1437,20.7,0.042,N,28,0
44,24164,MORTGAGE,,MEDICAL,B,13658,,0.565,N,16,0
22,32483,OTHER,6.4,MEDICAL,B,2114,11.56,0.065,N,3,0
57,86651,RENT,3.3,VENTURE,B,7935,10.22,0.092,Y,6,0
36,73976,RENT,1.0,VENTURE,G,19408,24.56,0.262,N,28,1
31,53867,MORTGAGE,6.0,VENTURE,A,23414,6.3,0.435,N,14,0
43,67704,RENT,4.0,VENTURE,C,15302,13.13,0.226,N,26,0
48,26302,MORTGAGE,0.2,VENTURE,B,1764,9.32,0.067,N,19,0
62,31650,RENT,,HOMEIMPROVEMENT,A,21207,6.31,0.67,N,14,0
44,58166,RENT,5.0,DEBTCONSOLIDATION,E,18569,19.58,0.319,N,10,0
55,28212,MORTGAGE,0.8,DEBTCONSOLIDATION,C,21052,11.79,0.746,Y,25,1
45,52032,RENT,,PERSONAL,D,12021,13.02,0.231,Y,11,0
57,24479,RENT,4.4,MEDICAL,A,6145,6.3,0.251,N,21,0
20,19785,RENT,0.7,MEDICAL,D,17368,17.74,0.878,N,6,1
39,73485,RENT,9.6,DEBTCONSOLIDATION,D,10930,14.05,0.149,Y,7,1
47,86238,MORTGAGE,,DEBTCONSOLIDATION,B,13344,,0.155,N,10,0
35,34649,OWN,0.5,PERSONAL,C,26057,12.24,0.752,N,27,0
36,21242,RENT,0.6,VENTURE,F,32543,20.08,1.532,N,23,1
59,14550,MORTGAGE,3.8,DEBTCONSOLIDATION,D,10885,17.8,0.748,Y,23,1
47,135009,RENT,,DEBTCONSOLIDATION,B,15358,10.12,0.114,N,12,0
31,52117,MORTGAGE,2.6,PERSONAL,C,5748,10.87,0.11,N,16,0
46,35087,RENT,1.7,VENTURE,D,3112,,0.089,Y,7,0
61,40128,RENT,8.3,MEDICAL,A,6483,6.95,0.162,N,27,0
49,17114,MORTGAGE,0.4,DEBTCONSOLIDATION,C,13844,12.71,0.809,Y,18,1
60,68936,RENT,1.6,EDUCATION,G,27514,24.8,0.399,N,2,1
53,147275,RENT,0.2,MEDICAL,F,3596,21.84,0.024,Y,10,1
56,31872,MORTGAGE,0.1,MEDICAL,D,29624,,0.929,N,27,1
25,181843,MORTGAGE,2.2,EDUCATION,A,24484,7.45,0.135,N,19,0
26,45980,MORTGAGE,1.1,PERSONAL,G,6263,23.2,0.136,N,22,1
51,122603,MORTGAGE,1.6,HOMEIMPROVEMENT,C,26763,13.07,0.218,N,26,0
51,58044,MORTGAGE,8.6,VENTURE,A,12266,,0.211,Y,7,0
44,58010,RENT,0.9,VENTURE,C,2489,12.27,0.043,N,26,0
52,135152,RENT,7.6,MEDICAL,D,25535,18.05,0.189,N,15,0
26,75394,MORTGAGE,,EDUCATION,A,26687,6.9,0.354,N,3,0
31,60244,MORTGAGE,2.0,MEDICAL,E,22445,19.6,0.373,N,11,0
35,16852,MORTGAGE,4.0,MEDICAL,E,22455,18.46,1.332,N,28,1
35,21397,MORTGAGE,2.9,DEBTCONSOLIDATION,A,11261,6.64,0.526,N,2,0
62,63082,RENT,0.7,PERSONAL,E,7704,19.41,0.122,N,19,0
55,109895,RENT,11.9,VENTURE,F,21391,20.34,0.195,N,3,1
32,52609,RENT,4.2,HOMEIMPROVEMENT,A,9077,7.89,0.173,Y,22,0
26,35411,MORTGAGE,10.6,EDUCATION,B,4633,8.52,0.131,N,2,0
55,17826,MORTGAGE,8.7,HOMEIMPROVEMENT,B,16392,11.06,0.92,N,16,1
28,31857,OWN,,EDUCATION,B,31380,9.68,0.985,N,12,1
51,52682,MORTGAGE,1.2,VENTURE,D,24269,18.47,0.461,N,3,0
30,30605,OWN,0.8,PERSONAL,B,28391,11.18,0.928,N,16,1
27,28841,MORTGAGE,8.9,HOMEIMPROVEMENT,F,19998,23.19,0.693,N,22,1
52,47661,OTHER,9.9,EDUCATION,G,19537,25.17,0.41,N,15,1
42,108730,MORTGAGE,3.8,MEDICAL,B,26423,11.21,0.243,Y,6,0
44,71438,OWN,0.6,VENTURE,B,697,10.91,0.01,N,24,0
27,57367,RENT,0.7,PERSONAL,C,23278,10.68,0.406,N,5,0
64,54375,RENT,8.4,DEBTCONSOLIDATION,C,9708,11.95,0.179,Y,23,1
41,66379,MORTGAGE,13.2,MEDICAL,B,3015,8.88,0.045,N,23,0
23,46139,OTHER,1.1,PERSONAL,A,25907,6.07,0.561,Y,10,0
59,39101,RENT,0.1,EDUCATION,A,32368,6.69,0.828,Y,14,1
22,73571,RENT,2.0,MEDICAL,A,8170,7.62,0.111,Y,4,0
48,43305,MORTGAGE,0.2,DEBTCONSOLIDATION,E,18916,20.41,0.437,N,26,1
60,25495,MORTGAGE,8.8,DEBTCONSOLIDATION,B,16522,10.73,0.648,N,12,0
48,108425,RENT,3.4,PERSONAL,A,18141,8.49,0.167,N,15,0
53,17527,MORTGAGE,5.1,VENTURE,C,23100,11.73,1.318,N,10,1
53,112992,OTHER,2.7,HOMEIMPROVEMENT,A,16222,6.4,0.144,N,14,1
47,64766,OWN,2.1,DEBTCONSOLIDATION,A,5781,6.69,0.089,N,3,0
32,28766,RENT,1.3,DEBTCONSOLIDATION,C,5518,12.2,0.192,N,19,1
34,49679,RENT,7.4,HOMEIMPROVEMENT,C,29891,11.65,0.602,N,8,0
42,38720,RENT,5.9,MEDICAL,A,30455,7.47,0.787,N,25,0
63,76439,RENT,,VENTURE,B,31695,9.16,0.415,N,4,0
45,75611,RENT,1.9,VENTURE,B,17220,10.97,0.228,N,8,0
23,63180,MORTGAGE,0.0,PERSONAL,C,6108,11.53,0.097,N,8,1
45,73903,RENT,0.3,MEDICAL,D,14527,17.04,0.197,N,24,0
59,46020,OWN,4.9,VENTURE,B,17878,10.26,0.388,N,3,0
28,129174,OWN,3.6,PERSONAL,B,11993,,0.093,Y,9,0
24,96084,RENT,2.9,VENTURE,D,599,16.29,0.006,N,12,0
51,37708,OTHER,8.8,MEDICAL,E,18994,18.9,0.504,N,17,0
39,76571,MORTGAGE,3.5,VENTURE,E,28033,,0.366,N,27,0
30,72982,MORTGAGE,2.4,VENTURE,B,25057,9.68,0.343,Y,9,0
34,42494,RENT,0.9,VENTURE,B,15373,10.36,0.362,N,15,0
51,40699,MORTGAGE,8.6,HOMEIMPROVEMENT,B,6389,10.66,0.157,N,6,0
47,95604,RENT,4.3,EDUCATION,E,1490,18.46,0.016,N,24,0
41,48626,MORTGAGE,0.5,MEDICAL,D,19358,17.67,0.398,Y,8,0
60,56562,RENT,5.2,HOMEIMPROVEMENT,B,20263,9.56,0.358,N,11,0
36,105937,MORTGAGE,2.8,EDUCATION,A,10337,6.16,0.098,N,21,0
45,197468,RENT,8.3,DEBTCONSOLIDATION,B,29048,9.82,0.147,N,22,0
63,36693,RENT,12.6,VENTURE,B,4742,9.08,0.129,N,29,0
26,43412,MORTGAGE,4.6,VENTURE,F,12689,22.56,0.292,N,7,0
61,51057,MORTGAGE,6.6,HOMEIMPROVEMENT,A,21796,6.83,0.427,N,7,0
45,51699,RENT,0.3,PERSONAL,A,20071,7.88,0.388,N,11,0
44,60294,RENT,4.1,MEDICAL,E,26564,18.93,0.441,N,10,1
29,37436,OWN,7.0,EDUCATION,A,4240,6.89,0.113,N,4,0
64,24430,MORTGAGE,3.4,VENTURE,A,20162,6.51,0.825,N,6,1
38,128618,RENT,4.5,MEDICAL,B,7765,,0.06,N,18,0
30,68641,MORTGAGE,11.5,VENTURE,C,32271,12.71,0.47,N,2,0
32,38941,MORTGAGE,1.1,VENTURE,B,29384,10.32,0.755,N,11,0
27,62343,RENT,0.5,VENTURE,B,22952,11.26,0.368,N,6,0
59,134339,MORTGAGE,5.9,MEDICAL,A,19179,,0.143,N,2,0
23,31779,MORTGAGE,8.7,HOMEIMPROVEMENT,C,19781,12.88,0.622,Y,28,1
50,55057,MORTGAGE,9.5,MEDICAL,B,30731,9.72,0.558,N,29,0
47,22824,RENT,5.1,MEDICAL,D,4427,16.23,0.194,N,24,1
30,45931,OWN,9.0,DEBTCONSOLIDATION,B,7999,10.97,0.174,N,11,0
62,68811,RENT,6.0,PERSONAL,B,11700,10.93,0.17,N,25,0
20,26553,OWN,,PERSONAL,C,19991,13.59,0.753,N,15,1
57,44224,RENT,7.2,HOMEIMPROVEMENT,A,29075,8.45,0.657,N,27,0
43,76111,MORTGAGE,1.0,PERSONAL,A,28557,7.1,0.375,N,17,0
50,67782,MORTGAGE,,HOMEIMPROVEMENT,D,8758,17.69,0.129,N,19,0
60,25933,RENT,2.5,VENTURE,A,2580,8.26,0.099,N,20,0
65,60208,MORTGAGE,1.9,VENTURE,C,31559,12.22,0.524,N,15,0
45,66655,MORTGAGE,1.9,MEDICAL,A,18152,7.94,0.272,N,11,0
24,52020,RENT,0.9,VENTURE,D,25924,,0.498,Y,9,0
39,89244,MORTGAGE,1.7,PERSONAL,G,31262,26.44,0.35,N,17,1
60,35447,MORTGAGE,0.1,EDUCATION,B,24576,9.91,0.693,N,12,0
30,61504,RENT,3.2,MEDICAL,B,31676,,0.515,N,18,0
52,25826,OTHER,7.3,HOMEIMPROVEMENT,B,1101,7.9,0.043,N,14,0
57,20325,OWN,9.9,VENTURE,E,23143,18.84,1.139,Y,26,1
46,75326,RENT,8.6,MEDICAL,A,12893,8.46,0.171,N,6,0
53,49578,MORTGAGE,2.7,MEDICAL,C,21664,13.29,0.437,N,16,1
34,37991,RENT,6.6,MEDICAL,C,26488,12.52,0.697,N,17,0
51,27286,MORTGAGE,1.7,VENTURE,B,3082,9.77,0.113,N,11,0
40,77258,OWN,0.3,HOMEIMPROVEMENT,A,11542,8.6,0.149,N,18,0
65,21388,RENT,5.6,MEDICAL,A,27364,,1.279,N,28,0
24,84633,MORTGAGE,5.2,MEDICAL,D,595,15.95,0.007,N,16,0
25,62821,MORTGAGE,8.1,MEDICAL,A,8925,8.12,0.142,N,27,0
57,21987,RENT,4.8,DEBTCONSOLIDATION,C,13476,13.95,0.613,N,9,0
41,52537,OWN,0.9,VENTURE,B,5177,8.93,0.099,N,10,0
37,210986,MORTGAGE,9.6,DEBTCONSOLIDATION,A,29291,6.58,0.139,N,10,0
33,94294,MORTGAGE,4.9,PERSONAL,B,16664,11.7,0.177,N,12,0
29,31088,MORTGAGE,8.2,HOMEIMPROVEMENT,E,23658,19.81,0.761,Y,28,1
65,72706,RENT,7.4,MEDICAL,C,19692,15.13,0.271,N,10,0
32,22499,RENT,1.8,DEBTCONSOLIDATION,D,34503,,1.534,N,23,1
50,23058,OWN,,MEDICAL,C,15532,12.15,0.674,N,12,0
49,47239,MORTGAGE,1.0,DEBTCONSOLIDATION,C,27311,12.97,0.578,Y,8,1
22,66397,MORTGAGE,0.5,MEDICAL,B,25493,,0.384,N,29,0
49,76590,RENT,1.4,VENTURE,E,17436,18.99,0.228,N,24,1
25,77176,MORTGAGE,3.1,PERSONAL,B,19471,10.07,0.252,N,5,0
48,64351,OTHER,11.9,MEDICAL,C,22077,15.44,0.343,N,20,0
27,20177,RENT,10.3,DEBTCONSOLIDATION,B,28966,9.72,1.436,N,10,1
63,47405,RENT,6.3,MEDICAL,B,30605,10.39,0.646,N,4,1
64,83514,MORTGAGE,0.1,VENTURE,A,4565,7.31,0.055,N,20,1
62,62555,RENT,,HOMEIMPROVEMENT,A,9222,,0.147,N,14,0
63,54184,RENT,5.7,HOMEIMPROVEMENT,C,30969,13.31,0.572,N,17,0
52,58751,OWN,0.7,PERSONAL,B,15874,10.16,0.27,N,5,0
36,58214,OTHER,8.1,HOMEIMPROVEMENT,B,14116,12.42,0.242,N,11,0
30,16635,MORTGAGE,12.3,MEDICAL,E,3589,,0.216,N,27,0
32,92520,MORTGAGE,2.2,VENTURE,C,6727,13.88,0.073,N,27,0
30,46129,OWN,6.1,MEDICAL,A,5300,5.46,0.115,Y,4,0
50,72342,MORTGAGE,0.8,MEDICAL,D,1417,16.0,0.02,N,19,0
47,13792,RENT,5.9,PERSONAL,A,15203,6.88,1.102,N,22,1
63,122216,RENT,0.1,HOMEIMPROVEMENT,C,24773,12.91,0.203,N,12,0
25,25951,RENT,0.8,HOMEIMPROVEMENT,B,23421,7.94,0.903,N,18,0
60,198339,RENT,6.2,HOMEIMPROVEMENT,A,2567,6.57,0.013,N,18,0
35,157248,RENT,6.2,DEBTCONSOLIDATION,A,26095,5.96,0.166,N,28,0
23,23654,RENT,5.1,MEDICAL,A,27099,8.3,1.146,Y,23,1
54,76831,RENT,3.2,VENTURE,A,31161,5.96,0.406,N,13,0
45,28016,RENT,5.6,VENTURE,A,26416,7.75,0.943,N,5,0
31,34486,MORTGAGE,7.4,MEDICAL,G,24201,25.81,0.702,Y,9,1
30,34917,RENT,17.0,EDUCATION,B,9463,,0.271,N,2,0
56,62715,MORTGAGE,11.0,MEDICAL,E,31632,17.98,0.504,N,27,0
44,58603,RENT,7.9,DEBTCONSOLIDATION,C,14893,12.66,0.254,N,22,0
37,25314,MORTGAGE,5.9,HOMEIMPROVEMENT,C,22364,12.52,0.883,N,12,1
38,62440,OWN,4.3,MEDICAL,A,29594,,0.474,N,7,0
42,43815,MORTGAGE,0.6,DEBTCONSOLIDATION,A,21043,6.65,0.48,N,6,1
57,18010,MORTGAGE,0.9,EDUCATION,B,23369,10.37,1.298,N,28,1
37,38610,OWN,8.6,MEDICAL,E,34725,17.57,0.899,N,27,1
45,122178,RENT,8.1,HOMEIMPROVEMENT,A,20485,,0.168,N,16,0
25,39334,OTHER,4.8,PERSONAL,B,4337,9.37,0.11,N,23,0
23,17862,MORTGAGE,2.9,VENTURE,A,25156,7.11,1.408,N,20,1
63,76722,MORTGAGE,0.1,EDUCATION,B,24914,12.26,0.325,N,26,0
48,29432,RENT,2.0,PERSONAL,C,20879,11.18,0.709,N,16,1
53,55156,MORTGAGE,2.7,VENTURE,D,3195,15.87,0.058,N,8,0
36,44596,MORTGAGE,3.3,PERSONAL,A,5011,7.34,0.112,N,27,0
62,129174,MORTGAGE,13.2,MEDICAL,A,27742,6.39,0.215,N,18,0
62,44613,MORTGAGE,0.6,MEDICAL,B,16841,10.44,0.377,N,22,0
35,26120,RENT,3.7,VENTURE,G,20763,,0.795,Y,27,1
21,37878,RENT,2.3,VENTURE,B,4262,,0.113,N,2,0
53,24938,RENT,23.1,MEDICAL,B,29730,6.8,1.192,N,15,0
27,43691,RENT,,MEDICAL,B,33490,9.71,0.767,N,20,0
32,129752,RENT,2.9,DEBTCONSOLIDATION,A,14950,5.52,0.115,N,23,0
61,97407,RENT,,VENTURE,D,15161,16.38,0.156,N,17,0
27,150640,RENT,3.6,VENTURE,A,23223,8.7,0.154,N,3,0
49,63805,MORTGAGE,0.9,DEBTCONSOLIDATION,C,17898,13.33,0.281,N,22,0
51,53034,RENT,,VENTURE,B,34286,9.91,0.646,N,8,1
55,28309,OWN,1.3,HOMEIMPROVEMENT,C,19180,12.38,0.678,N,13,0
49,56858,MORTGAGE,5.1,DEBTCONSOLIDATION,A,31669,6.66,0.557,N,10,0
20,45629,MORTGAGE,13.9,HOMEIMPROVEMENT,E,28201,,0.618,N,18,1
62,75225,RENT,7.7,MEDICAL,A,31964,7.02,0.425,N,8,1
58,26443,MORTGAGE,,HOMEIMPROVEMENT,C,5769,13.57,0.218,N,15,0
36,50461,MORTGAGE,1.8,EDUCATION,D,16568,15.08,0.328,N,25,0
39,20631,OTHER,0.4,MEDICAL,C,11819,14.38,0.573,N,20,0
43,59023,MORTGAGE,1.7,EDUCATION,B,20831,9.74,0.353,Y,3,0
41,71087,MORTGAGE,0.5,PERSONAL,F,4911,22.02,0.069,N,9,1
48,20093,OWN,3.5,EDUCATION,A,10278,8.54,0.512,N,24,0
41,23461,RENT,6.2,PERSONAL,F,4995,19.45,0.213,N,29,0
63,24033,RENT,7.0,EDUCATION,A,22131,5.0,0.921,N,2,0
28,44458,MORTGAGE,0.3,PERSONAL,B,24953,,0.561,N,3,1
56,22728,RENT,2.1,PERSONAL,A,34036,7.01,1.498,N,21,0
29,104628,RENT,1.7,MEDICAL,A,25099,8.78,0.24,N,16,0
55,62310,MORTGAGE,0.6,VENTURE,A,13118,5.65,0.211,N,16,0
56,68150,RENT,2.3,VENTURE,A,5790,7.58,0.085,N,20,0
47,20455,MORTGAGE,1.8,MEDICAL,G,12693,24.57,0.621,Y,3,1
47,99832,OWN,5.0,PERSONAL,D,6611,17.14,0.066,Y,6,0
61,70072,RENT,10.7,VENTURE,A,7724,5.0,0.11,N,23,0
62,33681,RENT,3.0,VENTURE,A,26260,6.68,0.78,N,23,0
40,20994,RENT,6.9,EDUCATION,C,5727,13.87,0.273,N,24,0
43,47010,RENT,0.8,HOMEIMPROVEMENT,B,18996,9.05,0.404,N,13,0
61,37928,RENT,11.3,MEDICAL,D,4447,15.93,0.117,N,14,0
59,38804,RENT,0.8,HOMEIMPROVEMENT,B,9641,10.06,0.248,N,23,0
21,33256,RENT,1.1,PERSONAL,C,21413,13.4,0.644,N,23,0
27,72896,RENT,0.6,EDUCATION,C,25701,11.69,0.353,Y,17,1
46,11727,MORTGAGE,1.9,VENTURE,C,32226,,2.748,N,9,1
41,107630,OWN,4.0,DEBTCONSOLIDATION,A,904,7.59,0.008,N,29,0
56,84877,MORTGAGE,22.1,EDUCATION,B,6255,10.89,0.074,N,6,0
46,55043,MORTGAGE,7.9,MEDICAL,A,25218,7.21,0.458,N,29,0
48,45285,RENT,,PERSONAL,C,19690,12.59,0.435,Y,22,1
22,88936,MORTGAGE,4.3,EDUCATION,B,2318,10.11,0.026,N,12,0
63,47894,RENT,4.9,EDUCATION,D,22267,17.01,0.465,N,12,0
32,42060,RENT,8.7,EDUCATION,A,11984,7.24,0.285,N,24,0
64,91701,MORTGAGE,6.7,VENTURE,B,30950,8.58,0.338,N,11,1
29,155029,RENT,4.2,PERSONAL,A,34335,5.65,0.221,N,14,0
55,28737,RENT,5.5,VENTURE,C,34257,13.04,1.192,N,12,0
28,61922,OWN,6.9,EDUCATION,D,8980,14.01,0.145,N,28,0
46,26970,OWN,0.7,VENTURE,D,29952,16.95,1.111,N,24,1
53,64595,RENT,1.1,VENTURE,F,3607,20.89,0.056,N,20,1
20,31952,RENT,5.8,MEDICAL,F,22103,,0.692,N,2,0
51,95449,MORTGAGE,9.5,HOMEIMPROVEMENT,D,18058,18.03,0.189,N,22,0
44,46394,MORTGAGE,,HOMEIMPROVEMENT,B,26235,9.39,0.565,N,27,0
48,50290,RENT,19.5,MEDICAL,A,20421,,0.406,N,12,0
26,120224,MORTGAGE,1.2,MEDICAL,B,24475,10.72,0.204,N,5,0
22,32756,OWN,,DEBTCONSOLIDATION,G,32994,26.74,1.007,N,2,1
39,71443,RENT,2.4,VENTURE,B,11719,9.29,0.164,N,22,0
39,34599,OWN,,DEBTCONSOLIDATION,A,30212,7.21,0.873,N,7,0
49,94652,OWN,1.7,VENTURE,F,17527,21.86,0.185,N,24,1
54,130968,RENT,3.2,PERSONAL,B,30792,12.88,0.235,N,17,0
54,42421,MORTGAGE,1.0,HOMEIMPROVEMENT,C,22727,10.57,0.536,N,11,0
58,14665,RENT,3.7,VENTURE,D,24928,,1.7,N,12,1
46,33574,MORTGAGE,9.7,PERSONAL,D,12892,,0.384,N,29,0
45,186829,MORTGAGE,1.8,DEBTCONSOLIDATION,D,32284,15.87,0.173,N,17,0
33,35395,RENT,8.3,HOMEIMPROVEMENT,D,26698,14.27,0.754,N,10,1
36,129840,MORTGAGE,12.1,PERSONAL,C,6569,10.77,0.051,N,13,1
37,35120,MORTGAGE,0.4,PERSONAL,B,18727,8.15,0.533,N,21,0
64,34646,RENT,7.1,MEDICAL,C,17416,14.03,0.503,N,18,0
48,75248,RENT,1.5,EDUCATION,D,33901,15.98,0.451,Y,21,0
39,70448,RENT,1.0,EDUCATION,B,29675,7.89,0.421,N,12,0
46,78330,MORTGAGE,,EDUCATION,B,22687,11.72,0.29,N,24,0
37,49153,OTHER,6.1,PERSONAL,B,19064,12.36,0.388,N,2,0
23,86586,MORTGAGE,2.5,VENTURE,C,17840,13.36,0.206,Y,26,0
20,83185,RENT,0.2,DEBTCONSOLIDATION,A,12153,7.51,0.146,N,7,0
20,92223,MORTGAGE,12.0,EDUCATION,D,19940,16.11,0.216,N,11,0
45,34788,RENT,6.6,VENTURE,A,3218,,0.093,N,9,0
64,86551,RENT,1.6,HOMEIMPROVEMENT,A,20256,5.0,0.234,N,23,0
39,36800,MORTGAGE,3.4,DEBTCONSOLIDATION,A,4709,5.7,0.128,N,15,0
42,44962,MORTGAGE,0.1,DEBTCONSOLIDATION,C,19754,12.93,0.439,N,24,0
29,44458,MORTGAGE,,EDUCATION,B,8751,10.69,0.197,N,20,0
30,28312,OWN,3.7,PERSONAL,B,34194,9.72,1.208,N,25,1
60,18872,MORTGAGE,3.6,MEDICAL,E,12740,18.89,0.675,N,22,0
60,96090,MORTGAGE,1.2,PERSONAL,D,1115,16.05,0.012,N,8,0
24,33314,RENT,,DEBTCONSOLIDATION,D,18467,,0.554,N,8,1
20,42261,OTHER,1.8,VENTURE,C,10819,12.3,0.256,N,7,1
36,32797,MORTGAGE,4.3,HOMEIMPROVEMENT,E,26126,19.5,0.797,Y,20,1
41,42567,OWN,1.6,DEBTCONSOLIDATION,D,22236,14.67,0.522,Y,12,1
53,37114,RENT,2.8,PERSONAL,F,9038,22.37,0.244,N,2,0
64,99061,MORTGAGE,1.2,DEBTCONSOLIDATION,A,12201,5.18,0.123,Y,7,0
60,35426,MORTGAGE,5.0,MEDICAL,A,5756,5.57,0.162,Y,14,0
48,125869,RENT,2.8,MEDICAL,A,3724,,0.03,N,26,0
23,91729,MORTGAGE,0.1,HOMEIMPROVEMENT,E,13131,19.23,0.143,N,19,0
24,37761,OWN,0.1,EDUCATION,C,18989,13.28,0.503,N,3,0
30,58448,RENT,,PERSONAL,B,17103,,0.293,N,27,0
40,65227,RENT,1.0,DEBTCONSOLIDATION,B,22021,,0.338,N,18,0
54,77876,MORTGAGE,4.4,PERSONAL,D,15263,17.45,0.196,N,18,0
31,82228,RENT,2.6,MEDICAL,E,30013,19.08,0.365,N,3,0
45,54320,MORTGAGE,5.3,VENTURE,C,1700,12.84,0.031,N,2,0
38,29000,MORTGAGE,15.2,PERSONAL,D,6334,16.44,0.218,N,13,0
64,69737,RENT,3.8,MEDICAL,B,15338,8.86,0.22,N,29,0
26,43041,MORTGAGE,7.7,VENTURE,B,6553,,0.152,N,13,0
26,10571,MORTGAGE,7.0,EDUCATION,E,33972,19.69,3.214,N,28,1
45,60757,OWN,12.7,EDUCATION,D,29811,15.66,0.491,N,23,1
59,32736,MORTGAGE,1.2,MEDICAL,C,29985,12.93,0.916,N,6,0
24,38096,OWN,8.8,MEDICAL,A,23285,6.71,0.611,N,25,0
40,49183,RENT,11.8,EDUCATION,A,3429,8.6,0.07,N,17,0
33,20858,RENT,2.5,MEDICAL,A,1747,7.52,0.084,N,17,0
23,52916,RENT,,HOMEIMPROVEMENT,C,19479,13.65,0.368,N,14,0
42,41184,RENT,15.2,PERSONAL,C,4856,13.08,0.118,N,27,0
61,30258,OWN,4.9,HOMEIMPROVEMENT,F,32519,,1.075,N,8,1
39,50283,MORTGAGE,2.4,VENTURE,C,2873,15.25,0.057,N,13,1
34,19348,MORTGAGE,7.8,MEDICAL,B,13015,9.56,0.673,Y,15,0
64,51102,RENT,1.8,MEDICAL,A,11339,7.26,0.222,N,21,0
48,63502,RENT,1.0,VENTURE,D,20258,18.47,0.319,N,10,0
27,57981,OWN,3.9,PERSONAL,B,32345,11.59,0.558,N,12,0
60,75651,RENT,4.2,EDUCATION,C,7268,13.46,0.096,N,12,0
38,93054,MORTGAGE,8.7,HOMEIMPROVEMENT,C,23235,11.19,0.25,N,21,0
58,46875,RENT,3.1,PERSONAL,A,28510,,0.608,N,26,0
65,89545,OWN,8.4,EDUCATION,A,25025,6.71,0.279,N,21,0
47,46779,MORTGAGE,1.9,EDUCATION,B,17952,10.1,0.384,Y,3,0
65,33366,MORTGAGE,4.3,MEDICAL,B,15293,11.24,0.458,N,16,1
46,39497,RENT,1.2,VENTURE,C,6985,12.75,0.177,Y,19,0
23,56774,MORTGAGE,2.4,DEBTCONSOLIDATION,C,10971,13.26,0.193,N,23,1
34,89040,OWN,9.7,MEDICAL,F,22748,22.08,0.255,N,23,0
54,49060,OWN,1.2,DEBTCONSOLIDATION,D,19199,,0.391,N,24,1
56,33843,RENT,8.3,VENTURE,B,25967,,0.767,N,13,1
20,108482,RENT,1.7,MEDICAL,B,25675,,0.237,Y,8,0
22,22266,RENT,0.2,HOMEIMPROVEMENT,C,16756,,0.753,Y,13,1
43,33963,RENT,0.6,MEDICAL,A,11081,7.65,0.326,N,4,0
46,80100,MORTGAGE,,HOMEIMPROVEMENT,G,4395,26.5,0.055,N,11,0
59,129514,RENT,1.5,DEBTCONSOLIDATION,B,20309,9.11,0.157,Y,24,0
55,63855,RENT,5.3,PERSONAL,E,33143,,0.519,N,26,1
53,56243,MORTGAGE,6.0,PERSONAL,F,3180,22.01,0.057,N,10,0
48,41773,MORTGAGE,2.1,DEBTCONSOLIDATION,C,27852,13.01,0.667,Y,28,1
43,66266,MORTGAGE,3.2,DEBTCONSOLIDATION,A,21586,5.0,0.326,N,16,0
43,52635,OWN,2.6,MEDICAL,C,27722,12.49,0.527,Y,8,0
61,32370,RENT,14.7,PERSONAL,C,31131,15.15,0.962,N,5,1
23,41359,MORTGAGE,1.9,EDUCATION,D,25177,17.68,0.609,N,15,0
22,30421,RENT,,HOMEIMPROVEMENT,A,26455,9.05,0.87,N,25,1
53,49389,RENT,,DEBTCONSOLIDATION,B,4538,,0.092,N,19,0
42,53584,RENT,5.5,VENTURE,E,10109,,0.189,N,25,0
42,120440,RENT,6.0,HOMEIMPROVEMENT,G,11321,25.31,0.094,Y,13,1
64,35292,RENT,12.9,MEDICAL,A,759,7.72,0.022,Y,29,0
24,44381,RENT,,PERSONAL,E,17160,18.6,0.387,N,12,1
50,97983,OWN,1.7,PERSONAL,A,21575,5.0,0.22,N,4,0
60,132296,MORTGAGE,3.0,EDUCATION,D,5060,,0.038,Y,6,0
25,63645,OTHER,6.9,PERSONAL,A,30718,6.46,0.483,N,4,0
56,42639,MORTGAGE,12.4,MEDICAL,F,19818,22.75,0.465,N,23,1
29,37791,RENT,2.1,MEDICAL,C,15487,11.1,0.41,N,7,0
59,17788,RENT,2.9,VENTURE,B,19043,9.23,1.071,N,25,0
26,29428,RENT,11.5,HOMEIMPROVEMENT,B,3263,10.47,0.111,N,2,0
58,51836,RENT,2.2,HOMEIMPROVEMENT,A,14692,7.76,0.283,N,6,0
57,44376,MORTGAGE,3.3,HOMEIMPROVEMENT,C,3776,13.9,0.085,Y,22,1
40,69069,MORTGAGE,11.7,VENTURE,E,23093,18.92,0.334,N,15,1
39,44030,RENT,8.1,VENTURE,D,30564,16.23,0.694,Y,10,1
22,32881,RENT,1.4,VENTURE,D,28930,16.47,0.88,N,11,1
41,59144,RENT,2.0,EDUCATION,D,33728,16.38,0.57,N,21,1
23,194443,RENT,2.2,VENTURE,F,9237,22.69,0.048,N,23,1
47,41169,RENT,12.2,PERSONAL,D,4639,14.62,0.113,N,29,0
31,52912,MORTGAGE,34.2,DEBTCONSOLIDATION,A,14576,,0.275,N,12,0
57,78104,RENT,7.4,EDUCATION,D,18242,15.78,0.234,N,28,0
55,35796,MORTGAGE,3.3,PERSONAL,B,28502,,0.796,N,11,0
60,98717,RENT,0.1,HOMEIMPROVEMENT,G,12153,24.65,0.123,N,24,1
24,20568,RENT,6.0,MEDICAL,B,14619,10.28,0.711,N,4,1
32,39173,MORTGAGE,2.5,HOMEIMPROVEMENT,B,9977,,0.255,Y,29,1
42,41308,MORTGAGE,5.0,VENTURE,A,29246,6.42,0.708,N,17,0
49,53270,RENT,4.7,MEDICAL,C,26625,10.71,0.5,Y,23,0
56,16575,OWN,3.3,HOMEIMPROVEMENT,A,8648,6.44,0.522,N,15,0
44,103156,RENT,14.4,EDUCATION,F,31086,22.19,0.301,N,14,0
46,61563,RENT,0.1,VENTURE,B,14301,10.68,0.232,N,14,0
33,90903,MORTGAGE,6.2,HOMEIMPROVEMENT,B,28446,9.93,0.313,Y,4,0
55,119034,MORTGAGE,2.6,MEDICAL,A,11225,7.34,0.094,N,29,0
58,32620,RENT,6.3,PERSONAL,A,21048,5.0,0.645,N,23,0
35,12432,RENT,5.6,HOMEIMPROVEMENT,B,731,10.19,0.059,N,18,0
41,92088,OWN,0.1,EDUCATION,B,34914,11.51,0.379,Y,10,0
40,41876,RENT,1.7,MEDICAL,A,14690,7.56,0.351,Y,23,0
40,26285,RENT,1.0,HOMEIMPROVEMENT,A,22139,,0.842,N,7,1
27,67303,MORTGAGE,0.9,PERSONAL,B,21746,10.2,0.323,Y,21,0
35,190033,OWN,6.5,VENTURE,D,26771,,0.141,N,15,0
50,46170,RENT,1.4,VENTURE,B,8778,10.68,0.19,N,22,0
61,82711,MORTGAGE,3.2,VENTURE,B,2527,10.72,0.031,N,21,0
29,28477,MORTGAGE,,DEBTCONSOLIDATION,B,24564,9.06,0.863,N,23,0
51,19385,RENT,4.3,MEDICAL,C,16482,12.57,0.85,N,24,1
53,81037,MORTGAGE,6.4,DEBTCONSOLIDATION,B,30354,9.92,0.375,N,18,0
28,66193,OWN,2.0,PERSONAL,C,32186,15.17,0.486,N,15,0
36,37943,RENT,4.6,PERSONAL,G,2946,23.9,0.078,N,4,1
30,125294,RENT,8.7,HOMEIMPROVEMENT,A,7389,7.31,0.059,N,3,0
51,18574,OWN,0.5,VENTURE,A,22585,7.81,1.216,N,28,0
29,24921,MORTGAGE,6.2,MEDICAL,A,18307,7.89,0.735,N,29,0
41,36367,RENT,2.0,DEBTCONSOLIDATION,B,11453,9.7,0.315,N,6,0
36,40294,MORTGAGE,0.7,DEBTCONSOLIDATION,A,10832,6.61,0.269,N,25,0
23,109748,MORTGAGE,3.9,VENTURE,B,25147,,0.229,N,6,0
44,50365,MORTGAGE,1.3,DEBTCONSOLIDATION,E,22432,18.68,0.445,N,10,1
40,44085,OWN,,VENTURE,A,1219,6.5,0.028,N,18,0
56,24379,RENT,0.2,HOMEIMPROVEMENT,B,31818,11.11,1.305,N,12,1
57,89111,RENT,0.5,HOMEIMPROVEMENT,D,31617,16.15,0.355,N,7,0
20,26234,MORTGAGE,,HOMEIMPROVEMENT,A,27583,5.44,1.051,N,4,1
44,24317,RENT,4.4,EDUCATION,A,10944,8.18,0.45,N,16,0
55,39334,MORTGAGE,6.5,EDUCATION,C,28099,12.52,0.714,Y,19,1
36,53624,RENT,,DEBTCONSOLIDATION,A,15307,6.51,0.285,N,5,0
60,32988,RENT,9.2,MEDICAL,D,22463,19.19,0.681,N,20,1
43,72320,MORTGAGE,15.3,MEDICAL,A,17148,6.72,0.237,Y,28,0
21,41955,MORTGAGE,3.5,HOMEIMPROVEMENT,B,25344,10.08,0.604,N,26,1
59,87467,MORTGAGE,7.1,PERSONAL,D,11755,17.1,0.134,Y,15,0
34,64719,MORTGAGE,3.7,MEDICAL,A,10324,5.88,0.16,N,29,0
51,131309,RENT,0.4,DEBTCONSOLIDATION,A,12352,7.67,0.094,N,26,0
58,38436,RENT,2.0,EDUCATION,A,33237,8.11,0.865,N,9,0
25,77978,MORTGAGE,0.5,DEBTCONSOLIDATION,D,27739,17.59,0.356,N,24,1
20,18347,RENT,22.5,DEBTCONSOLIDATION,C,7083,13.79,0.386,N,27,0
42,240484,MORTGAGE,1.3,EDUCATION,A,16092,5.67,0.067,N,20,0
58,75861,MORTGAGE,,VENTURE,C,29264,13.52,0.386,N,15,1
36,41648,RENT,1.7,HOMEIMPROVEMENT,C,15312,11.39,0.368,N,28,0
53,42509,MORTGAGE,5.3,DEBTCONSOLIDATION,G,19292,26.48,0.454,N,4,0
60,42793,RENT,,PERSONAL,B,25186,11.29,0.589,N,14,0
48,134863,MORTGAGE,7.7,HOMEIMPROVEMENT,E,29588,19.27,0.219,N,24,1
28,80354,RENT,0.6,EDUCATION,B,21056,10.22,0.262,Y,5,1
32,38413,RENT,11.3,PERSONAL,E,1106,18.99,0.029,N,25,0
25,24801,MORTGAGE,9.2,MEDICAL,A,28415,6.97,1.146,N,2,0
25,94642,MORTGAGE,5.7,VENTURE,A,18233,8.16,0.193,N,18,0
39,77745,MORTGAGE,0.3,DEBTCONSOLIDATION,D,6858,15.63,0.088,N,8,0
22,72294,MORTGAGE,1.2,EDUCATION,D,9132,18.63,0.126,Y,10,0
36,46814,MORTGAGE,9.8,VENTURE,B,21767,10.21,0.465,Y,19,0
31,41573,RENT,0.7,DEBTCONSOLIDATION,C,9271,14.49,0.223,N,22,0
64,123855,MORTGAGE,0.8,DEBTCONSOLIDATION,B,32584,8.01,0.263,N,3,0
20,130359,MORTGAGE,3.9,HOMEIMPROVEMENT,A,34591,6.31,0.265,N,13,0
36,69707,RENT,1.6,PERSONAL,A,18193,,0.261,N,26,0
22,83567,MORTGAGE,1.3,HOMEIMPROVEMENT,A,13426,7.39,0.161,Y,26,0
45,55818,OWN,4.3,VENTURE,C,12231,,0.219,N,2,0
34,23075,RENT,2.3,EDUCATION,A,10460,8.27,0.453,N,12,1
55,28599,OWN,0.8,VENTURE,A,10329,9.54,0.361,Y,17,1
51,92078,RENT,3.8,EDUCATION,F,19082,20.61,0.207,N,24,0
51,98768,RENT,2.4,VENTURE,A,26936,8.2,0.273,N,16,0
23,87532,RENT,6.6,HOMEIMPROVEMENT,C,23719,12.47,0.271,N,28,0
37,59297,MORTGAGE,0.5,VENTURE,E,24006,20.03,0.405,N,17,0
38,89340,RENT,4.8,MEDICAL,A,34469,6.46,0.386,N,15,0
62,47478,OWN,2.9,HOMEIMPROVEMENT,A,14778,7.64,0.311,Y,2,0
54,68993,MORTGAGE,2.6,VENTURE,C,16892,13.74,0.245,N,8,1
59,43801,MORTGAGE,,VENTURE,B,7419,9.16,0.169,N,9,0
33,27412,MORTGAGE,0.2,PERSONAL,B,17086,9.43,0.623,N,17,0
52,78866,OWN,9.4,HOMEIMPROVEMENT,C,11002,12.77,0.14,N,2,0
33,98846,MORTGAGE,2.0,PERSONAL,F,13352,20.05,0.135,N,20,0
53,191123,MORTGAGE,5.7,HOMEIMPROVEMENT,A,13314,7.54,0.07,N,27,0
23,56682,MORTGAGE,14.7,EDUCATION,D,22459,17.77,0.396,N,6,1
43,27548,MORTGAGE,4.2,HOMEIMPROVEMENT,A,4031,5.49,0.146,N,27,0
48,40919,MORTGAGE,2.5,HOMEIMPROVEMENT,B,28600,10.79,0.699,Y,24,1
38,45490,RENT,1.6,VENTURE,A,7867,7.41,0.173,Y,22,0
25,53192,MORTGAGE,13.6,MEDICAL,B,15896,9.17,0.299,N,16,0
52,63511,RENT,5.7,DEBTCONSOLIDATION,D,18498,18.45,0.291,Y,4,1
59,59852,RENT,5.5,HOMEIMPROVEMENT,A,1161,8.38,0.019,N,25,0
38,75161,MORTGAGE,2.8,PERSONAL,A,10717,8.49,0.143,N,23,0
20,54643,OWN,9.3,MEDICAL,B,13335,10.05,0.244,N,2,0
24,14415,OWN,6.3,HOMEIMPROVEMENT,A,16977,5.19,1.178,N,8,1
46,55543,MORTGAGE,1.7,MEDICAL,D,25940,16.21,0.467,N,10,0
35,51415,MORTGAGE,4.6,EDUCATION,D,24242,15.85,0.471,N,2,0
25,66346,RENT,2.8,MEDICAL,D,7119,17.23,0.107,N,24,0
59,40182,MORTGAGE,,EDUCATION,C,9779,12.29,0.243,N,3,0
32,55433,RENT,8.2,MEDICAL,B,6071,11.6,0.11,N,18,0
54,66564,RENT,0.7,MEDICAL,A,14593,6.25,0.219,N,18,0
38,44890,MORTGAGE,,PERSONAL,C,22754,13.85,0.507,N,4,0
31,71091,RENT,2.0,DEBTCONSOLIDATION,B,15217,9.1,0.214,Y,18,0
35,50948,RENT,2.1,PERSONAL,F,4870,21.95,0.096,N,11,1
62,53431,MORTGAGE,3.2,VENTURE,F,19056,20.4,0.357,N,3,1
29,9823,RENT,,MEDICAL,E,25596,19.09,2.606,N,8,1
44,26130,RENT,2.6,EDUCATION,B,22292,8.79,0.853,N,25,1
39,26169,RENT,1.0,MEDICAL,B,4148,10.67,0.159,N,4,0
50,55214,RENT,4.8,HOMEIMPROVEMENT,D,27720,16.84,0.502,N,24,0
23,98658,RENT,1.3,EDUCATION,C,3851,12.99,0.039,N,13,0
63,45929,MORTGAGE,0.6,HOMEIMPROVEMENT,C,1113,12.22,0.024,N,8,0
42,78163,RENT,0.3,VENTURE,A,7772,7.49,0.099,N,11,0
21,70020,MORTGAGE,0.1,HOMEIMPROVEMENT,D,13845,17.14,0.198,N,5,0
41,52941,RENT,2.8,VENTURE,C,33128,12.8,0.626,N,28,0
56,67217,MORTGAGE,2.8,VENTURE,B,25614,9.48,0.381,N,2,0
27,56121,MORTGAGE,1.0,VENTURE,E,24581,17.49,0.438,Y,15,0
26,45330,MORTGAGE,7.7,HOMEIMPROVEMENT,B,31736,10.26,0.7,N,5,0
33,60784,MORTGAGE,0.7,VENTURE,C,19403,14.27,0.319,N,28,0
22,108623,OWN,12.3,VENTURE,B,10323,11.72,0.095,Y,29,0
35,63577,RENT,4.4,PERSONAL,C,12488,13.28,0.196,N,13,0
38,55264,MORTGAGE,0.1,DEBTCONSOLIDATION,A,26354,5.32,0.477,N,2,1
37,30254,OWN,16.5,MEDICAL,B,33823,9.44,1.118,N,15,0
35,106801,RENT,1.8,VENTURE,C,11605,14.4,0.109,N,27,0
27,22609,RENT,3.0,EDUCATION,B,4842,10.99,0.214,N,5,0
52,19180,RENT,1.7,EDUCATION,D,9008,14.76,0.47,N,22,1
31,60132,MORTGAGE,6.5,PERSONAL,B,20601,12.37,0.343,Y,26,0
30,30199,RENT,3.3,HOMEIMPROVEMENT,E,11838,17.7,0.392,Y,8,1
24,89232,RENT,,HOMEIMPROVEMENT,B,22810,9.53,0.256,Y,26,0
46,19418,MORTGAGE,0.6,HOMEIMPROVEMENT,C,19158,,0.987,Y,10,1
31,83199,MORTGAGE,6.5,VENTURE,A,31974,6.9,0.384,N,15,0
36,76998,RENT,1.4,DEBTCONSOLIDATION,A,28062,6.61,0.364,N,25,0
25,52308,RENT,0.7,DEBTCONSOLIDATION,D,4664,16.02,0.089,N,19,1
52,15448,MORTGAGE,3.5,HOMEIMPROVEMENT,A,32213,8.23,2.085,Y,6,1
24,18999,OWN,8.1,HOMEIMPROVEMENT,F,1885,24.31,0.099,N,21,1
47,55936,MORTGAGE,,MEDICAL,A,23178,7.36,0.414,N,18,0
33,43129,MORTGAGE,1.6,DEBTCONSOLIDATION,E,22487,18.25,0.521,N,7,0
24,73132,RENT,9.0,VENTURE,B,30092,10.13,0.411,N,6,0
52,47215,RENT,0.8,VENTURE,C,13987,,0.296,N,27,1
60,45010,MORTGAGE,4.8,EDUCATION,A,34845,7.97,0.774,N,29,0
38,12907,MORTGAGE,15.5,EDUCATION,B,7240,11.61,0.561,N,11,0
41,77059,MORTGAGE,9.2,MEDICAL,A,8506,8.0,0.11,N,24,0
24,34302,MORTGAGE,0.3,PERSONAL,B,11292,11.13,0.329,N,18,0
21,39378,OTHER,1.9,VENTURE,C,10546,13.06,0.268,N,22,0
49,27217,RENT,0.8,EDUCATION,C,2978,14.73,0.109,N,20,0
58,21010,RENT,14.9,HOMEIMPROVEMENT,E,31831,,1.515,N,5,1
23,110158,RENT,21.3,VENTURE,B,32628,,0.296,N,15,1
52,75926,RENT,1.3,VENTURE,A,14162,7.57,0.187,Y,21,0
32,76618,RENT,5.5,VENTURE,B,3463,8.96,0.045,N,15,0
39,43517,OWN,9.2,DEBTCONSOLIDATION,D,31713,,0.729,N,29,0
26,18847,RENT,1.3,EDUCATION,A,26246,7.71,1.393,N,23,1
34,155768,RENT,1.0,MEDICAL,C,19133,,0.123,N,29,0
42,61837,RENT,0.1,EDUCATION,A,26903,7.44,0.435,N,5,0
33,52851,OWN,2.7,HOMEIMPROVEMENT,A,31114,,0.589,N,24,0
42,40234,MORTGAGE,11.5,HOMEIMPROVEMENT,C,4293,15.02,0.107,N,4,1
38,15922,OWN,11.7,PERSONAL,B,2960,10.75,0.186,Y,25,0
48,91844,OTHER,0.7,EDUCATION,B,23839,9.9,0.26,N,3,0
39,27399,MORTGAGE,1.1,EDUCATION,C,30970,,1.13,Y,19,0
48,66211,RENT,2.6,PERSONAL,A,12313,6.0,0.186,N,18,0
43,74903,RENT,7.6,PERSONAL,B,29422,10.96,0.393,N,17,0
37,58911,RENT,4.7,VENTURE,C,18869,12.96,0.32,N,15,0
29,63480,MORTGAGE,3.6,VENTURE,C,33009,14.43,0.52,N,17,1
60,102782,RENT,,HOMEIMPROVEMENT,A,15810,6.44,0.154,N,17,0
27,31703,RENT,0.5,MEDICAL,C,20233,15.08,0.638,N,7,0
45,53662,MORTGAGE,3.2,HOMEIMPROVEMENT,C,28201,,0.526,N,28,1
48,43312,MORTGAGE,24.2,DEBTCONSOLIDATION,A,27561,7.46,0.636,N,7,0
29,17822,MORTGAGE,0.5,EDUCATION,D,9209,16.36,0.517,N,7,1
36,57381,RENT,3.7,MEDICAL,B,13663,12.06,0.238,N,15,0
21,97556,MORTGAGE,1.8,VENTURE,A,23824,9.6,0.244,N,2,0
25,104504,MORTGAGE,3.9,PERSONAL,C,9398,12.61,0.09,N,21,0
24,136163,RENT,4.3,PERSONAL,C,2795,12.66,0.021,N,2,0
47,18480,MORTGAGE,4.3,HOMEIMPROVEMENT,E,14176,20.59,0.767,N,19,1
60,120059,OWN,9.6,EDUCATION,D,22321,13.2,0.186,Y,9,0
24,54266,RENT,2.5,EDUCATION,B,29359,6.96,0.541,N,9,0
37,118220,RENT,3.6,PERSONAL,A,30453,6.13,0.258,N,18,0
45,39453,MORTGAGE,0.1,HOMEIMPROVEMENT,D,6737,16.42,0.171,Y,2,0
39,36609,RENT,7.8,DEBTCONSOLIDATION,D,13082,14.72,0.357,N,15,1
60,25124,OWN,1.5,HOMEIMPROVEMENT,A,23507,5.55,0.936,N,12,0
46,75115,RENT,8.5,VENTURE,A,13549,6.48,0.18,N,13,0
31,65053,MORTGAGE,1.5,VENTURE,C,16656,14.7,0.256,N,14,0
26,26519,MORTGAGE,0.1,VENTURE,C,11155,12.59,0.421,N,14,1
22,14909,MORTGAGE,0.8,DEBTCONSOLIDATION,A,33127,8.39,2.222,Y,4,1
29,61598,RENT,21.2,MEDICAL,C,30758,13.19,0.499,N,24,0
53,65581,RENT,1.9,HOMEIMPROVEMENT,A,27784,,0.424,N,23,0
44,28486,RENT,0.6,HOMEIMPROVEMENT,A,3210,,0.113,N,4,0
54,25506,RENT,0.6,DEBTCONSOLIDATION,B,14950,10.57,0.586,Y,25,0
35,70314,RENT,1.9,VENTURE,B,21838,10.33,0.311,N,15,0
21,136082,MORTGAGE,0.2,PERSONAL,D,2029,15.9,0.015,Y,9,0
43,37337,RENT,3.6,VENTURE,B,679,11.03,0.018,N,14,0
29,30218,MORTGAGE,1.2,MEDICAL,B,25686,10.9,0.85,N,23,0
57,57778,RENT,3.7,DEBTCONSOLIDATION,E,21304,,0.369,N,2,1
41,69521,MORTGAGE,,PERSONAL,A,3275,5.0,0.047,N,13,0
45,40120,OTHER,2.8,HOMEIMPROVEMENT,D,26388,14.66,0.658,N,25,0
62,149313,RENT,4.6,MEDICAL,D,11929,14.96,0.08,N,6,0
58,80493,OWN,0.3,MEDICAL,A,1781,7.36,0.022,N,26,0
46,39747,MORTGAGE,2.5,DEBTCONSOLIDATION,A,34685,7.03,0.873,N,10,0
48,20417,MORTGAGE,1.8,PERSONAL,E,1240,18.18,0.061,N,3,0
57,101283,MORTGAGE,1.4,VENTURE,C,23605,,0.233,N,28,0
39,94425,RENT,4.6,VENTURE,A,5055,7.9,0.054,N,15,0
46,41501,RENT,4.4,EDUCATION,E,27857,18.2,0.671,N,23,1
60,59445,RENT,5.0,PERSONAL,B,19970,7.11,0.336,N,5,0
39,45127,MORTGAGE,0.9,VENTURE,B,33738,10.26,0.748,N,24,0
63,65272,OTHER,1.7,MEDICAL,C,23911,12.42,0.366,N,23,0
38,27897,MORTGAGE,1.2,DEBTCONSOLIDATION,C,30000,,1.075,N,24,1
39,25793,RENT,3.9,VENTURE,B,27794,9.17,1.078,N,22,1
54,76571,MORTGAGE,3.1,DEBTCONSOLIDATION,A,9921,6.79,0.13,N,10,1
21,82099,MORTGAGE,2.0,VENTURE,C,18028,13.4,0.22,N,18,0
49,37423,RENT,7.7,DEBTCONSOLIDATION,C,12300,10.43,0.329,Y,13,1
53,32467,RENT,0.5,MEDICAL,E,21980,18.34,0.677,N,8,1
41,92148,RENT,18.4,PERSONAL,B,18393,9.14,0.2,N,26,0
22,33077,OWN,0.6,EDUCATION,C,4239,12.49,0.128,N,9,0
25,50537,MORTGAGE,7.4,DEBTCONSOLIDATION,A,28758,6.44,0.569,Y,2,0
34,47132,RENT,2.3,VENTURE,E,4433,19.05,0.094,N,17,0
46,21877,RENT,10.0,DEBTCONSOLIDATION,B,6127,10.28,0.28,N,9,0
29,54484,MORTGAGE,0.4,DEBTCONSOLIDATION,C,14030,13.81,0.258,Y,14,0
28,51633,OWN,2.3,VENTURE,E,8547,19.66,0.166,N,20,0
52,59760,MORTGAGE,2.0,VENTURE,D,8774,17.48,0.147,Y,14,1
51,53478,MORTGAGE,24.9,PERSONAL,C,13664,14.22,0.256,N,11,0
25,158677,RENT,21.2,MEDICAL,C,17759,14.72,0.112,N,13,0
60,92866,MORTGAGE,1.1,MEDICAL,E,8684,20.53,0.094,N,23,0
55,50078,RENT,5.0,MEDICAL,D,2064,15.43,0.041,N,26,1
21,52661,MORTGAGE,3.8,MEDICAL,C,17531,12.69,0.333,N,8,1
48,129312,RENT,0.8,MEDICAL,C,18073,12.78,0.14,N,14,0
23,78802,MORTGAGE,,MEDICAL,A,5930,8.47,0.075,N,22,0
20,24935,RENT,22.7,VENTURE,B,16264,9.78,0.652,N,9,1
38,82612,MORTGAGE,3.0,VENTURE,B,14111,11.0,0.171,N,25,0
45,97104,RENT,0.7,MEDICAL,B,28319,7.81,0.292,N,7,0
44,119341,RENT,1.2,MEDICAL,C,28004,10.56,0.235,N,23,0
29,39307,MORTGAGE,1.6,PERSONAL,A,33422,8.64,0.85,N,10,1
34,37761,RENT,3.6,DEBTCONSOLIDATION,A,1615,7.69,0.043,N,21,0
41,29202,OWN,2.0,PERSONAL,B,26255,11.52,0.899,N,14,0
40,58073,MORTGAGE,3.0,HOMEIMPROVEMENT,B,12792,8.26,0.22,N,20,0
41,73355,MORTGAGE,0.9,VENTURE,B,12787,,0.174,N,25,0
55,36962,MORTGAGE,2.0,MEDICAL,E,14362,17.32,0.389,N,10,1
53,45342,OWN,0.4,DEBTCONSOLIDATION,C,32253,14.18,0.711,Y,21,1
49,15842,MORTGAGE,11.0,VENTURE,B,23602,10.14,1.49,N,19,1
44,112442,OWN,1.1,HOMEIMPROVEMENT,A,20432,6.96,0.182,Y,23,0
64,20728,RENT,7.1,PERSONAL,C,30050,14.16,1.45,N,26,1
47,60242,RENT,2.2,HOMEIMPROVEMENT,C,26128,13.0,0.434,N,19,0
20,55884,MORTGAGE,3.2,EDUCATION,B,30607,9.96,0.548,Y,26,1
64,50271,RENT,1.7,PERSONAL,A,26494,5.37,0.527,N,22,0
23,50911,MORTGAGE,6.0,VENTURE,A,15048,8.73,0.296,N,21,0
26,28099,RENT,9.3,PERSONAL,A,7114,7.25,0.253,N,12,0
28,40927,RENT,1.7,HOMEIMPROVEMENT,B,18966,10.74,0.463,N,9,0
55,83526,MORTGAGE,1.4,MEDICAL,D,5421,14.48,0.065,N,3,0
38,98305,MORTGAGE,5.7,DEBTCONSOLIDATION,D,27735,17.78,0.282,Y,24,0
20,38890,OTHER,1.1,HOMEIMPROVEMENT,B,9391,10.3,0.241,N,27,0
29,20780,MORTGAGE,5.1,HOMEIMPROVEMENT,D,24474,18.16,1.178,N,24,1
55,31943,RENT,0.5,MEDICAL,G,22601,26.3,0.708,N,18,1
28,135806,RENT,4.8,DEBTCONSOLIDATION,C,2123,,0.016,Y,11,0
64,33006,RENT,,VENTURE,C,33197,14.03,1.006,N,16,0
65,46468,MORTGAGE,0.6,DEBTCONSOLIDATION,E,21427,20.19,0.461,N,25,0
61,106804,RENT,5.2,VENTURE,B,25729,10.84,0.241,N,2,0
51,36688,RENT,3.0,PERSONAL,A,30359,7.33,0.827,N,26,0
51,44754,OWN,,HOMEIMPROVEMENT,G,21236,24.84,0.475,N,3,1
25,75884,MORTGAGE,2.2,PERSONAL,B,3050,10.04,0.04,N,27,0
57,125679,RENT,3.4,MEDICAL,D,1792,17.75,0.014,N,8,0
36,34370,RENT,0.5,EDUCATION,D,30358,17.84,0.883,N,6,0
29,105414,OWN,15.8,VENTURE,B,8571,9.85,0.081,N,14,0
46,41988,OWN,,MEDICAL,C,34821,12.13,0.829,N,29,0
54,30113,RENT,0.5,VENTURE,C,29497,,0.98,N,28,0
40,56232,RENT,8.7,PERSONAL,A,4229,,0.075,Y,6,0
44,25934,MORTGAGE,1.9,EDUCATION,A,9772,7.31,0.377,Y,22,0
47,63551,MORTGAGE,4.5,DEBTCONSOLIDATION,C,5477,11.9,0.086,N,26,0
34,277147,MORTGAGE,1.6,HOMEIMPROVEMENT,A,32252,5.04,0.116,N,12,0
23,90046,MORTGAGE,6.6,DEBTCONSOLIDATION,B,4278,,0.048,N,11,0
48,46272,OWN,6.4,VENTURE,A,26604,6.39,0.575,N,13,0
28,87440,RENT,4.0,HOMEIMPROVEMENT,C,16572,12.36,0.19,Y,3,0
46,29368,RENT,1.4,PERSONAL,E,4873,19.57,0.166,N,26,1
45,32208,MORTGAGE,1.5,VENTURE,C,22437,12.4,0.697,N,13,1
38,46983,MORTGAGE,2.4,DEBTCONSOLIDATION,B,23463,9.45,0.499,N,8,0
47,51445,OWN,,PERSONAL,G,22778,24.19,0.443,Y,20,1
36,24069,RENT,2.1,HOMEIMPROVEMENT,A,10884,,0.452,N,20,0
62,41416,MORTGAGE,5.8,PERSONAL,B,33142,8.87,0.8,Y,3,1
60,45273,RENT,8.9,PERSONAL,A,18810,5.23,0.415,N,27,0
61,114471,MORTGAGE,2.0,PERSONAL,B,29084,8.86,0.254,N,14,0
39,24068,RENT,1.3,MEDICAL,A,17628,8.73,0.732,N,6,1
64,22872,MORTGAGE,,MEDICAL,A,2748,6.3,0.12,N,17,0
59,53994,MORTGAGE,,VENTURE,A,30649,7.59,0.568,N,20,0
58,92316,RENT,2.6,PERSONAL,B,13296,9.63,0.144,N,3,0
42,66394,RENT,0.1,DEBTCONSOLIDATION,B,9053,9.76,0.136,Y,13,0
51,57899,MORTGAGE,5.9,PERSONAL,C,34483,14.65,0.596,N,21,0
52,41825,MORTGAGE,7.7,PERSONAL,B,21509,10.15,0.514,N,26,0
65,71101,RENT,0.1,MEDICAL,A,21142,9.0,0.297,Y,2,0
24,77248,RENT,4.5,HOMEIMPROVEMENT,D,15186,18.33,0.197,N,10,0
62,42551,RENT,4.4,PERSONAL,B,1658,11.9,0.039,Y,24,0
53,29093,OWN,2.4,EDUCATION,A,8368,6.38,0.288,N,3,0
59,29197,RENT,6.9,VENTURE,A,29679,7.21,1.017,Y,29,1
30,79483,RENT,2.8,MEDICAL,D,31704,17.78,0.399,N,3,0
22,20965,MORTGAGE,5.6,HOMEIMPROVEMENT,C,17828,13.96,0.85,N,22,0
52,123300,MORTGAGE,3.6,EDUCATION,B,30892,11.4,0.251,N,20,0
30,38144,RENT,1.4,PERSONAL,B,5303,11.5,0.139,N,15,0
35,58118,OTHER,4.7,DEBTCONSOLIDATION,B,31103,11.56,0.535,N,18,0
37,72109,MORTGAGE,,DEBTCONSOLIDATION,C,12520,11.82,0.174,N,25,0
49,33656,MORTGAGE,18.2,MEDICAL,E,20642,18.94,0.613,N,6,1
29,38065,RENT,2.4,PERSONAL,C,21438,12.23,0.563,N,22,0
37,52711,OWN,0.3,VENTURE,A,15956,6.87,0.303,N,23,0
57,30652,RENT,22.1,MEDICAL,A,29047,7.26,0.948,N,28,0
38,27249,RENT,4.9,EDUCATION,A,25691,7.13,0.943,N,9,0
55,28630,RENT,14.6,DEBTCONSOLIDATION,C,24181,12.3,0.845,N,21,1
32,95323,MORTGAGE,0.5,HOMEIMPROVEMENT,A,5254,5.49,0.055,N,29,0
65,61014,MORTGAGE,2.1,HOMEIMPROVEMENT,B,12977,,0.213,Y,14,0
22,31690,MORTGAGE,,VENTURE,C,5563,15.2,0.176,N,20,0
29,79222,RENT,9.0,HOMEIMPROVEMENT,B,12444,11.49,0.157,Y,29,0
57,32670,MORTGAGE,10.6,HOMEIMPROVEMENT,C,12367,13.41,0.379,N,24,0
20,16768,MORTGAGE,3.5,VENTURE,C,34880,9.57,2.08,N,2,1
46,71915,RENT,1.0,DEBTCONSOLIDATION,B,5029,9.02,0.07,N,19,0
65,121227,MORTGAGE,0.7,EDUCATION,E,16445,19.6,0.136,N,4,0
27,66630,RENT,4.4,MEDICAL,C,15984,14.02,0.24,N,15,0
65,17360,MORTGAGE,3.5,DEBTCONSOLIDATION,B,25287,9.63,1.457,Y,6,1
61,48389,RENT,5.9,MEDICAL,D,4822,16.67,0.1,N,11,0
36,42149,MORTGAGE,1.8,VENTURE,D,25415,15.89,0.603,Y,5,1
28,60356,OWN,2.6,DEBTCONSOLIDATION,D,6463,17.36,0.107,N,13,0
25,30760,OTHER,0.1,PERSONAL,C,7653,12.96,0.249,N,20,0
62,40806,RENT,4.7,VENTURE,B,28287,9.92,0.693,N,27,1
44,22447,RENT,2.8,VENTURE,B,9370,9.4,0.417,N,5,0
58,55380,RENT,,VENTURE,C,29357,13.91,0.53,N,12,0
47,22911,OWN,5.1,VENTURE,A,11978,7.5,0.523,N,27,0
52,62354,MORTGAGE,2.5,HOMEIMPROVEMENT,D,29760,14.61,0.477,N,8,0
56,32441,RENT,1.5,HOMEIMPROVEMENT,B,21054,10.47,0.649,N,24,1
28,8709,RENT,11.8,DEBTCONSOLIDATION,C,32652,13.22,3.749,Y,6,1
37,75854,OWN,0.1,EDUCATION,B,8295,11.16,0.109,N,22,0
40,64326,MORTGAGE,2.0,VENTURE,B,19250,9.89,0.299,N,24,0
21,103168,RENT,14.4,MEDICAL,D,10978,14.83,0.106,N,5,0
62,15528,RENT,5.3,PERSONAL,C,11249,12.46,0.724,N,16,0
57,34200,RENT,3.8,HOMEIMPROVEMENT,A,4281,9.2,0.125,N,28,0
59,52700,MORTGAGE,1.1,MEDICAL,A,16346,6.74,0.31,N,18,0
55,67133,OWN,9.0,HOMEIMPROVEMENT,D,26733,,0.398,Y,21,0
62,21925,OWN,1.1,DEBTCONSOLIDATION,E,24316,17.36,1.109,N,26,1
56,62149,MORTGAGE,1.4,EDUCATION,A,17861,7.48,0.287,N,17,0
34,35793,MORTGAGE,1.1,PERSONAL,B,9588,8.16,0.268,N,17,0
47,17671,RENT,0.9,HOMEIMPROVEMENT,B,13029,10.08,0.737,N,11,1
37,32439,RENT,15.3,PERSONAL,E,32997,18.11,1.017,N,28,0
53,65049,OTHER,4.6,PERSONAL,A,575,5.89,0.009,N,29,0
41,18082,RENT,5.1,DEBTCONSOLIDATION,A,32948,5.75,1.822,N,27,1
30,69590,RENT,15.4,MEDICAL,A,13135,6.74,0.189,N,17,0
32,57288,OTHER,1.3,HOMEIMPROVEMENT,C,32139,10.72,0.561,N,15,1
23,42632,RENT,0.0,PERSONAL,E,2157,17.27,0.051,N,16,0
41,19943,MORTGAGE,4.6,DEBTCONSOLIDATION,B,6349,10.11,0.318,N,11,1
26,20843,OWN,3.5,VENTURE,A,14667,5.0,0.704,N,3,0
62,39372,MORTGAGE,3.2,PERSONAL,C,12435,11.17,0.316,Y,2,0
43,26404,RENT,0.3,PERSONAL,A,15328,9.14,0.581,N,10,1
23,40799,RENT,3.0,HOMEIMPROVEMENT,A,33617,8.89,0.824,N,23,0
47,80692,RENT,1.7,VENTURE,E,21744,18.0,0.269,N,3,0
34,42185,RENT,1.6,PERSONAL,E,29962,19.39,0.71,Y,8,1
20,41554,MORTGAGE,1.3,HOMEIMPROVEMENT,F,3590,21.01,0.086,N,21,0
22,41572,RENT,2.0,HOMEIMPROVEMENT,B,2023,9.06,0.049,Y,10,0
33,85594,RENT,2.2,DEBTCONSOLIDATION,B,33909,6.24,0.396,N,28,0
57,99842,MORTGAGE,1.8,PERSONAL,D,25789,17.83,0.258,Y,14,0
20,61825,MORTGAGE,19.3,EDUCATION,A,8690,7.67,0.141,N,13,0
57,52845,OWN,13.5,EDUCATION,A,3996,7.89,0.076,N,7,0
57,55617,RENT,4.3,MEDICAL,A,11250,7.64,0.202,N,8,0
40,107513,MORTGAGE,19.8,EDUCATION,F,14940,21.76,0.139,N,20,0
48,63699,MORTGAGE,23.7,EDUCATION,C,32798,12.42,0.515,N,16,0
24,113248,RENT,2.2,HOMEIMPROVEMENT,A,8980,6.96,0.079,N,7,0
29,38929,RENT,2.9,HOMEIMPROVEMENT,A,15466,8.76,0.397,N,18,0
47,23516,RENT,16.0,DEBTCONSOLIDATION,D,6545,16.03,0.278,N,6,1
40,33928,MORTGAGE,4.7,PERSONAL,D,6663,18.33,0.196,N,11,0
26,35970,RENT,,PERSONAL,C,33226,12.07,0.924,N,16,1
22,118478,OWN,5.8,HOMEIMPROVEMENT,A,28610,5.21,0.241,N,6,0
64,73499,MORTGAGE,1.2,PERSONAL,B,10741,8.89,0.146,N,19,0
39,34523,OWN,2.1,HOMEIMPROVEMENT,C,23243,12.81,0.673,N,7,0
38,76467,RENT,1.3,EDUCATION,E,2123,20.67,0.028,Y,12,0
54,45648,RENT,1.4,PERSONAL,A,17136,6.42,0.375,N,4,0
23,120451,RENT,0.0,EDUCATION,B,13417,8.25,0.111,N,5,0
24,40801,RENT,10.6,MEDICAL,A,23095,7.02,0.566,N,4,0
20,21028,OWN,1.8,DEBTCONSOLIDATION,B,20546,11.47,0.977,N,2,0
23,44235,RENT,0.5,DEBTCONSOLIDATION,A,6278,6.99,0.142,N,18,0
31,40813,RENT,0.5,PERSONAL,D,17251,16.24,0.423,Y,22,1
46,23417,RENT,4.1,HOMEIMPROVEMENT,A,14303,,0.611,N,15,0
61,67660,RENT,24.8,DEBTCONSOLIDATION,B,2530,9.75,0.037,N,27,0
42,107322,MORTGAGE,0.8,HOMEIMPROVEMENT,B,29530,12.88,0.275,N,23,0
44,26440,MORTGAGE,0.5,DEBTCONSOLIDATION,E,32540,,1.231,N,6,1
40,83699,MORTGAGE,2.9,MEDICAL,D,14445,18.25,0.173,N,29,0
43,35113,RENT,4.1,HOMEIMPROVEMENT,A,11138,10.46,0.317,N,15,0
44,48358,OWN,1.7,EDUCATION,A,8058,8.54,0.167,N,5,0
64,45643,MORTGAGE,1.8,HOMEIMPROVEMENT,C,29037,12.44,0.636,Y,7,0
65,48359,RENT,2.8,MEDICAL,B,10537,11.06,0.218,N,10,0
51,63588,RENT,1.9,VENTURE,A,21507,9.29,0.338,N,21,0
51,27908,OWN,12.3,VENTURE,D,10923,,0.391,Y,15,1
24,99839,MORTGAGE,0.2,EDUCATION,A,24729,6.59,0.248,N,26,0
55,64663,MORTGAGE,1.3,VENTURE,F,25128,23.65,0.389,Y,11,1
65,77619,RENT,8.3,HOMEIMPROVEMENT,A,5704,5.47,0.073,N,24,0
61,31919,RENT,9.0,MEDICAL,A,34676,7.17,1.086,N,14,1
61,26552,MORTGAGE,,DEBTCONSOLIDATION,B,17602,10.91,0.663,N,15,1
58,93947,MORTGAGE,18.2,EDUCATION,B,7510,9.87,0.08,N,21,0
35,25932,MORTGAGE,5.9,VENTURE,A,22546,7.75,0.869,N,27,0
52,53216,MORTGAGE,1.6,HOMEIMPROVEMENT,D,20848,16.78,0.392,N,5,0
40,85857,RENT,3.0,DEBTCONSOLIDATION,B,3574,10.67,0.042,N,20,0
28,45718,MORTGAGE,1.8,DEBTCONSOLIDATION,A,34121,6.77,0.746,Y,8,0
25,93296,OWN,0.8,HOMEIMPROVEMENT,E,11353,18.52,0.122,N,21,0
64,42219,OWN,1.7,PERSONAL,F,4789,21.86,0.113,N,11,1
54,24280,RENT,4.3,PERSONAL,C,32876,,1.354,N,21,1
58,60222,RENT,,MEDICAL,D,32211,17.65,0.535,N,12,0
41,54669,MORTGAGE,2.3,EDUCATION,A,5996,7.65,0.11,Y,8,0
60,214998,MORTGAGE,2.1,VENTURE,A,20500,,0.095,Y,24,0
24,29149,MORTGAGE,3.2,VENTURE,B,8420,9.19,0.289,N,13,0
61,42679,OWN,5.2,HOMEIMPROVEMENT,F,3200,22.15,0.075,Y,19,1
42,32794,MORTGAGE,7.0,VENTURE,B,18458,10.13,0.563,N,9,0
36,45325,MORTGAGE,2.0,MEDICAL,A,15888,6.48,0.351,N,24,0
31,44331,RENT,4.4,PERSONAL,B,19036,11.26,0.429,N,17,0
42,30340,RENT,2.5,HOMEIMPROVEMENT,A,7692,5.64,0.254,N,16,0
35,63419,RENT,6.3,EDUCATION,A,30470,5.91,0.48,N,2,0
22,43574,OWN,0.9,HOMEIMPROVEMENT,B,6068,,0.139,N,16,0
49,102746,RENT,1.5,VENTURE,B,2051,11.8,0.02,N,11,0
41,34313,MORTGAGE,2.8,MEDICAL,A,29370,7.33,0.856,Y,10,1
28,136455,MORTGAGE,11.0,EDUCATION,A,20926,5.82,0.153,N,25,0
48,57052,MORTGAGE,4.3,HOMEIMPROVEMENT,C,28079,14.59,0.492,N,16,1
56,98640,MORTGAGE,16.8,VENTURE,C,12226,,0.124,Y,18,0
42,52234,RENT,0.5,HOMEIMPROVEMENT,B,13484,10.15,0.258,N,17,0
32,31908,MORTGAGE,3.1,EDUCATION,D,30457,17.85,0.955,N,22,0
51,42406,RENT,2.7,VENTURE,A,18351,8.0,0.433,N,23,0
65,22863,RENT,4.6,PERSONAL,A,20248,6.56,0.886,N,25,0
42,46104,RENT,8.4,DEBTCONSOLIDATION,D,18729,,0.406,N,11,1
64,53887,RENT,9.2,EDUCATION,B,2034,9.62,0.038,Y,24,0
36,50269,RENT,5.5,PERSONAL,B,15863,10.57,0.316,N,17,0
59,101883,MORTGAGE,5.1,PERSONAL,F,34758,22.77,0.341,N,6,0
40,45160,RENT,14.9,VENTURE,B,21154,8.53,0.468,N,2,0
21,17297,MORTGAGE,2.4,HOMEIMPROVEMENT,A,6984,,0.404,N,5,0
56,344288,RENT,8.9,HOMEIMPROVEMENT,E,9713,15.45,0.028,Y,26,0
25,33528,RENT,12.7,MEDICAL,A,20702,7.42,0.617,N,9,0
63,83517,MORTGAGE,3.4,EDUCATION,C,24517,10.94,0.294,Y,27,0
37,21432,OWN,6.5,EDUCATION,B,33437,9.45,1.56,N,27,1
49,56098,OWN,2.4,VENTURE,B,31907,8.92,0.569,N,3,0
41,31666,OWN,0.9,VENTURE,C,33968,13.81,1.073,Y,3,1
52,10379,MORTGAGE,4.4,MEDICAL,B,21425,10.46,2.064,N,9,1
49,41959,MORTGAGE,1.1,MEDICAL,D,34218,15.12,0.816,N,13,0
36,47689,MORTGAGE,3.1,PERSONAL,E,19502,19.19,0.409,N,14,0
62,43460,MORTGAGE,10.3,DEBTCONSOLIDATION,A,4330,7.81,0.1,N,20,0
51,56033,RENT,0.4,MEDICAL,D,17181,16.36,0.307,N,6,0
61,42267,MORTGAGE,0.2,HOMEIMPROVEMENT,A,1009,5.0,0.024,N,26,0
33,50921,RENT,4.7,PERSONAL,A,27757,9.77,0.545,Y,19,0
29,53828,RENT,2.0,DEBTCONSOLIDATION,F,18324,22.65,0.34,N,25,1
55,48081,MORTGAGE,2.7,MEDICAL,B,22349,11.35,0.465,N,19,0
53,44626,RENT,2.6,DEBTCONSOLIDATION,A,29864,6.13,0.669,N,4,0
28,29986,RENT,0.5,HOMEIMPROVEMENT,C,8081,11.88,0.269,N,8,0
61,67978,RENT,0.0,HOMEIMPROVEMENT,A,27249,6.36,0.401,Y,24,0
47,41954,OTHER,11.4,PERSONAL,B,5729,12.4,0.137,N,6,0
30,40130,RENT,1.2,PERSONAL,C,948,12.62,0.024,N,2,0
33,64975,RENT,2.8,HOMEIMPROVEMENT,E,30337,18.92,0.467,N,19,0
58,55081,OWN,17.9,VENTURE,A,17517,9.23,0.318,N,8,1
38,33388,MORTGAGE,8.8,PERSONAL,A,27133,6.57,0.813,N,25,0
34,97524,RENT,0.6,EDUCATION,A,6386,7.02,0.065,N,23,0
47,25487,RENT,3.6,VENTURE,A,25790,5.41,1.012,N,4,0
43,27797,RENT,6.5,EDUCATION,F,22493,24.33,0.809,Y,20,1
27,70798,RENT,6.0,DEBTCONSOLIDATION,E,23999,18.09,0.339,Y,10,0
62,128428,RENT,7.2,DEBTCONSOLIDATION,D,28150,15.79,0.219,N,4,0
28,35682,RENT,3.1,DEBTCONSOLIDATION,C,1417,8.99,0.04,N,23,0
52,61515,MORTGAGE,1.0,MEDICAL,D,13998,15.8,0.228,N,4,0
52,25443,MORTGAGE,3.1,PERSONAL,A,7437,,0.292,N,14,0
38,29409,MORTGAGE,5.2,PERSONAL,A,9290,,0.316,N,27,0
22,91373,RENT,4.7,HOMEIMPROVEMENT,B,13763,7.91,0.151,Y,14,0
29,59944,RENT,0.4,PERSONAL,D,27376,16.65,0.457,N,20,0
59,92946,MORTGAGE,0.3,DEBTCONSOLIDATION,B,32554,7.72,0.35,N,29,0
61,89096,RENT,16.8,EDUCATION,B,14003,8.01,0.157,N,26,0
20,15533,OWN,0.8,VENTURE,A,502,6.69,0.032,N,25,0
48,25392,MORTGAGE,1.7,MEDICAL,C,5777,14.45,0.228,N,8,0
53,57008,MORTGAGE,7.3,VENTURE,E,27067,18.94,0.475,N,4,0
32,19275,RENT,2.6,EDUCATION,B,6539,10.36,0.339,N,12,0
20,27450,RENT,1.0,MEDICAL,C,24888,,0.907,N,22,0
53,107455,MORTGAGE,3.1,HOMEIMPROVEMENT,B,4646,9.19,0.043,N,2,0
48,36393,MORTGAGE,,PERSONAL,D,4262,17.06,0.117,N,3,0
32,72450,RENT,3.0,PERSONAL,B,19598,11.48,0.271,N,10,0
48,48267,OTHER,12.6,HOMEIMPROVEMENT,B,19356,11.33,0.401,Y,4,0
58,33726,RENT,,EDUCATION,B,24676,10.74,0.732,Y,6,1
43,19627,RENT,5.4,HOMEIMPROVEMENT,A,31820,7.39,1.621,N,5,1
45,55732,MORTGAGE,0.6,DEBTCONSOLIDATION,E,33885,17.28,0.608,N,9,0
36,109101,MORTGAGE,2.5,EDUCATION,F,18277,21.32,0.168,N,28,0
26,34257,OWN,6.8,MEDICAL,B,19348,,0.565,N,18,1
32,50905,RENT,1.3,VENTURE,A,31762,7.09,0.624,N,23,0
24,21250,RENT,4.5,VENTURE,C,2302,13.93,0.108,N,7,0
45,33870,MORTGAGE,0.8,HOMEIMPROVEMENT,B,8855,9.6,0.261,N,25,0
22,59129,RENT,0.5,PERSONAL,A,25710,5.0,0.435,N,18,0
26,73794,RENT,3.7,HOMEIMPROVEMENT,A,9647,8.51,0.131,N,21,0
58,66554,MORTGAGE,5.6,PERSONAL,E,27195,17.92,0.409,N,18,1
20,16036,RENT,0.6,HOMEIMPROVEMENT,D,11098,14.99,0.692,N,15,0
36,38127,MORTGAGE,12.5,HOMEIMPROVEMENT,D,21528,16.77,0.565,N,26,1
62,28796,RENT,1.3,VENTURE,B,14865,9.38,0.516,N,7,1
44,41358,MORTGAGE,0.6,DEBTCONSOLIDATION,D,22915,,0.554,Y,24,1
22,46112,MORTGAGE,1.1,PERSONAL,C,33986,13.4,0.737,Y,18,0
34,88123,RENT,0.9,DEBTCONSOLIDATION,B,32409,,0.368,N,27,0
48,57663,RENT,0.5,DEBTCONSOLIDATION,D,20347,15.7,0.353,Y,5,1
62,106916,RENT,8.0,DEBTCONSOLIDATION,G,17878,25.15,0.167,N,28,0
51,33365,RENT,3.4,VENTURE,E,21500,21.79,0.644,N,24,1
45,22485,MORTGAGE,2.5,DEBTCONSOLIDATION,D,14088,,0.627,Y,21,1
35,109139,OTHER,15.0,PERSONAL,D,32412,17.15,0.297,N,15,0
44,62218,MORTGAGE,2.3,MEDICAL,C,12038,13.58,0.193,N,28,0
47,32571,MORTGAGE,0.9,DEBTCONSOLIDATION,D,10988,18.03,0.337,N,22,0
28,62367,RENT,1.6,DEBTCONSOLIDATION,B,10851,11.16,0.174,N,18,0
20,77605,RENT,1.4,MEDICAL,A,8259,8.67,0.106,N,15,0
48,52342,OWN,3.5,DEBTCONSOLIDATION,D,1541,17.71,0.029,Y,4,0
41,32827,OWN,1.7,MEDICAL,E,14704,19.92,0.448,Y,9,1
35,38457,MORTGAGE,3.6,EDUCATION,B,5302,10.75,0.138,N,28,0
60,57517,RENT,5.5,VENTURE,D,12986,,0.226,N,14,0
63,54687,MORTGAGE,7.5,VENTURE,A,21067,9.43,0.385,Y,29,0
60,95486,RENT,6.2,MEDICAL,F,12195,22.04,0.128,N,15,0
26,42118,MORTGAGE,1.2,HOMEIMPROVEMENT,C,18805,11.76,0.446,N,29,1
33,28851,MORTGAGE,0.6,VENTURE,C,3369,13.54,0.117,N,13,0
48,202274,RENT,3.9,PERSONAL,D,31322,15.86,0.155,Y,26,0
38,53958,OTHER,1.1,VENTURE,D,25750,14.87,0.477,N,9,1
38,77562,OTHER,0.4,VENTURE,E,2736,17.94,0.035,N,12,0
21,65317,OWN,3.7,PERSONAL,E,7014,,0.107,N,29,0
60,54318,MORTGAGE,2.0,MEDICAL,A,5423,7.2,0.1,N,21,0
64,43249,RENT,7.1,MEDICAL,A,27349,5.37,0.632,N,13,0
34,10487,MORTGAGE,1.9,PERSONAL,D,2852,15.59,0.272,Y,27,1
22,27316,RENT,,VENTURE,F,21770,23.2,0.797,Y,2,1
30,58748,RENT,7.1,DEBTCONSOLIDATION,B,18743,6.94,0.319,N,21,0
65,10988,RENT,0.3,VENTURE,A,18934,,1.723,N,23,0
49,50990,MORTGAGE,3.6,MEDICAL,B,2543,10.04,0.05,N,3,0
59,70521,RENT,4.1,DEBTCONSOLIDATION,B,21558,10.79,0.306,N,24,1
37,77520,RENT,5.9,EDUCATION,D,3228,15.75,0.042,N,20,0
21,68117,RENT,3.4,MEDICAL,A,24995,6.54,0.367,N,25,0
51,83043,MORTGAGE,3.3,PERSONAL,A,32882,,0.396,N,5,0
27,118549,MORTGAGE,2.3,DEBTCONSOLIDATION,E,17325,18.94,0.146,N,26,0
41,89577,RENT,1.6,EDUCATION,A,22125,9.12,0.247,Y,13,0
25,54625,OWN,14.6,EDUCATION,D,9317,,0.171,N,2,0
31,45522,RENT,1.9,PERSONAL,B,31904,10.98,0.701,Y,11,1
59,52211,MORTGAGE,0.3,DEBTCONSOLIDATION,C,6613,13.09,0.127,Y,2,0
55,42128,MORTGAGE,0.9,HOMEIMPROVEMENT,A,8055,9.26,0.191,N,6,0
34,90641,MORTGAGE,9.7,MEDICAL,B,34785,9.33,0.384,N,26,0
47,67148,RENT,4.4,VENTURE,B,29410,8.62,0.438,N,23,0
64,39751,OWN,7.5,DEBTCONSOLIDATION,D,22931,15.89,0.577,N,12,1
37,101544,OWN,8.3,MEDICAL,C,4312,12.68,0.042,N,3,0
21,41750,MORTGAGE,8.7,PERSONAL,A,8876,6.83,0.213,N,10,0
32,29138,MORTGAGE,4.0,VENTURE,D,8886,18.37,0.305,N,13,0
64,48732,RENT,1.0,HOMEIMPROVEMENT,A,15898,6.05,0.326,N,8,0
34,31154,MORTGAGE,0.8,PERSONAL,E,3652,18.93,0.117,N,17,1
39,82035,RENT,4.3,MEDICAL,A,22653,5.04,0.276,N,22,0
48,30792,MORTGAGE,2.3,EDUCATION,B,23720,12.27,0.77,N,8,1
61,46006,RENT,4.1,PERSONAL,A,23092,5.0,0.502,N,28,0
48,82194,MORTGAGE,3.5,PERSONAL,C,13926,,0.169,N,10,0
22,33133,RENT,4.6,MEDICAL,B,28709,8.39,0.866,Y,25,0
38,61459,RENT,0.2,HOMEIMPROVEMENT,B,2398,8.33,0.039,N,9,0
22,28699,RENT,0.2,MEDICAL,A,10185,5.94,0.355,N,10,0
33,56073,RENT,6.4,MEDICAL,E,18782,17.68,0.335,N,28,0
59,66969,MORTGAGE,1.1,HOMEIMPROVEMENT,D,23294,,0.348,N,20,0
23,47897,MORTGAGE,5.3,HOMEIMPROVEMENT,C,13523,,0.282,N,18,1
30,49933,MORTGAGE,4.0,PERSONAL,C,22715,14.25,0.455,N,13,0
50,62579,MORTGAGE,20.0,EDUCATION,C,15817,14.6,0.253,Y,13,0
62,42012,MORTGAGE,9.0,MEDICAL,A,29570,8.99,0.704,N,5,0
51,79957,RENT,2.7,EDUCATION,E,13159,17.16,0.165,Y,10,1
46,104206,RENT,4.8,HOMEIMPROVEMENT,B,8287,9.06,0.08,N,11,0
49,29460,RENT,0.6,HOMEIMPROVEMENT,C,34453,12.42,1.169,Y,18,1
62,129557,MORTGAGE,2.4,MEDICAL,C,32391,12.32,0.25,N,11,0
21,41484,RENT,6.6,PERSONAL,C,22508,13.96,0.543,Y,13,1
28,146809,RENT,4.9,MEDICAL,E,31014,,0.211,N,18,0
47,41795,MORTGAGE,3.3,PERSONAL,B,4434,8.89,0.106,N,7,1
50,72334,OWN,1.0,VENTURE,D,30792,15.66,0.426,N,5,1
53,72121,MORTGAGE,8.1,PERSONAL,C,1937,12.96,0.027,N,17,0
34,39615,MORTGAGE,1.6,MEDICAL,A,21987,6.79,0.555,N,18,0
44,51018,MORTGAGE,8.6,MEDICAL,B,8529,,0.167,N,17,0
55,108222,MORTGAGE,4.7,PERSONAL,D,25533,,0.236,N,5,0
27,41060,MORTGAGE,2.3,EDUCATION,B,28407,10.9,0.692,N,28,0
28,38962,MORTGAGE,0.2,PERSONAL,B,24876,8.58,0.638,Y,7,0
56,25993,RENT,1.3,VENTURE,B,30160,10.85,1.16,Y,9,0
64,116093,RENT,11.0,VENTURE,C,22697,13.29,0.196,N,10,0
58,37630,RENT,8.5,EDUCATION,E,18935,17.97,0.503,N,27,1
51,94844,MORTGAGE,4.3,VENTURE,A,26866,7.61,0.283,N,29,0
36,35215,OWN,3.1,MEDICAL,B,20259,,0.575,Y,7,0
54,93220,RENT,5.2,EDUCATION,B,33418,10.68,0.358,N,15,0
56,76393,RENT,3.1,EDUCATION,B,24934,9.06,0.326,Y,14,0
38,43233,OWN,5.2,EDUCATION,E,12216,19.13,0.283,N,19,0
63,32733,MORTGAGE,1.8,DEBTCONSOLIDATION,A,4500,6.94,0.137,N,29,0
48,34229,MORTGAGE,9.1,PERSONAL,A,9613,6.26,0.281,N,23,0
26,33989,OWN,6.1,PERSONAL,D,34222,15.62,1.007,N,18,1
47,88066,MORTGAGE,2.0,EDUCATION,A,584,,0.007,Y,18,0
28,53536,MORTGAGE,8.9,VENTURE,C,9109,,0.17,N,18,0
47,26547,RENT,3.3,DEBTCONSOLIDATION,D,12941,15.16,0.487,N,23,1
25,42673,RENT,1.0,DEBTCONSOLIDATION,A,11453,6.91,0.268,N,16,1
48,45612,RENT,0.4,MEDICAL,A,22249,5.0,0.488,Y,16,0
36,15116,MORTGAGE,6.0,MEDICAL,A,9064,6.18,0.6,N,29,1
35,43998,OWN,10.0,PERSONAL,A,24402,7.76,0.555,N,12,0
42,72966,OTHER,8.2,HOMEIMPROVEMENT,A,14893,7.57,0.204,N,8,0
50,45447,OWN,,EDUCATION,E,5364,19.52,0.118,N,18,0
22,56383,RENT,,HOMEIMPROVEMENT,D,16507,15.97,0.293,N,13,0
40,63990,OWN,0.5,MEDICAL,A,26829,7.3,0.419,N,20,0
45,40601,MORTGAGE,2.1,PERSONAL,E,10501,20.73,0.259,N,20,0
55,73270,RENT,9.7,PERSONAL,A,5592,5.89,0.076,Y,8,0
61,109274,MORTGAGE,16.3,PERSONAL,C,11088,14.47,0.101,N,21,0
56,21202,RENT,1.4,PERSONAL,A,34471,5.94,1.626,N,10,1
41,40551,RENT,7.2,PERSONAL,A,16694,7.36,0.412,Y,26,0
61,176537,MORTGAGE,4.3,EDUCATION,D,15730,14.97,0.089,N,27,0
31,53842,MORTGAGE,0.2,DEBTCONSOLIDATION,B,20555,11.02,0.382,N,5,0
61,48090,RENT,,HOMEIMPROVEMENT,C,29948,11.45,0.623,N,20,1
32,42534,MORTGAGE,8.2,DEBTCONSOLIDATION,B,30558,8.79,0.718,N,14,0
30,98808,OWN,1.6,MEDICAL,A,32547,6.87,0.329,N,23,0
35,29247,MORTGAGE,11.4,MEDICAL,D,8049,15.05,0.275,N,16,0
27,81584,RENT,1.3,DEBTCONSOLIDATION,D,24897,15.15,0.305,N,10,0
59,42099,RENT,0.4,PERSONAL,A,17009,6.86,0.404,N,11,0
59,32454,RENT,0.9,PERSONAL,B,30375,8.5,0.936,N,9,1
64,43169,OTHER,9.1,DEBTCONSOLIDATION,C,16753,13.15,0.388,N,8,0
21,47786,RENT,2.7,PERSONAL,C,20574,,0.431,N,8,0
49,37281,MORTGAGE,8.0,DEBTCONSOLIDATION,C,4097,11.11,0.11,N,22,1
49,90402,MORTGAGE,,VENTURE,C,3077,13.29,0.034,Y,10,0
31,32593,OWN,3.3,MEDICAL,F,11590,22.24,0.356,N,19,1
29,52946,MORTGAGE,,PERSONAL,B,2110,10.52,0.04,N,14,0
63,65879,MORTGAGE,2.8,HOMEIMPROVEMENT,C,5796,13.14,0.088,Y,28,0
30,52646,RENT,8.1,VENTURE,C,16440,13.42,0.312,N,17,0
34,74961,RENT,0.5,EDUCATION,C,21704,13.42,0.29,N,22,0
35,38620,OWN,,VENTURE,B,20916,,0.542,N,6,0
36,69040,OWN,6.1,VENTURE,C,4353,,0.063,N,6,0
45,70173,OWN,11.5,VENTURE,C,11059,14.85,0.158,N,9,1
21,83488,OWN,1.3,HOMEIMPROVEMENT,C,33658,14.57,0.403,N,16,0
31,17376,MORTGAGE,4.6,MEDICAL,A,12842,6.86,0.739,N,14,0
45,64859,MORTGAGE,2.8,PERSONAL,B,14638,9.25,0.226,N,2,0
42,80474,MORTGAGE,2.4,HOMEIMPROVEMENT,E,16067,20.52,0.2,Y,13,1
37,39092,MORTGAGE,0.6,HOMEIMPROVEMENT,E,30786,,0.788,N,28,0
51,36268,RENT,0.7,DEBTCONSOLIDATION,D,21130,15.97,0.583,N,16,0
57,33330,RENT,9.1,PERSONAL,C,21892,,0.657,N,5,1
22,27789,OTHER,6.9,DEBTCONSOLIDATION,A,22901,,0.824,N,18,1
57,70697,RENT,2.4,DEBTCONSOLIDATION,B,30393,10.64,0.43,N,22,0
22,171965,OWN,8.8,VENTURE,A,9626,5.0,0.056,N,24,0
49,36105,RENT,0.4,DEBTCONSOLIDATION,D,26319,,0.729,Y,3,1
20,37926,RENT,4.9,EDUCATION,B,20259,10.87,0.534,Y,19,0
49,49437,RENT,10.1,VENTURE,D,12453,14.95,0.252,N,13,0
64,20310,RENT,9.1,VENTURE,D,29575,,1.456,Y,24,1
51,33438,RENT,2.3,DEBTCONSOLIDATION,E,15198,19.62,0.455,N,3,1
47,47508,RENT,6.8,DEBTCONSOLIDATION,D,20949,16.69,0.441,Y,13,1
40,29981,MORTGAGE,2.8,MEDICAL,C,19793,12.39,0.66,N,28,0
65,94711,RENT,9.2,VENTURE,C,13262,13.92,0.14,N,19,0
32,24062,RENT,3.8,EDUCATION,B,727,12.22,0.03,N,17,0
46,80463,RENT,,HOMEIMPROVEMENT,A,11086,6.41,0.138,N,23,0
55,109938,MORTGAGE,0.4,DEBTCONSOLIDATION,A,24226,6.2,0.22,N,6,0
26,60472,MORTGAGE,4.5,VENTURE,A,34075,,0.563,N,18,0
41,45451,MORTGAGE,,HOMEIMPROVEMENT,E,6860,19.33,0.151,N,12,0
29,56131,RENT,4.7,DEBTCONSOLIDATION,A,12763,5.76,0.227,N,8,0
58,38472,RENT,5.9,MEDICAL,C,6016,12.45,0.156,Y,19,0
34,15997,MORTGAGE,,DEBTCONSOLIDATION,A,11753,8.75,0.735,Y,3,0
34,28607,MORTGAGE,7.7,EDUCATION,F,16521,23.36,0.578,Y,29,1
23,48720,RENT,1.2,PERSONAL,B,16998,,0.349,N,4,0
51,29220,MORTGAGE,8.7,PERSONAL,B,27326,12.24,0.935,N,10,0
42,39057,RENT,0.7,DEBTCONSOLIDATION,B,6951,9.48,0.178,Y,2,1
25,63802,RENT,4.9,MEDICAL,D,26818,16.4,0.42,N,29,0
43,53091,MORTGAGE,10.7,EDUCATION,A,28036,7.05,0.528,N,29,1
39,87742,MORTGAGE,0.5,DEBTCONSOLIDATION,D,13682,17.1,0.156,N,29,0
56,57629,RENT,9.5,HOMEIMPROVEMENT,C,4661,11.63,0.081,N,25,0
39,59523,RENT,8.0,MEDICAL,A,32172,6.37,0.54,N,19,0
31,33131,OWN,3.5,VENTURE,A,13412,5.9,0.405,N,16,0
52,23573,MORTGAGE,1.8,HOMEIMPROVEMENT,D,638,14.73,0.027,N,12,0
47,39061,OWN,2.6,DEBTCONSOLIDATION,A,27455,6.11,0.703,N,26,0
27,32861,MORTGAGE,17.3,VENTURE,E,11628,18.0,0.354,N,6,1
20,44724,MORTGAGE,1.1,VENTURE,A,11571,7.77,0.259,N,10,0
56,27273,RENT,4.3,HOMEIMPROVEMENT,C,4866,12.54,0.178,N,15,0
41,77914,RENT,0.4,VENTURE,C,17949,12.7,0.23,N,28,0
25,32794,RENT,1.2,PERSONAL,C,26696,10.8,0.814,N,13,0
40,40131,MORTGAGE,7.2,HOMEIMPROVEMENT,B,24567,11.19,0.612,N,11,0
51,48479,RENT,1.8,MEDICAL,E,21916,16.94,0.452,N,10,1
54,90921,MORTGAGE,21.3,PERSONAL,D,23289,16.11,0.256,N,22,0
34,128963,RENT,3.5,MEDICAL,B,27034,11.59,0.21,N,3,0
24,133932,RENT,3.6,EDUCATION,C,22724,14.84,0.17,N,10,0
65,24221,RENT,0.2,MEDICAL,C,9421,11.34,0.389,N,16,1
25,39925,RENT,15.7,HOMEIMPROVEMENT,F,21735,21.79,0.544,N,25,1
44,35959,RENT,1.0,MEDICAL,E,8549,19.92,0.238,N,20,1
65,60094,RENT,3.9,EDUCATION,A,24154,6.51,0.402,N,17,0
59,58110,RENT,,VENTURE,A,22547,8.3,0.388,N,2,0
48,35573,MORTGAGE,2.7,HOMEIMPROVEMENT,G,19786,22.55,0.556,N,22,1
26,34061,MORTGAGE,5.2,DEBTCONSOLIDATION,A,33318,7.18,0.978,N,19,0
59,28322,RENT,5.4,PERSONAL,F,24289,22.54,0.858,N,26,1
32,11386,MORTGAGE,0.8,PERSONAL,C,25115,11.62,2.206,N,6,1
57,24004,MORTGAGE,3.5,MEDICAL,A,22906,,0.954,N,8,0
37,78962,RENT,7.8,PERSONAL,B,6866,8.77,0.087,N,2,0
21,109709,MORTGAGE,2.9,EDUCATION,B,8655,11.95,0.079,N,18,0
27,102880,MORTGAGE,0.9,DEBTCONSOLIDATION,D,13394,15.61,0.13,N,16,0
30,80827,RENT,1.9,PERSONAL,B,30594,,0.379,N,9,0
52,28097,OWN,1.2,MEDICAL,B,31365,8.76,1.116,N,15,0
57,25599,MORTGAGE,0.7,PERSONAL,E,15269,,0.596,N,9,1
46,18104,OTHER,2.4,VENTURE,A,10621,6.15,0.587,Y,17,0
39,35569,MORTGAGE,,VENTURE,C,21208,13.36,0.596,Y,13,1
31,51426,RENT,0.4,PERSONAL,B,29625,10.31,0.576,N,25,0
62,28161,RENT,4.6,HOMEIMPROVEMENT,A,21373,6.89,0.759,N,8,0
50,62137,MORTGAGE,24.8,DEBTCONSOLIDATION,A,24346,7.2,0.392,Y,6,0
46,70159,OTHER,16.6,PERSONAL,B,3229,8.69,0.046,N,2,0
51,37760,MORTGAGE,8.8,VENTURE,A,30223,5.76,0.8,N,25,0
29,23458,OWN,1.5,VENTURE,B,17484,11.45,0.745,N,27,0
22,104768,RENT,0.1,EDUCATION,C,32316,12.11,0.308,N,12,0
64,49977,RENT,9.0,MEDICAL,C,9004,13.36,0.18,N,24,0
46,142580,OWN,0.3,EDUCATION,C,13840,10.24,0.097,N,13,0
54,51575,MORTGAGE,1.2,HOMEIMPROVEMENT,B,32554,10.51,0.631,N,15,1
50,53595,OTHER,3.9,MEDICAL,A,33930,8.39,0.633,N,13,0
34,28840,MORTGAGE,1.0,PERSONAL,A,6277,7.15,0.218,Y,13,0
35,38833,RENT,9.0,PERSONAL,B,16269,10.2,0.419,Y,4,0
32,20798,MORTGAGE,7.5,HOMEIMPROVEMENT,E,19931,20.88,0.958,N,8,1
54,23412,OWN,7.0,DEBTCONSOLIDATION,A,23256,7.34,0.993,N,22,1
30,73691,MORTGAGE,8.5,VENTURE,B,34999,9.18,0.475,N,27,0
40,41964,RENT,1.2,DEBTCONSOLIDATION,D,22452,15.47,0.535,N,28,0
30,38852,RENT,6.5,PERSONAL,C,17325,12.27,0.446,Y,11,1
49,32622,MORTGAGE,2.2,EDUCATION,F,910,23.17,0.028,N,11,0
54,39654,RENT,5.5,VENTURE,A,8800,8.55,0.222,N,5,0
41,91416,MORTGAGE,0.7,PERSONAL,A,8169,8.28,0.089,N,18,0
57,53067,RENT,6.1,VENTURE,B,20057,9.13,0.378,N,11,0
50,25616,RENT,17.9,DEBTCONSOLIDATION,A,15256,7.09,0.596,Y,3,1
33,86397,MORTGAGE,0.2,MEDICAL,C,6368,13.84,0.074,N,19,0
43,126597,MORTGAGE,0.5,PERSONAL,E,19820,17.6,0.157,N,27,0
51,64349,MORTGAGE,0.7,PERSONAL,C,8578,14.09,0.133,Y,29,1
55,80034,RENT,,VENTURE,A,21713,8.02,0.271,N,3,1
51,95935,OWN,1.7,MEDICAL,A,11151,7.72,0.116,Y,10,0
34,19709,RENT,8.2,EDUCATION,E,2226,19.99,0.113,N,23,1
62,136673,RENT,3.2,MEDICAL,B,20049,9.9,0.147,N,14,0
54,89710,OWN,3.3,EDUCATION,E,983,18.0,0.011,N,6,0
22,64142,MORTGAGE,6.3,HOMEIMPROVEMENT,D,7463,17.4,0.116,Y,27,0
35,45752,RENT,,DEBTCONSOLIDATION,G,21023,25.05,0.459,N,21,1
24,23494,OTHER,2.2,MEDICAL,E,23085,18.37,0.983,N,10,1
40,40852,MORTGAGE,7.1,EDUCATION,B,1106,10.15,0.027,Y,16,1
29,62731,OWN,,VENTURE,D,5761,16.15,0.092,N,26,0
38,26704,MORTGAGE,0.1,EDUCATION,B,26545,9.44,0.994,N,27,1
44,47175,MORTGAGE,0.8,HOMEIMPROVEMENT,A,12522,7.65,0.265,N,29,0
23,25566,RENT,,EDUCATION,A,19945,9.3,0.78,N,24,1
48,39674,RENT,2.2,DEBTCONSOLIDATION,B,2317,8.51,0.058,Y,22,0
38,23296,MORTGAGE,1.7,MEDICAL,A,17835,5.54,0.766,Y,23,1
62,21987,MORTGAGE,5.5,EDUCATION,A,3306,8.48,0.15,N,20,0
21,59103,RENT,8.8,MEDICAL,B,26584,10.95,0.45,N,19,1
29,35636,RENT,1.1,HOMEIMPROVEMENT,F,31730,24.0,0.89,Y,11,1
62,37526,RENT,4.1,EDUCATION,C,29180,15.27,0.778,N,11,0
44,34599,OWN,2.3,EDUCATION,B,12109,10.93,0.35,N,5,0
39,219194,MORTGAGE,,HOMEIMPROVEMENT,A,19829,5.62,0.09,N,4,0
38,68463,MORTGAGE,4.8,DEBTCONSOLIDATION,A,29651,7.43,0.433,Y,21,0
42,72628,OWN,11.2,EDUCATION,C,8032,12.58,0.111,N,27,0
43,32000,MORTGAGE,1.1,MEDICAL,D,7993,16.6,0.25,Y,12,0
30,64706,OTHER,0.5,DEBTCONSOLIDATION,B,32071,9.12,0.496,N,18,0
65,43250,RENT,4.9,PERSONAL,C,9824,13.66,0.227,N,2,0
53,31859,RENT,2.5,DEBTCONSOLIDATION,C,19767,13.88,0.62,N,23,0
47,141633,RENT,0.9,PERSONAL,A,32076,7.36,0.226,N,12,0
24,67173,MORTGAGE,0.6,MEDICAL,B,21522,10.53,0.32,N,27,0
24,65335,OWN,4.1,EDUCATION,C,2618,13.9,0.04,Y,5,1
40,28725,MORTGAGE,1.8,MEDICAL,C,18082,12.12,0.629,Y,17,1
31,24376,RENT,29.8,HOMEIMPROVEMENT,A,32081,7.39,1.316,N,3,0
23,47493,MORTGAGE,2.6,MEDICAL,A,19974,6.93,0.421,N,4,0
61,35759,MORTGAGE,1.2,PERSONAL,C,26828,14.37,0.75,N,25,1
39,68662,RENT,5.0,DEBTCONSOLIDATION,A,11856,7.97,0.173,N,7,0
57,71224,MORTGAGE,1.4,VENTURE,D,26152,15.34,0.367,N,19,0
44,50819,OWN,3.4,HOMEIMPROVEMENT,A,26097,7.87,0.514,N,24,0
33,77284,MORTGAGE,3.3,EDUCATION,A,32728,8.68,0.423,N,19,0
30,54519,MORTGAGE,3.0,DEBTCONSOLIDATION,B,33854,10.51,0.621,N,2,0
51,30350,RENT,8.0,MEDICAL,E,24695,18.63,0.814,N,6,0
30,43956,RENT,1.2,HOMEIMPROVEMENT,D,3986,,0.091,N,13,0
37,52820,MORTGAGE,11.7,PERSONAL,E,30438,,0.576,N,27,1
46,81708,MORTGAGE,7.8,EDUCATION,B,4383,11.34,0.054,N,26,0
37,55476,RENT,2.0,MEDICAL,D,32134,14.38,0.579,Y,6,1
42,35799,RENT,1.0,DEBTCONSOLIDATION,D,11098,14.78,0.31,N,2,0
30,83399,OWN,1.6,MEDICAL,B,20761,10.12,0.249,N,19,0
40,60440,MORTGAGE,2.0,EDUCATION,G,4541,,0.075,Y,21,1
63,114705,MORTGAGE,4.1,DEBTCONSOLIDATION,D,20069,17.77,0.175,N,6,1
24,51431,RENT,0.2,VENTURE,F,21502,22.44,0.418,Y,19,1
42,27707,RENT,12.3,VENTURE,E,13889,18.68,0.501,N,4,0
60,93651,RENT,0.5,HOMEIMPROVEMENT,D,20984,15.68,0.224,N,23,0
44,35694,MORTGAGE,1.6,MEDICAL,F,6285,20.18,0.176,N,23,1
60,57669,RENT,0.6,HOMEIMPROVEMENT,B,4898,11.73,0.085,N,27,0
29,54292,MORTGAGE,1.5,EDUCATION,D,2475,17.06,0.046,N,2,0
41,50266,OTHER,9.1,DEBTCONSOLIDATION,A,27080,7.33,0.539,N,11,0
38,44649,RENT,4.8,HOMEIMPROVEMENT,D,14925,17.72,0.334,N,25,0
20,19758,MORTGAGE,1.3,MEDICAL,D,11301,17.29,0.572,Y,28,0
26,28249,MORTGAGE,10.3,VENTURE,C,23382,13.65,0.828,N,23,0
23,90868,OWN,8.1,VENTURE,D,12989,15.96,0.143,N,20,0
20,62058,OWN,7.0,EDUCATION,B,21933,10.05,0.353,N,19,0
34,140100,RENT,9.4,PERSONAL,C,10383,11.23,0.074,N,16,0
59,27702,RENT,4.8,HOMEIMPROVEMENT,A,5714,8.29,0.206,Y,28,0
31,48201,MORTGAGE,3.5,EDUCATION,A,21674,6.76,0.45,N,26,0
41,92944,MORTGAGE,2.3,VENTURE,C,17709,14.28,0.191,N,12,0
41,35910,RENT,1.3,MEDICAL,C,21992,13.88,0.612,N,25,1
36,37535,MORTGAGE,4.1,MEDICAL,A,28845,7.12,0.768,N,4,1
48,41716,MORTGAGE,11.0,DEBTCONSOLIDATION,A,12784,8.01,0.306,N,8,0
65,38371,RENT,4.5,PERSONAL,B,17313,9.06,0.451,Y,8,1
33,65675,OWN,12.6,PERSONAL,C,22688,11.23,0.345,N,13,0
39,18414,RENT,2.2,VENTURE,C,34649,12.82,1.882,N,2,1
52,120994,MORTGAGE,5.9,PERSONAL,A,31941,7.53,0.264,N,23,0
62,28917,MORTGAGE,5.2,PERSONAL,D,14627,17.03,0.506,N,4,1
34,15299,RENT,5.5,MEDICAL,A,2255,7.11,0.147,N,15,1
31,48745,MORTGAGE,5.2,DEBTCONSOLIDATION,C,30991,11.92,0.636,N,27,0
59,39832,MORTGAGE,1.3,HOMEIMPROVEMENT,A,14949,,0.375,N,20,0
39,44449,OWN,0.8,MEDICAL,G,21484,24.57,0.483,N,22,0
49,58216,RENT,19.2,DEBTCONSOLIDATION,A,3411,7.46,0.059,N,23,0
57,69888,MORTGAGE,0.2,MEDICAL,D,34686,16.61,0.496,N,10,0
22,123953,MORTGAGE,3.2,VENTURE,C,4982,13.08,0.04,N,14,0
47,33537,MORTGAGE,2.8,DEBTCONSOLIDATION,A,18836,5.0,0.562,N,6,0
45,75046,OWN,2.2,DEBTCONSOLIDATION,A,2530,,0.034,N,4,0
49,72396,RENT,7.6,VENTURE,B,27810,10.56,0.384,N,18,0
32,11470,RENT,6.8,DEBTCONSOLIDATION,D,17862,,1.557,N,29,1
32,31000,MORTGAGE,11.8,HOMEIMPROVEMENT,A,17645,7.81,0.569,N,20,1
21,24152,RENT,2.5,EDUCATION,C,3120,13.58,0.129,N,5,0
56,62714,OWN,4.2,PERSONAL,C,14217,10.61,0.227,Y,11,0
57,59030,MORTGAGE,11.1,DEBTCONSOLIDATION,A,19232,8.27,0.326,N,24,0
21,59686,MORTGAGE,25.5,PERSONAL,A,24839,8.11,0.416,Y,6,0
55,41436,MORTGAGE,,MEDICAL,E,28087,,0.678,N,20,1
45,43799,MORTGAGE,6.3,MEDICAL,B,15898,10.32,0.363,N,10,0
30,48256,MORTGAGE,0.8,DEBTCONSOLIDATION,A,30441,7.61,0.631,Y,27,0
27,39316,RENT,0.1,DEBTCONSOLIDATION,C,24027,14.47,0.611,Y,23,0
63,75165,RENT,,DEBTCONSOLIDATION,A,24259,6.94,0.323,N,22,0
59,27219,RENT,9.2,HOMEIMPROVEMENT,B,26764,10.45,0.983,N,17,0
62,31888,MORTGAGE,6.9,DEBTCONSOLIDATION,A,11944,6.63,0.375,N,24,0
41,52403,MORTGAGE,1.6,PERSONAL,G,13985,25.02,0.267,N,13,1
39,40040,RENT,,MEDICAL,B,12082,10.14,0.302,N,27,0
27,26640,MORTGAGE,1.9,MEDICAL,G,18022,25.74,0.677,N,18,1
48,65680,RENT,3.0,DEBTCONSOLIDATION,B,23330,9.4,0.355,Y,9,0
59,35783,OWN,2.4,VENTURE,B,30986,9.86,0.866,Y,24,1
45,30804,RENT,12.2,EDUCATION,E,5767,19.4,0.187,N,14,1
49,44537,OWN,1.3,DEBTCONSOLIDATION,B,18408,9.85,0.413,N,22,0
36,29992,MORTGAGE,,HOMEIMPROVEMENT,B,14198,10.19,0.473,N,23,0
39,48107,MORTGAGE,2.2,EDUCATION,A,22777,5.57,0.473,N,16,0
35,40221,RENT,5.4,EDUCATION,F,26128,22.66,0.65,Y,10,1
65,36978,OWN,,DEBTCONSOLIDATION,A,6903,6.27,0.187,N,2,0
62,37105,RENT,12.9,HOMEIMPROVEMENT,D,13748,14.34,0.371,N,16,0
26,84760,MORTGAGE,0.5,PERSONAL,C,2555,13.35,0.03,Y,28,0
35,60058,OTHER,1.2,DEBTCONSOLIDATION,A,3875,7.41,0.065,Y,4,0
64,19147,OWN,7.3,MEDICAL,A,15090,,0.788,N,16,0
46,79669,MORTGAGE,2.3,HOMEIMPROVEMENT,E,31303,,0.393,N,12,0
42,65127,OTHER,0.9,MEDICAL,D,24067,16.51,0.37,Y,10,0
43,63046,MORTGAGE,3.5,DEBTCONSOLIDATION,C,12562,14.76,0.199,N,20,0
28,79885,RENT,5.3,DEBTCONSOLIDATION,B,6739,11.0,0.084,N,23,0
54,49427,RENT,0.2,VENTURE,A,12909,8.13,0.261,N,27,0
39,68943,RENT,1.7,EDUCATION,C,21205,13.69,0.308,N,19,0
56,37969,RENT,8.3,VENTURE,C,12816,14.04,0.338,N,26,0
61,78133,MORTGAGE,3.7,EDUCATION,C,24170,12.48,0.309,Y,22,0
36,55268,MORTGAGE,0.2,PERSONAL,B,16047,10.78,0.29,N,25,0
50,22986,RENT,,HOMEIMPROVEMENT,G,26150,,1.138,N,19,1
27,86682,OWN,5.1,PERSONAL,A,34812,6.75,0.402,N,28,0
34,45665,RENT,1.1,EDUCATION,A,6827,8.65,0.15,N,25,0
50,42299,OTHER,8.8,DEBTCONSOLIDATION,E,24244,18.6,0.573,N,29,1
49,38427,OWN,5.6,VENTURE,C,2026,13.57,0.053,N,22,0
65,40008,OWN,,EDUCATION,B,33871,8.78,0.847,N,4,1
39,55620,MORTGAGE,12.4,DEBTCONSOLIDATION,D,9494,,0.171,N,14,0
58,28476,RENT,2.5,PERSONAL,B,34353,,1.206,N,7,1
31,20687,MORTGAGE,,DEBTCONSOLIDATION,A,17026,6.97,0.823,N,7,1
36,27297,RENT,,DEBTCONSOLIDATION,C,33174,11.4,1.215,Y,12,1
61,60472,RENT,4.3,PERSONAL,A,12910,7.04,0.213,N,25,0
49,44843,MORTGAGE,2.0,VENTURE,A,10213,5.94,0.228,N,24,0
48,90423,RENT,2.1,DEBTCONSOLIDATION,A,5734,7.11,0.063,N,10,0
38,47301,OWN,,VENTURE,B,20459,11.0,0.433,N,18,0
65,77915,OWN,1.7,DEBTCONSOLIDATION,A,23619,7.57,0.303,N,25,0
30,33488,RENT,6.2,DEBTCONSOLIDATION,E,1253,17.14,0.037,N,18,1
53,38587,MORTGAGE,,PERSONAL,C,32379,12.61,0.839,N,10,1
26,49278,MORTGAGE,2.9,EDUCATION,B,24658,10.25,0.5,N,28,0
63,45214,OWN,2.5,EDUCATION,C,32384,14.66,0.716,N,27,0
53,42950,MORTGAGE,2.3,HOMEIMPROVEMENT,D,34801,15.82,0.81,N,20,1
39,30343,RENT,1.7,PERSONAL,C,34862,,1.149,N,4,1
57,20495,RENT,0.4,HOMEIMPROVEMENT,A,4420,7.21,0.216,N,29,0
43,69359,RENT,,DEBTCONSOLIDATION,A,3746,6.3,0.054,N,29,0
29,65224,OWN,1.9,PERSONAL,D,18479,15.46,0.283,N,15,0
51,34974,RENT,4.0,HOMEIMPROVEMENT,A,3740,6.77,0.107,N,16,0
34,60378,RENT,7.4,MEDICAL,A,24299,8.53,0.402,N,20,0
56,44732,OWN,2.5,EDUCATION,C,3435,12.07,0.077,N,2,0
39,90074,OWN,14.5,EDUCATION,A,30231,6.78,0.336,N,24,0
22,23819,OWN,8.8,MEDICAL,G,598,24.28,0.025,N,29,1
56,45720,MORTGAGE,20.9,VENTURE,E,15928,20.57,0.348,N,5,0
59,43756,MORTGAGE,10.4,MEDICAL,C,26811,13.46,0.613,N,16,0
27,53562,MORTGAGE,4.8,EDUCATION,D,7658,,0.143,N,16,0
59,114167,RENT,4.6,PERSONAL,B,29054,6.8,0.254,N,4,0
63,45796,MORTGAGE,,HOMEIMPROVEMENT,D,22912,17.11,0.5,N,6,1
42,73771,RENT,6.4,EDUCATION,C,9547,11.92,0.129,Y,29,0
59,45193,RENT,4.6,MEDICAL,A,19345,6.29,0.428,N,2,0
30,88344,OWN,3.5,PERSONAL,F,21888,21.77,0.248,N,17,0
65,74166,RENT,5.9,EDUCATION,E,19963,,0.269,N,17,0
27,40809,OWN,2.9,MEDICAL,F,28088,21.98,0.688,N,17,1
48,39225,RENT,3.7,EDUCATION,D,27486,15.15,0.701,N,16,1
49,64076,RENT,2.5,MEDICAL,B,27499,9.87,0.429,N,28,0
29,34184,MORTGAGE,6.3,DEBTCONSOLIDATION,A,4473,6.89,0.131,N,6,0
58,54439,MORTGAGE,10.5,MEDICAL,A,2473,5.02,0.045,N,3,0
47,40308,MORTGAGE,9.2,EDUCATION,A,25579,7.41,0.635,N,9,0
55,60021,OWN,7.7,PERSONAL,A,26833,7.02,0.447,N,16,0
32,44866,RENT,0.1,EDUCATION,C,12866,13.23,0.287,Y,10,0
51,33492,OWN,12.1,EDUCATION,C,32792,12.4,0.979,N,10,1
55,90031,RENT,1.6,DEBTCONSOLIDATION,B,27051,10.03,0.3,N,4,0
56,55924,OWN,10.9,PERSONAL,C,17583,10.4,0.314,N,16,0
45,47597,RENT,1.1,DEBTCONSOLIDATION,B,21074,9.35,0.443,N,25,0
41,61758,MORTGAGE,2.9,EDUCATION,C,15288,12.46,0.248,N,19,0
23,19552,MORTGAGE,6.9,DEBTCONSOLIDATION,G,8352,24.94,0.427,N,18,0
50,154755,RENT,5.1,HOMEIMPROVEMENT,C,7277,12.96,0.047,Y,2,0
37,49690,OWN,2.7,HOMEIMPROVEMENT,A,33944,8.14,0.683,Y,24,1
57,16651,RENT,5.7,HOMEIMPROVEMENT,B,27034,,1.624,N,12,1
43,94693,RENT,4.0,MEDICAL,D,13558,,0.143,N,2,0
42,32426,MORTGAGE,1.6,VENTURE,C,32832,,1.013,N,7,1
41,87032,RENT,5.2,DEBTCONSOLIDATION,F,30745,21.41,0.353,N,25,0
21,52410,RENT,1.1,EDUCATION,A,23457,7.88,0.448,N,27,0
50,20666,MORTGAGE,5.9,VENTURE,B,20189,11.72,0.977,N,13,0
30,56596,MORTGAGE,0.0,DEBTCONSOLIDATION,A,620,8.69,0.011,N,21,0
47,54352,RENT,4.0,HOMEIMPROVEMENT,D,24612,15.65,0.453,N,19,1
65,92362,MORTGAGE,2.6,PERSONAL,B,30229,11.3,0.327,N,15,1
51,65328,MORTGAGE,1.8,HOMEIMPROVEMENT,A,16525,8.03,0.253,Y,14,0
24,24793,OWN,3.6,EDUCATION,B,29301,11.45,1.182,Y,28,1
57,85071,OWN,5.2,VENTURE,B,3950,10.83,0.046,N,12,0
29,39036,MORTGAGE,16.8,VENTURE,G,11623,26.4,0.298,N,21,1
59,126265,MORTGAGE,9.0,DEBTCONSOLIDATION,B,31425,9.73,0.249,N,26,0
65,40330,RENT,6.3,MEDICAL,A,28622,6.45,0.71,Y,19,0
43,43642,RENT,3.3,PERSONAL,B,25869,7.38,0.593,N,22,0
54,31192,MORTGAGE,2.5,HOMEIMPROVEMENT,B,16854,9.49,0.54,N,28,0
63,37263,OTHER,0.2,PERSONAL,C,24141,12.63,0.648,N,19,1
42,32221,MORTGAGE,2.2,EDUCATION,B,29804,7.84,0.925,N,18,1
36,93624,RENT,9.4,MEDICAL,C,6230,13.05,0.067,N,29,0
20,23568,MORTGAGE,2.4,HOMEIMPROVEMENT,E,7939,20.29,0.337,N,26,1
50,76306,MORTGAGE,3.1,EDUCATION,A,2622,,0.034,Y,6,0
50,77324,MORTGAGE,1.6,PERSONAL,D,33108,18.25,0.428,N,7,0
61,104574,MORTGAGE,1.6,MEDICAL,F,21116,22.45,0.202,N,23,0
61,50214,MORTGAGE,0.3,HOMEIMPROVEMENT,B,2808,11.01,0.056,N,9,0
53,27870,RENT,,PERSONAL,A,22891,6.94,0.821,N,5,0
28,44601,OWN,3.0,HOMEIMPROVEMENT,D,23637,14.93,0.53,Y,2,1
41,67987,MORTGAGE,4.7,MEDICAL,C,9489,13.65,0.14,N,16,0
32,51359,RENT,4.0,MEDICAL,A,27709,7.91,0.54,N,8,0
44,59976,RENT,8.0,PERSONAL,B,32883,9.79,0.548,N,17,0
37,103871,OWN,7.0,HOMEIMPROVEMENT,C,12248,13.31,0.118,N,7,0
31,67514,OWN,7.4,VENTURE,A,33631,6.99,0.498,Y,8,0
59,54673,RENT,3.5,EDUCATION,C,14902,12.22,0.273,N,25,0
36,17775,RENT,2.2,MEDICAL,C,21210,13.39,1.193,N,22,1
34,31852,RENT,13.5,HOMEIMPROVEMENT,E,13022,18.15,0.409,N,7,1
61,39239,RENT,0.3,PERSONAL,C,15871,,0.404,Y,14,0
34,16524,MORTGAGE,0.8,PERSONAL,C,22316,15.78,1.351,N,3,1
34,26632,MORTGAGE,2.7,MEDICAL,C,20991,14.32,0.788,N,6,1
58,42291,MORTGAGE,4.8,DEBTCONSOLIDATION,A,2702,6.78,0.064,Y,4,0
32,46251,MORTGAGE,0.0,MEDICAL,D,17402,,0.376,N,22,0
36,64743,RENT,6.4,DEBTCONSOLIDATION,C,21981,14.36,0.34,N,10,0
51,43786,RENT,4.1,VENTURE,D,22947,15.88,0.524,N,4,1
28,56185,RENT,3.3,PERSONAL,D,10207,16.67,0.182,Y,13,1
59,38957,RENT,2.8,HOMEIMPROVEMENT,C,24957,13.86,0.641,Y,4,1
39,50166,RENT,3.7,DEBTCONSOLIDATION,A,11037,,0.22,Y,18,0
45,62820,MORTGAGE,0.9,EDUCATION,E,31977,19.23,0.509,N,16,1
46,110188,MORTGAGE,0.6,EDUCATION,B,13852,11.26,0.126,N,29,0
40,36936,MORTGAGE,1.7,VENTURE,F,1697,24.08,0.046,N,18,1
37,53066,MORTGAGE,6.2,DEBTCONSOLIDATION,B,28252,9.89,0.532,N,8,0
32,79064,MORTGAGE,,DEBTCONSOLIDATION,A,20816,8.49,0.263,N,10,0
35,22208,MORTGAGE,,HOMEIMPROVEMENT,E,6981,17.22,0.314,N,19,1
28,147090,RENT,4.2,EDUCATION,D,2128,16.58,0.014,N,3,0
31,93757,OTHER,4.1,EDUCATION,D,32209,13.38,0.344,N,18,0
63,19123,RENT,1.8,HOMEIMPROVEMENT,A,12908,6.07,0.675,Y,22,0
57,60129,RENT,,DEBTCONSOLIDATION,E,16046,17.76,0.267,Y,27,1
38,35938,RENT,11.4,HOMEIMPROVEMENT,C,32000,,0.89,N,24,0
26,39397,OTHER,4.6,MEDICAL,B,19785,,0.502,Y,15,0
54,59443,OTHER,6.0,EDUCATION,E,9235,,0.155,N,18,1
37,87353,MORTGAGE,3.1,DEBTCONSOLIDATION,C,25499,12.74,0.292,Y,12,0
35,37940,MORTGAGE,7.1,EDUCATION,A,20301,5.26,0.535,N,25,0
58,38221,MORTGAGE,4.4,VENTURE,B,33183,10.34,0.868,N,2,0
23,60155,OTHER,0.3,MEDICAL,C,11869,13.09,0.197,N,2,0
44,67142,MORTGAGE,11.0,MEDICAL,E,31081,18.03,0.463,Y,21,1
51,28171,OWN,1.8,EDUCATION,A,1493,8.66,0.053,N,16,0
59,126502,RENT,0.7,PERSONAL,D,13668,17.62,0.108,N,3,0
32,34412,RENT,0.5,PERSONAL,D,31545,14.49,0.917,N,13,0
64,83330,OWN,,HOMEIMPROVEMENT,A,13078,6.18,0.157,N,14,0
36,62845,RENT,,MEDICAL,A,4926,,0.078,N,26,0
56,68423,OWN,6.0,EDUCATION,C,4015,12.44,0.059,N,11,0
25,34781,MORTGAGE,12.4,DEBTCONSOLIDATION,D,6153,15.74,0.177,N,3,0
38,18994,OWN,2.1,EDUCATION,C,34179,11.78,1.799,N,24,1
32,48447,RENT,,EDUCATION,D,13853,14.79,0.286,N,3,1
45,48557,MORTGAGE,4.8,DEBTCONSOLIDATION,C,28800,12.38,0.593,N,18,1
33,28943,MORTGAGE,19.4,DEBTCONSOLIDATION,C,23187,13.16,0.801,Y,10,1
50,81216,MORTGAGE,1.9,VENTURE,A,12003,,0.148,N,15,0
23,47650,MORTGAGE,15.7,PERSONAL,A,17039,6.02,0.358,N,12,0
58,31414,OWN,0.8,VENTURE,C,9620,11.62,0.306,N,21,0
27,67628,MORTGAGE,7.2,EDUCATION,D,5956,14.51,0.088,N,13,0
44,68623,RENT,5.0,EDUCATION,C,15193,14.19,0.221,N,8,0
32,33057,OWN,8.5,MEDICAL,C,27749,15.55,0.839,N,2,0
51,96603,RENT,0.1,MEDICAL,C,19199,13.52,0.199,N,25,0
57,168347,RENT,0.4,PERSONAL,A,11687,5.0,0.069,N,17,0
57,26916,RENT,0.4,DEBTCONSOLIDATION,C,17998,13.68,0.669,Y,16,1
47,44310,OWN,4.5,HOMEIMPROVEMENT,B,856,11.42,0.019,N,14,0
49,59003,RENT,,EDUCATION,C,28455,12.22,0.482,N,7,1
22,171809,RENT,11.8,MEDICAL,C,7665,14.06,0.045,N,3,0
47,32742,OWN,3.2,PERSONAL,D,26936,17.29,0.823,N,10,1
22,29238,MORTGAGE,0.4,VENTURE,B,19783,11.55,0.677,Y,2,1
64,29128,RENT,1.2,EDUCATION,B,34287,9.3,1.177,Y,10,1
53,95969,MORTGAGE,0.0,HOMEIMPROVEMENT,B,6945,10.09,0.072,N,11,0
35,33212,OWN,7.5,PERSONAL,D,24284,16.22,0.731,N,3,1
41,30712,RENT,8.5,DEBTCONSOLIDATION,B,9679,11.58,0.315,N,23,0
51,55660,MORTGAGE,30.9,HOMEIMPROVEMENT,A,26512,6.51,0.476,Y,26,0
57,58076,MORTGAGE,2.7,EDUCATION,G,34341,26.13,0.591,N,20,1
27,88349,MORTGAGE,0.1,PERSONAL,B,9052,10.33,0.102,N,29,0
27,51562,MORTGAGE,1.3,DEBTCONSOLIDATION,A,13301,8.15,0.258,N,15,0
25,56213,MORTGAGE,4.4,MEDICAL,C,20441,13.91,0.364,N,4,0
33,46263,RENT,16.3,HOMEIMPROVEMENT,D,32926,15.21,0.712,Y,17,0
51,23923,MORTGAGE,0.5,VENTURE,B,17760,10.32,0.742,N,20,0
54,43924,RENT,0.6,VENTURE,C,28870,12.17,0.657,N,10,1
29,50744,MORTGAGE,6.0,HOMEIMPROVEMENT,A,2319,6.97,0.046,N,3,0
22,38403,RENT,5.5,EDUCATION,B,29650,12.1,0.772,Y,5,1
31,20734,MORTGAGE,1.4,EDUCATION,A,501,6.49,0.024,N,25,0
50,26258,RENT,8.4,EDUCATION,B,26768,9.27,1.019,N,12,0
48,47970,MORTGAGE,0.7,VENTURE,C,5415,12.78,0.113,N,9,0
24,81880,RENT,13.0,VENTURE,B,24560,10.81,0.3,Y,17,0
44,123655,MORTGAGE,1.1,MEDICAL,C,6671,,0.054,N,6,0
60,44306,MORTGAGE,0.4,EDUCATION,B,2804,10.43,0.063,N,3,0
50,33048,MORTGAGE,2.1,VENTURE,B,3502,,0.106,N,16,0
40,39939,RENT,1.0,VENTURE,A,31007,6.7,0.776,N,7,0
39,27569,RENT,3.7,EDUCATION,A,8427,8.69,0.306,N,9,0
58,75603,MORTGAGE,5.8,EDUCATION,A,20040,,0.265,N,3,0
41,158845,OWN,,VENTURE,C,20198,13.31,0.127,Y,5,0
23,33493,RENT,5.4,DEBTCONSOLIDATION,D,22209,15.74,0.663,N,5,1
32,25447,RENT,2.3,HOMEIMPROVEMENT,C,5380,13.56,0.211,N,13,0
64,85268,RENT,0.1,VENTURE,C,13225,13.16,0.155,Y,26,0
61,58391,MORTGAGE,18.3,MEDICAL,B,1794,8.2,0.031,N,27,0
39,58936,RENT,8.6,PERSONAL,C,28143,13.71,0.478,N,2,0
32,117418,MORTGAGE,0.4,DEBTCONSOLIDATION,C,5796,11.83,0.049,N,10,0
36,23119,RENT,3.0,EDUCATION,A,13207,5.58,0.571,N,16,0
55,22767,RENT,5.0,MEDICAL,E,21454,19.06,0.942,N,9,0
52,44849,RENT,1.1,HOMEIMPROVEMENT,A,3958,,0.088,N,18,0
20,50760,MORTGAGE,4.3,PERSONAL,B,24305,9.04,0.479,N,16,0
34,40327,MORTGAGE,3.8,DEBTCONSOLIDATION,B,31465,9.53,0.78,N,11,1
32,189740,RENT,1.2,VENTURE,D,34673,15.12,0.183,N,23,0
36,41330,OWN,0.8,EDUCATION,E,6153,20.86,0.149,N,14,0
43,36210,RENT,7.1,VENTURE,E,26298,19.38,0.726,Y,12,1
27,52490,MORTGAGE,1.9,MEDICAL,C,3802,,0.072,N,17,0
46,83615,MORTGAGE,1.4,EDUCATION,C,28581,13.91,0.342,N,27,1
64,32892,RENT,6.7,VENTURE,A,20287,,0.617,N,16,0
42,45213,MORTGAGE,6.7,EDUCATION,B,13496,9.69,0.298,N,19,0
65,84932,MORTGAGE,1.6,MEDICAL,E,26333,20.12,0.31,Y,13,1
27,87565,RENT,10.3,VENTURE,B,5617,9.17,0.064,N,4,0
27,55253,MORTGAGE,5.8,PERSONAL,A,14588,5.77,0.264,N,29,1
45,185371,RENT,2.1,HOMEIMPROVEMENT,A,31376,7.79,0.169,N,22,0
32,145707,MORTGAGE,2.8,VENTURE,B,15037,10.2,0.103,N,25,0
58,22621,RENT,6.5,EDUCATION,A,31308,7.19,1.384,N,23,1
56,19330,MORTGAGE,1.2,DEBTCONSOLIDATION,B,26414,,1.366,N,26,1
47,75935,RENT,3.2,VENTURE,B,20392,10.71,0.269,N,13,1
44,103875,RENT,5.3,EDUCATION,B,24396,8.36,0.235,N,28,0
35,43320,RENT,3.9,DEBTCONSOLIDATION,A,8567,5.0,0.198,N,2,0
21,37189,RENT,4.7,MEDICAL,E,15324,,0.412,N,6,1
37,31220,MORTGAGE,4.0,DEBTCONSOLIDATION,C,21279,13.76,0.682,N,21,0
36,25786,RENT,1.1,HOMEIMPROVEMENT,C,24586,14.49,0.953,Y,9,1
49,91581,MORTGAGE,2.6,EDUCATION,C,28137,13.66,0.307,N,6,0
58,39746,RENT,3.8,VENTURE,B,32569,8.89,0.819,N,26,1
32,57872,MORTGAGE,7.6,DEBTCONSOLIDATION,D,29248,14.9,0.505,N,19,1
51,17958,MORTGAGE,5.3,MEDICAL,E,12600,20.45,0.702,N,9,1
48,85071,OTHER,2.8,DEBTCONSOLIDATION,A,3190,8.09,0.037,N,14,0
65,67729,OTHER,18.3,PERSONAL,A,16901,7.66,0.25,N,18,0
49,23398,OWN,0.6,VENTURE,C,20728,,0.886,Y,9,1
37,56526,MORTGAGE,1.2,HOMEIMPROVEMENT,A,13721,7.2,0.243,N,26,0
32,49148,RENT,2.1,MEDICAL,E,33186,18.75,0.675,Y,28,1
62,38269,MORTGAGE,1.3,VENTURE,C,16750,12.81,0.438,N,4,0
40,9930,OWN,4.9,EDUCATION,B,14907,10.76,1.501,Y,19,1
49,34092,RENT,0.2,EDUCATION,B,34809,10.28,1.021,N,13,0
40,57892,MORTGAGE,1.0,EDUCATION,C,14289,10.64,0.247,Y,14,0
36,36253,RENT,1.7,VENTURE,A,27579,8.06,0.761,N,22,0
59,43393,MORTGAGE,5.7,HOMEIMPROVEMENT,E,26547,19.7,0.612,N,10,0
38,111660,MORTGAGE,10.4,EDUCATION,A,16226,7.39,0.145,N,25,0
34,46974,MORTGAGE,8.0,VENTURE,F,8035,,0.171,N,17,0
28,15471,MORTGAGE,1.0,VENTURE,A,4562,6.03,0.295,N,2,0
29,44281,OWN,4.2,HOMEIMPROVEMENT,D,9272,14.72,0.209,N,2,0
63,51775,MORTGAGE,0.2,MEDICAL,A,29036,7.6,0.561,N,9,1
50,31133,MORTGAGE,1.9,MEDICAL,B,15936,9.09,0.512,N,4,0
42,73431,RENT,8.2,VENTURE,C,33165,15.0,0.452,N,15,0
49,21933,RENT,,MEDICAL,A,20910,6.17,0.953,N,15,1
52,45444,MORTGAGE,0.8,PERSONAL,B,20435,9.14,0.45,N,18,0
28,21794,RENT,2.9,HOMEIMPROVEMENT,B,28470,9.52,1.306,N,27,1
20,41663,RENT,1.1,VENTURE,B,10262,9.64,0.246,N,2,0
63,72364,MORTGAGE,2.5,MEDICAL,B,4866,9.56,0.067,N,5,0
54,44849,MORTGAGE,3.3,DEBTCONSOLIDATION,D,2854,15.68,0.064,N,7,0
30,43432,MORTGAGE,2.2,MEDICAL,A,1456,6.57,0.034,N,26,0
53,49775,RENT,13.8,HOMEIMPROVEMENT,A,4118,5.13,0.083,N,16,0
35,51163,RENT,4.1,DEBTCONSOLIDATION,B,13733,10.61,0.268,N,22,0
28,71794,MORTGAGE,9.3,EDUCATION,E,21499,18.48,0.299,N,14,0
51,72034,RENT,7.2,MEDICAL,D,29942,,0.416,N,24,0
34,107144,RENT,5.4,DEBTCONSOLIDATION,C,28457,11.54,0.266,Y,10,0
31,53754,RENT,3.4,HOMEIMPROVEMENT,E,21438,17.17,0.399,N,22,1
52,19665,RENT,0.0,DEBTCONSOLIDATION,D,32148,15.89,1.635,N,8,1
64,78579,RENT,4.8,EDUCATION,A,11963,8.87,0.152,N,26,0
33,102991,RENT,2.2,DEBTCONSOLIDATION,A,14463,8.82,0.14,N,7,0
27,189839,RENT,0.6,VENTURE,B,3493,,0.018,N,10,0
27,108927,MORTGAGE,2.9,EDUCATION,A,8926,6.11,0.082,N,7,0
46,37434,RENT,6.7,MEDICAL,C,18705,13.2,0.5,N,12,1
31,54336,RENT,16.3,VENTURE,C,21369,9.8,0.393,N,7,0
20,42241,OWN,,VENTURE,C,13940,12.3,0.33,N,4,0
62,39199,MORTGAGE,3.9,EDUCATION,A,32807,7.27,0.837,N,22,0
59,46054,RENT,9.5,VENTURE,D,3011,15.72,0.065,N,24,0
61,99424,OWN,2.0,EDUCATION,B,19472,7.72,0.196,N,19,0
30,20454,RENT,0.8,EDUCATION,B,6449,7.81,0.315,N,15,0
58,28242,RENT,1.7,DEBTCONSOLIDATION,G,27256,23.28,0.965,Y,7,1
62,95867,OTHER,11.5,EDUCATION,B,10438,9.91,0.109,N,3,0
50,109045,OWN,0.9,HOMEIMPROVEMENT,B,1033,9.0,0.009,Y,26,0
36,34107,MORTGAGE,2.0,MEDICAL,C,31078,14.87,0.911,Y,11,1
52,121529,MORTGAGE,3.1,VENTURE,E,23109,17.4,0.19,N,29,0
51,83845,MORTGAGE,9.4,PERSONAL,A,11615,8.47,0.139,N,20,0
48,42307,RENT,13.9,DEBTCONSOLIDATION,D,7651,,0.181,N,24,1
40,12843,RENT,2.8,MEDICAL,E,32193,22.02,2.507,N,8,1
40,19586,MORTGAGE,13.4,PERSONAL,B,26679,10.79,1.362,N,6,1
59,34132,OWN,0.9,EDUCATION,B,26651,7.34,0.781,N,16,0
42,74456,RENT,,VENTURE,C,9806,14.46,0.132,N,11,0
25,74585,MORTGAGE,14.9,DEBTCONSOLIDATION,A,27787,6.45,0.373,N,29,0
41,37928,RENT,3.6,MEDICAL,B,24785,,0.653,N,3,0
57,43165,MORTGAGE,1.0,PERSONAL,E,22079,18.99,0.512,Y,22,1
56,48152,MORTGAGE,3.3,PERSONAL,C,30430,,0.632,N,3,1
64,43464,MORTGAGE,7.6,PERSONAL,A,23456,6.7,0.54,N,20,0
27,53637,RENT,8.8,MEDICAL,B,10615,8.59,0.198,N,9,0
60,48217,RENT,,HOMEIMPROVEMENT,C,15949,12.47,0.331,N,7,0
54,19519,MORTGAGE,4.2,EDUCATION,B,18354,,0.94,N,27,1
30,43732,RENT,10.1,VENTURE,C,21556,12.43,0.493,N,13,0
43,48415,RENT,3.6,PERSONAL,D,13966,,0.288,N,27,0
40,84490,MORTGAGE,4.7,DEBTCONSOLIDATION,B,31666,11.27,0.375,N,17,1
21,31032,MORTGAGE,7.1,MEDICAL,G,2397,26.78,0.077,N,17,0
59,54838,RENT,2.8,DEBTCONSOLIDATION,E,33113,18.99,0.604,N,16,0
38,66806,MORTGAGE,0.4,PERSONAL,A,12926,5.65,0.193,N,11,0
58,45179,OWN,2.2,MEDICAL,A,22234,6.94,0.492,N,5,0
47,18673,RENT,4.9,DEBTCONSOLIDATION,B,10781,9.81,0.577,N,9,0
36,85437,MORTGAGE,1.1,HOMEIMPROVEMENT,A,34760,8.58,0.407,N,27,0
25,73933,RENT,0.8,PERSONAL,B,30793,11.05,0.416,Y,10,0
38,55593,RENT,1.7,PERSONAL,B,23375,10.28,0.42,N,22,0
57,50120,RENT,0.2,VENTURE,A,26487,8.82,0.528,N,18,0
47,18402,RENT,6.8,MEDICAL,A,24044,6.39,1.307,N,7,1
21,75061,MORTGAGE,1.5,MEDICAL,A,26381,7.75,0.351,N,26,0
57,111025,RENT,0.7,HOMEIMPROVEMENT,A,16090,6.39,0.145,N,23,0
56,26567,MORTGAGE,6.0,PERSONAL,B,31898,9.43,1.201,Y,17,1
23,102719,RENT,9.3,VENTURE,B,1736,7.52,0.017,N,23,0
41,91336,RENT,0.1,DEBTCONSOLIDATION,E,8233,,0.09,N,22,0
45,26140,MORTGAGE,1.3,EDUCATION,A,12459,7.16,0.477,N,8,0
62,39467,MORTGAGE,14.5,VENTURE,E,26709,18.84,0.677,N,21,0
55,22754,MORTGAGE,2.4,DEBTCONSOLIDATION,A,11314,7.54,0.497,N,5,0
32,47295,MORTGAGE,14.0,VENTURE,C,5149,14.2,0.109,N,5,1
51,62728,RENT,1.6,DEBTCONSOLIDATION,A,19692,6.98,0.314,N,10,0
36,23712,MORTGAGE,1.2,VENTURE,D,16993,16.72,0.717,N,15,0
60,60608,RENT,1.2,VENTURE,A,16525,7.45,0.273,N,11,0
55,69669,MORTGAGE,0.4,PERSONAL,F,27320,23.29,0.392,N,20,0
65,70221,OWN,11.3,VENTURE,A,8635,7.64,0.123,Y,27,0
38,62942,RENT,19.5,DEBTCONSOLIDATION,A,28007,9.19,0.445,N,4,1
54,24942,RENT,15.5,DEBTCONSOLIDATION,B,6341,10.32,0.254,N,12,0
65,45852,MORTGAGE,9.6,MEDICAL,D,31603,,0.689,Y,20,0
59,59503,MORTGAGE,9.4,DEBTCONSOLIDATION,F,952,23.51,0.016,Y,4,1
47,109487,RENT,5.4,MEDICAL,B,25182,10.77,0.23,N,14,0
20,49087,OTHER,,DEBTCONSOLIDATION,D,33272,16.57,0.678,N,13,0
61,61947,MORTGAGE,1.2,VENTURE,C,33404,11.15,0.539,N,14,0
37,29359,RENT,2.5,DEBTCONSOLIDATION,C,20396,14.79,0.695,N,25,1
59,25972,RENT,5.1,MEDICAL,C,15001,,0.578,Y,26,1
52,24204,MORTGAGE,10.4,PERSONAL,A,10355,7.38,0.428,N,25,0
31,38904,RENT,5.4,EDUCATION,B,7732,6.58,0.199,N,21,0
27,152379,RENT,9.1,VENTURE,D,12202,15.59,0.08,N,11,0
43,39295,MORTGAGE,3.2,DEBTCONSOLIDATION,B,23407,12.3,0.596,N,24,1
35,59906,MORTGAGE,6.3,MEDICAL,E,25272,19.57,0.422,N,21,0
23,66596,MORTGAGE,19.6,MEDICAL,D,24855,14.55,0.373,Y,11,1
57,26894,RENT,0.8,PERSONAL,E,26595,18.33,0.989,Y,2,1
63,38587,MORTGAGE,13.1,DEBTCONSOLIDATION,A,31371,6.52,0.813,N,24,1
46,69108,OTHER,3.7,PERSONAL,A,5296,8.36,0.077,N,4,0
28,62042,RENT,5.2,EDUCATION,A,1222,5.19,0.02,N,15,0
35,16371,MORTGAGE,10.5,DEBTCONSOLIDATION,G,25169,26.27,1.537,N,22,1
31,67977,OWN,2.6,HOMEIMPROVEMENT,A,11738,7.95,0.173,N,17,0
50,36205,MORTGAGE,2.7,HOMEIMPROVEMENT,B,13628,12.69,0.376,N,20,1
43,36730,MORTGAGE,3.7,DEBTCONSOLIDATION,A,9839,7.64,0.268,N,2,1
33,61247,RENT,0.1,HOMEIMPROVEMENT,A,26650,,0.435,N,10,0
64,113279,MORTGAGE,3.4,EDUCATION,A,27380,6.94,0.242,Y,3,0
44,43904,MORTGAGE,1.7,VENTURE,A,28341,5.81,0.646,N,19,0
53,93758,MORTGAGE,13.2,HOMEIMPROVEMENT,B,19485,10.47,0.208,N,7,0
22,22192,OTHER,0.5,HOMEIMPROVEMENT,F,34476,24.09,1.554,N,18,1
43,52675,RENT,3.1,DEBTCONSOLIDATION,C,32318,11.97,0.614,N,9,0
61,36403,RENT,14.7,MEDICAL,C,25013,14.12,0.687,N,21,1
28,57245,RENT,,MEDICAL,B,20389,9.26,0.356,N,4,0
45,41648,MORTGAGE,6.0,VENTURE,D,30498,14.14,0.732,N,22,0
39,23445,RENT,4.5,DEBTCONSOLIDATION,E,28496,20.92,1.215,Y,25,1
59,30089,MORTGAGE,1.6,PERSONAL,F,4241,22.28,0.141,Y,2,1
29,19855,RENT,2.3,EDUCATION,A,10679,7.59,0.538,N,22,0
38,23889,MORTGAGE,0.5,HOMEIMPROVEMENT,E,3807,20.03,0.159,Y,26,0
22,63842,RENT,7.7,DEBTCONSOLIDATION,A,7277,5.0,0.114,N,19,0
43,42698,OWN,2.0,DEBTCONSOLIDATION,B,5518,,0.129,N,9,0
24,55657,MORTGAGE,5.5,EDUCATION,B,31813,8.03,0.572,N,3,0
22,133061,OWN,2.2,MEDICAL,C,5625,12.37,0.042,N,24,0
46,41656,MORTGAGE,3.1,EDUCATION,C,8531,14.38,0.205,N,10,0
35,69484,RENT,4.0,MEDICAL,A,2031,7.54,0.029,N,22,0
34,49785,RENT,8.1,EDUCATION,D,7242,15.26,0.145,N,12,0
54,224016,OTHER,1.2,MEDICAL,B,4180,10.03,0.019,N,17,0
31,9323,MORTGAGE,2.5,EDUCATION,A,30042,6.83,3.222,Y,10,1
60,33033,RENT,0.7,HOMEIMPROVEMENT,B,14031,10.37,0.425,N,18,1
63,70242,MORTGAGE,0.4,HOMEIMPROVEMENT,B,7775,9.25,0.111,N,16,0
45,32399,RENT,4.6,VENTURE,A,32752,6.85,1.011,N,8,1
53,66925,RENT,1.0,EDUCATION,A,20681,,0.309,Y,5,1
42,47427,RENT,0.3,PERSONAL,G,19651,25.51,0.414,N,24,1
50,78883,MORTGAGE,11.4,VENTURE,E,16103,19.26,0.204,N,16,0
39,26300,RENT,3.8,EDUCATION,A,25146,5.03,0.956,Y,18,0
31,53909,RENT,0.7,PERSONAL,C,24085,11.49,0.447,N,24,0
42,63342,RENT,0.3,HOMEIMPROVEMENT,B,18391,10.75,0.29,N,24,0
23,52705,RENT,0.6,HOMEIMPROVEMENT,C,18787,12.69,0.356,Y,11,0
42,53219,MORTGAGE,3.2,DEBTCONSOLIDATION,B,20876,9.47,0.392,N,29,0
20,94971,RENT,5.5,HOMEIMPROVEMENT,A,21121,6.7,0.222,N,13,0
44,19458,RENT,5.1,DEBTCONSOLIDATION,B,33022,9.7,1.697,Y,27,1
21,52508,OWN,0.8,PERSONAL,A,30631,5.0,0.583,N,17,0
49,25209,RENT,5.0,MEDICAL,B,2801,12.08,0.111,Y,8,0
22,74360,RENT,2.6,EDUCATION,E,10013,18.86,0.135,N,11,0
40,30919,MORTGAGE,3.1,VENTURE,G,4334,25.02,0.14,N,3,1
44,12583,MORTGAGE,8.1,DEBTCONSOLIDATION,F,4184,22.09,0.333,N,23,1
39,75343,MORTGAGE,2.0,VENTURE,G,27165,26.15,0.361,N,13,0
41,42293,RENT,0.8,HOMEIMPROVEMENT,A,13189,7.82,0.312,N,20,0
40,59643,OWN,10.3,MEDICAL,C,13907,12.91,0.233,N,28,0
52,107457,MORTGAGE,1.2,DEBTCONSOLIDATION,A,34749,,0.323,Y,7,0
57,60130,MORTGAGE,1.7,EDUCATION,E,3360,20.48,0.056,Y,22,1
34,53808,RENT,6.1,DEBTCONSOLIDATION,D,29729,16.07,0.553,N,28,0
65,47762,RENT,5.8,EDUCATION,B,19369,,0.406,N,21,0
34,26081,MORTGAGE,,VENTURE,B,9940,8.7,0.381,N,25,0
65,43547,OWN,,VENTURE,A,7672,7.78,0.176,N,3,0
44,145167,MORTGAGE,2.2,VENTURE,B,31329,8.29,0.216,N,24,0
40,39879,RENT,0.7,EDUCATION,G,20106,24.52,0.504,N,21,1
43,44989,RENT,3.9,DEBTCONSOLIDATION,E,4909,,0.109,N,15,1
24,97870,MORTGAGE,,VENTURE,A,11554,9.08,0.118,N,8,0
25,21000,MORTGAGE,5.8,EDUCATION,A,34127,,1.625,N,6,1
62,68945,RENT,0.0,HOMEIMPROVEMENT,A,21138,8.72,0.307,Y,22,0
63,20457,RENT,0.3,DEBTCONSOLIDATION,G,15760,25.55,0.77,N,10,1
42,61056,RENT,2.8,DEBTCONSOLIDATION,E,9085,17.67,0.149,N,14,0
23,48420,MORTGAGE,15.9,DEBTCONSOLIDATION,C,3643,11.67,0.075,N,16,0
46,68652,MORTGAGE,11.1,MEDICAL,C,33916,13.91,0.494,N,6,0
37,28089,MORTGAGE,25.6,VENTURE,D,32905,14.8,1.171,N,9,1
40,36524,MORTGAGE,2.7,EDUCATION,A,27995,5.15,0.766,Y,8,1
47,70631,RENT,0.2,HOMEIMPROVEMENT,E,34125,17.83,0.483,N,13,0
54,37034,MORTGAGE,1.8,PERSONAL,B,34853,10.32,0.941,N,21,1
41,74275,OTHER,5.6,HOMEIMPROVEMENT,A,32411,6.05,0.436,N,25,0
59,54997,OWN,0.7,MEDICAL,B,7221,11.51,0.131,N,24,0
42,38362,OWN,1.8,HOMEIMPROVEMENT,C,26034,13.51,0.679,N,13,0
22,41214,RENT,0.3,VENTURE,B,18149,10.23,0.44,N,21,0
59,49115,MORTGAGE,3.2,VENTURE,C,13927,13.47,0.284,N,23,0
29,43429,OWN,1.2,PERSONAL,E,22647,19.72,0.521,N,15,0
44,73250,MORTGAGE,0.5,DEBTCONSOLIDATION,D,5924,,0.081,N,24,0
27,39966,RENT,2.6,EDUCATION,C,27103,12.02,0.678,N,17,0
30,35768,OWN,2.2,HOMEIMPROVEMENT,B,18623,11.51,0.521,N,14,0
24,80873,MORTGAGE,3.9,PERSONAL,A,12565,7.75,0.155,N,27,0
64,38864,RENT,6.9,VENTURE,B,3186,9.53,0.082,N,14,0
56,36417,RENT,,DEBTCONSOLIDATION,B,1842,10.93,0.051,N,16,0
64,12492,MORTGAGE,7.8,EDUCATION,E,33565,17.4,2.687,N,12,1
57,27674,RENT,0.1,EDUCATION,E,6564,20.03,0.237,N,29,0
48,30907,RENT,2.9,MEDICAL,A,6714,7.35,0.217,N,24,1
24,36421,MORTGAGE,4.4,DEBTCONSOLIDATION,D,32356,13.43,0.888,N,9,1
28,32952,MORTGAGE,15.7,VENTURE,C,5571,,0.169,N,10,0
21,84177,MORTGAGE,,EDUCATION,F,11314,20.43,0.134,N,6,0
20,32005,RENT,0.9,MEDICAL,B,29260,10.69,0.914,N,3,1
59,33344,MORTGAGE,3.6,MEDICAL,C,6720,14.7,0.202,N,11,0
49,53402,RENT,2.5,VENTURE,B,12658,6.86,0.237,N,29,0
30,26744,RENT,3.3,EDUCATION,A,27242,7.28,1.019,Y,14,1
47,115866,RENT,1.1,DEBTCONSOLIDATION,A,23845,8.06,0.206,Y,16,0
63,76205,MORTGAGE,3.5,EDUCATION,A,29454,8.34,0.387,Y,22,0
31,25785,RENT,0.8,HOMEIMPROVEMENT,B,17112,11.46,0.664,Y,15,1
58,85606,RENT,6.8,EDUCATION,A,30331,8.11,0.354,N,12,0
45,95984,RENT,4.5,MEDICAL,C,29294,12.6,0.305,N,15,0
32,26156,MORTGAGE,0.4,PERSONAL,C,2234,13.55,0.085,N,8,0
27,25826,OWN,11.0,VENTURE,F,10769,24.41,0.417,N,15,1
47,35040,OWN,4.8,PERSONAL,B,23023,,0.657,N,4,0
49,22508,RENT,1.9,EDUCATION,E,18268,,0.812,N,11,1
28,31915,RENT,0.2,DEBTCONSOLIDATION,C,15295,14.28,0.479,N,22,0
58,39337,RENT,5.0,DEBTCONSOLIDATION,B,19005,11.63,0.483,N,7,0
50,64684,MORTGAGE,2.3,MEDICAL,C,33850,11.94,0.523,N,7,0
40,51260,RENT,11.9,PERSONAL,C,29444,12.97,0.574,N,21,1
53,45188,RENT,0.2,VENTURE,A,20280,6.66,0.449,N,4,0
50,37581,MORTGAGE,0.2,HOMEIMPROVEMENT,D,8029,17.11,0.214,N,17,0
44,23875,RENT,14.9,PERSONAL,C,16584,12.51,0.695,N,12,0
31,67876,RENT,16.7,DEBTCONSOLIDATION,G,10706,24.24,0.158,N,21,1
20,67047,RENT,0.1,HOMEIMPROVEMENT,E,26946,20.31,0.402,N,18,1
41,34917,RENT,6.3,DEBTCONSOLIDATION,C,32384,11.55,0.927,Y,25,1
59,26752,MORTGAGE,1.3,EDUCATION,C,31204,13.22,1.166,N,13,0
56,115365,OTHER,6.0,EDUCATION,F,29672,21.13,0.257,N,4,0
20,56145,RENT,10.2,VENTURE,F,33071,23.31,0.589,N,5,1
20,60981,RENT,0.5,HOMEIMPROVEMENT,D,24668,15.27,0.405,N,12,1
61,62447,OWN,1.4,HOMEIMPROVEMENT,D,7190,16.04,0.115,N,10,0
61,25301,OWN,0.1,VENTURE,A,23056,5.0,0.911,N,27,0
40,111815,RENT,0.2,DEBTCONSOLIDATION,D,3605,16.0,0.032,N,26,0
34,39264,MORTGAGE,,PERSONAL,A,20917,6.79,0.533,N,7,0
36,77043,RENT,8.1,VENTURE,C,5457,13.09,0.071,N,21,0
41,109331,MORTGAGE,1.8,EDUCATION,B,32556,11.56,0.298,N,28,0
57,51264,OTHER,3.4,HOMEIMPROVEMENT,B,26960,10.72,0.526,Y,25,0
54,25595,MORTGAGE,7.8,MEDICAL,B,32887,10.47,1.285,N,24,0
64,12438,MORTGAGE,3.4,DEBTCONSOLIDATION,D,24764,15.11,1.991,N,23,1
35,47995,RENT,,MEDICAL,D,25525,18.56,0.532,Y,23,1
27,56251,MORTGAGE,0.1,EDUCATION,B,7673,7.79,0.136,N,10,0
36,35616,MORTGAGE,4.2,HOMEIMPROVEMENT,C,32784,11.56,0.92,N,21,0
36,52819,MORTGAGE,0.7,HOMEIMPROVEMENT,G,4931,24.08,0.093,N,15,0
45,62111,RENT,7.2,VENTURE,B,26967,10.23,0.434,N,7,0
32,84682,MORTGAGE,,PERSONAL,C,17276,13.05,0.204,N,17,0
36,43229,MORTGAGE,5.6,VENTURE,C,2515,12.09,0.058,Y,19,1
57,47813,RENT,5.2,MEDICAL,E,11288,19.21,0.236,N,10,0
36,44434,RENT,4.8,HOMEIMPROVEMENT,B,29594,11.39,0.666,N,8,0
33,49934,RENT,1.6,PERSONAL,G,24290,25.07,0.486,N,25,1
64,36965,MORTGAGE,1.6,VENTURE,B,3821,8.49,0.103,N,19,0
25,36868,MORTGAGE,9.9,PERSONAL,A,24748,6.88,0.671,N,13,0
54,38167,MORTGAGE,0.1,DEBTCONSOLIDATION,A,33514,6.02,0.878,N,6,1
65,53420,RENT,1.0,DEBTCONSOLIDATION,B,26221,8.32,0.491,N,15,0
33,30760,OWN,4.7,MEDICAL,C,2334,13.05,0.076,N,26,0
27,38252,MORTGAGE,8.5,PERSONAL,B,22128,,0.578,N,15,0
34,132551,RENT,2.2,DEBTCONSOLIDATION,B,16396,9.6,0.124,N,4,0
46,80259,RENT,5.3,HOMEIMPROVEMENT,C,16221,13.51,0.202,Y,8,0
32,28958,RENT,4.1,DEBTCONSOLIDATION,D,30656,16.38,1.059,N,17,1
50,78871,OWN,0.3,PERSONAL,D,31834,17.45,0.404,Y,22,0
54,69221,RENT,,PERSONAL,C,8710,10.94,0.126,Y,23,1
25,46297,RENT,8.4,VENTURE,F,19843,21.75,0.429,N,22,1
24,33210,RENT,24.4,PERSONAL,C,19025,14.21,0.573,N,23,1
41,31199,MORTGAGE,0.2,PERSONAL,A,30550,,0.979,N,10,1
42,55443,RENT,5.4,MEDICAL,B,8819,9.8,0.159,N,24,0
44,30778,RENT,2.7,PERSONAL,B,33204,10.24,1.079,N,18,1
53,89632,RENT,0.0,VENTURE,C,27104,11.68,0.302,N,10,0
45,104761,RENT,4.8,VENTURE,E,23409,18.19,0.223,N,19,0
24,47880,RENT,0.7,HOMEIMPROVEMENT,D,18767,14.57,0.392,N,15,0
45,91704,MORTGAGE,2.4,DEBTCONSOLIDATION,A,11915,7.33,0.13,N,5,0
39,39091,MORTGAGE,,MEDICAL,B,16278,,0.416,N,16,0
25,33093,MORTGAGE,2.2,EDUCATION,C,20949,12.08,0.633,N,5,0
25,89783,MORTGAGE,3.4,HOMEIMPROVEMENT,G,3058,24.14,0.034,N,6,0
37,116882,RENT,,PERSONAL,A,15307,,0.131,N,27,0
23,144312,MORTGAGE,4.0,DEBTCONSOLIDATION,B,17644,8.13,0.122,N,5,0
36,58862,RENT,1.4,MEDICAL,G,7147,,0.121,N,25,1
33,78760,RENT,5.0,HOMEIMPROVEMENT,F,2803,22.9,0.036,N,10,1
33,58153,OWN,,VENTURE,B,31511,11.25,0.542,N,12,0
32,106070,MORTGAGE,1.3,MEDICAL,A,12048,6.49,0.114,N,15,0
26,62212,MORTGAGE,3.5,MEDICAL,C,13952,12.5,0.224,Y,28,0
63,76328,OWN,5.2,PERSONAL,E,32123,18.06,0.421,N,13,0
34,26252,OTHER,4.2,MEDICAL,B,20610,10.7,0.785,N,19,0
38,43168,MORTGAGE,,DEBTCONSOLIDATION,E,31982,18.58,0.741,Y,13,1
62,76687,MORTGAGE,5.1,DEBTCONSOLIDATION,B,21836,9.03,0.285,N,10,0
63,72997,MORTGAGE,0.1,MEDICAL,C,25219,12.58,0.345,N,3,0
54,80370,RENT,2.3,EDUCATION,C,19623,13.45,0.244,N,20,0
36,52384,RENT,3.8,PERSONAL,B,29272,8.48,0.559,N,7,1
54,34248,MORTGAGE,0.1,MEDICAL,B,33092,8.86,0.966,N,14,1
38,47457,RENT,3.5,MEDICAL,B,25280,11.62,0.533,N,26,0
39,50305,RENT,5.3,EDUCATION,D,6421,14.91,0.128,Y,16,0
55,55991,RENT,7.1,EDUCATION,A,19058,8.74,0.34,N,24,0
54,28786,RENT,0.6,VENTURE,C,7600,12.37,0.264,N,25,0
51,42352,OWN,23.3,PERSONAL,C,8457,11.37,0.2,N,3,0
63,46687,MORTGAGE,4.7,EDUCATION,C,2724,14.64,0.058,N,26,0
59,14282,MORTGAGE,2.3,MEDICAL,E,25802,21.09,1.807,N,17,1
43,77487,OWN,1.4,EDUCATION,C,8891,12.3,0.115,Y,7,0
36,53648,OWN,4.3,HOMEIMPROVEMENT,C,24220,14.31,0.451,N,15,0
26,56722,MORTGAGE,,VENTURE,C,17317,13.12,0.305,N,20,0
62,36918,OWN,3.7,VENTURE,C,12548,13.19,0.34,N,16,0
20,67672,RENT,5.4,DEBTCONSOLIDATION,A,18171,,0.269,N,19,0
54,31021,RENT,2.2,PERSONAL,E,2384,,0.077,N,13,0
51,33821,RENT,2.5,VENTURE,A,29406,7.12,0.869,N,3,0
55,69257,MORTGAGE,1.7,PERSONAL,C,4917,13.01,0.071,N,27,0
32,59661,MORTGAGE,6.1,HOMEIMPROVEMENT,C,32227,12.31,0.54,N,26,1
25,24277,MORTGAGE,2.2,DEBTCONSOLIDATION,A,27796,,1.145,N,21,0
33,116722,MORTGAGE,1.1,MEDICAL,A,21673,5.62,0.186,N,25,0
56,32300,RENT,2.3,HOMEIMPROVEMENT,A,5983,5.0,0.185,N,17,1
34,45573,RENT,9.6,PERSONAL,A,16313,,0.358,N,28,0
23,128121,MORTGAGE,6.7,PERSONAL,E,7262,17.99,0.057,N,24,0
59,15789,RENT,2.0,PERSONAL,D,28025,14.03,1.775,Y,22,1
35,19178,MORTGAGE,11.9,MEDICAL,A,24152,6.01,1.259,N,28,1
47,62508,MORTGAGE,0.4,DEBTCONSOLIDATION,B,11552,9.36,0.185,N,21,0
35,12541,MORTGAGE,0.3,DEBTCONSOLIDATION,E,17652,18.34,1.408,Y,23,1
23,15931,RENT,0.7,PERSONAL,A,15654,8.67,0.983,Y,27,0
64,93557,MORTGAGE,0.6,HOMEIMPROVEMENT,G,23360,24.29,0.25,N,16,0
45,39148,MORTGAGE,0.5,DEBTCONSOLIDATION,A,5412,8.73,0.138,N,9,0
47,164037,OTHER,5.4,MEDICAL,D,6301,15.1,0.038,N,22,0
51,27746,MORTGAGE,4.6,HOMEIMPROVEMENT,B,29401,10.58,1.06,N,3,0
64,41144,MORTGAGE,5.2,MEDICAL,A,7505,5.8,0.182,N,15,0
21,65995,RENT,5.8,PERSONAL,A,26861,9.06,0.407,N,5,0
50,63534,MORTGAGE,7.1,DEBTCONSOLIDATION,C,23255,14.47,0.366,N,12,0
22,42608,OWN,1.2,MEDICAL,B,26807,10.9,0.629,N,18,0
27,34315,RENT,4.9,EDUCATION,C,20097,15.37,0.586,N,26,0
43,55672,RENT,4.3,HOMEIMPROVEMENT,A,26007,8.04,0.467,N,23,0
34,104536,RENT,14.4,EDUCATION,B,5291,10.53,0.051,N,8,0
62,74573,MORTGAGE,1.3,EDUCATION,B,26442,8.37,0.355,N,2,0
50,34618,RENT,0.3,PERSONAL,B,34925,7.17,1.009,Y,22,1
28,28410,RENT,5.3,PERSONAL,A,3243,5.45,0.114,N,10,0
58,33488,OWN,6.7,EDUCATION,B,15546,7.98,0.464,N,18,0
64,24329,MORTGAGE,,MEDICAL,C,32860,12.04,1.351,N,2,1
21,53160,RENT,4.2,PERSONAL,F,20366,23.31,0.383,N,28,1
27,76694,RENT,0.3,HOMEIMPROVEMENT,D,13288,14.72,0.173,Y,3,1
26,47134,RENT,16.1,EDUCATION,A,34143,6.45,0.724,N,20,0
63,126231,MORTGAGE,0.6,HOMEIMPROVEMENT,A,2915,7.07,0.023,Y,23,0
58,130154,RENT,0.3,DEBTCONSOLIDATION,A,9467,7.11,0.073,N,12,0
61,58061,MORTGAGE,0.2,HOMEIMPROVEMENT,A,20788,6.29,0.358,Y,23,0
35,72118,MORTGAGE,2.8,HOMEIMPROVEMENT,A,27908,8.43,0.387,N,11,0
54,29874,MORTGAGE,0.5,EDUCATION,A,14481,7.03,0.485,N,11,1
49,40197,RENT,6.8,VENTURE,A,33675,7.2,0.838,N,2,0
29,98690,MORTGAGE,11.5,DEBTCONSOLIDATION,A,24678,9.97,0.25,N,4,0
57,35646,MORTGAGE,1.5,PERSONAL,B,17191,,0.482,N,17,0
37,111085,RENT,5.0,HOMEIMPROVEMENT,A,29678,7.02,0.267,N,14,0
24,90391,RENT,0.2,EDUCATION,A,31082,7.66,0.344,N,10,0
48,74116,MORTGAGE,2.4,VENTURE,C,29261,11.89,0.395,N,9,0
58,25719,MORTGAGE,1.7,EDUCATION,A,24851,5.0,0.966,N,12,1
53,41291,RENT,1.3,PERSONAL,A,17248,,0.418,N,10,0
62,69864,MORTGAGE,5.2,EDUCATION,A,26902,5.73,0.385,N,12,0
64,28505,MORTGAGE,0.7,MEDICAL,B,26374,10.68,0.925,N,25,1
42,44154,OWN,9.9,DEBTCONSOLIDATION,D,15478,18.58,0.351,Y,26,1
24,74137,RENT,5.5,MEDICAL,A,15419,5.0,0.208,N,24,0
49,35864,MORTGAGE,6.2,HOMEIMPROVEMENT,C,13113,10.27,0.366,N,27,0
25,30774,RENT,13.7,EDUCATION,C,20472,,0.665,N,14,0
65,18207,MORTGAGE,14.3,EDUCATION,C,9416,13.97,0.517,Y,15,1
63,39630,MORTGAGE,4.0,HOMEIMPROVEMENT,E,29454,20.5,0.743,N,10,1
23,75000,RENT,3.4,HOMEIMPROVEMENT,E,25289,19.97,0.337,N,4,1
48,30330,MORTGAGE,2.0,DEBTCONSOLIDATION,A,2106,7.35,0.069,N,23,0
42,49505,RENT,6.3,VENTURE,B,21363,10.02,0.432,N,7,0
25,43333,MORTGAGE,3.9,EDUCATION,C,16836,13.15,0.389,Y,15,0
51,33974,RENT,13.5,PERSONAL,F,33586,23.42,0.989,Y,14,1
61,77709,MORTGAGE,1.4,PERSONAL,D,14854,,0.191,N,2,0
37,120964,RENT,,PERSONAL,A,3665,7.05,0.03,N,29,0
34,85168,MORTGAGE,1.9,HOMEIMPROVEMENT,A,5672,5.61,0.067,N,15,0
59,33430,MORTGAGE,8.2,HOMEIMPROVEMENT,D,27552,16.43,0.824,N,13,1
51,146649,MORTGAGE,0.5,HOMEIMPROVEMENT,B,2046,10.02,0.014,N,28,0
28,85031,RENT,3.0,PERSONAL,C,28011,16.1,0.329,Y,27,0
56,38118,MORTGAGE,2.8,VENTURE,C,12892,11.23,0.338,N,27,0
29,32002,RENT,0.4,DEBTCONSOLIDATION,A,24573,8.12,0.768,N,24,0
39,90814,MORTGAGE,2.6,MEDICAL,D,5328,15.39,0.059,N,4,0
25,53937,MORTGAGE,3.6,EDUCATION,E,30027,19.99,0.557,N,29,0
22,30701,MORTGAGE,0.3,MEDICAL,B,1487,10.9,0.048,Y,15,1
61,45185,MORTGAGE,3.6,EDUCATION,C,29426,12.65,0.651,N,3,1
30,39184,RENT,16.0,HOMEIMPROVEMENT,C,13429,11.76,0.343,N,24,0
62,31156,MORTGAGE,19.3,PERSONAL,A,6789,,0.218,N,11,0
36,85649,RENT,3.8,MEDICAL,A,11253,7.13,0.131,N,5,0
51,75353,OTHER,3.6,HOMEIMPROVEMENT,A,17258,6.13,0.229,Y,8,0
23,77745,OWN,,EDUCATION,E,13547,18.72,0.174,N,18,0
23,77154,MORTGAGE,29.2,DEBTCONSOLIDATION,B,25122,8.51,0.326,Y,11,0
36,29619,OWN,1.6,DEBTCONSOLIDATION,A,999,7.61,0.034,N,25,0
60,35170,RENT,3.0,MEDICAL,B,24642,8.93,0.701,N,3,0
38,109344,OWN,0.0,MEDICAL,A,2533,,0.023,N,25,0
24,52021,RENT,2.1,MEDICAL,A,26245,8.58,0.505,Y,25,0
51,21834,MORTGAGE,0.4,MEDICAL,B,4363,10.18,0.2,N,26,0
41,55233,MORTGAGE,6.8,MEDICAL,B,10376,10.91,0.188,N,21,0
25,70272,RENT,4.1,HOMEIMPROVEMENT,C,803,11.85,0.011,N,16,0
54,65396,RENT,4.2,EDUCATION,C,18908,,0.289,N,13,0
41,29265,RENT,1.7,EDUCATION,C,33717,13.52,1.152,N,2,1
20,138371,OTHER,8.4,VENTURE,B,26016,8.84,0.188,Y,11,0
39,21475,RENT,0.0,PERSONAL,C,28276,13.07,1.317,N,25,1
41,52103,MORTGAGE,2.0,DEBTCONSOLIDATION,B,1033,9.49,0.02,N,10,0
30,127402,MORTGAGE,5.4,MEDICAL,B,11307,10.33,0.089,N,28,0
32,67874,RENT,11.9,DEBTCONSOLIDATION,B,2971,,0.044,N,15,0
61,77646,MORTGAGE,1.3,EDUCATION,B,6681,,0.086,N,10,0
22,27467,MORTGAGE,3.9,PERSONAL,A,19462,5.33,0.709,N,23,0
28,59330,RENT,3.9,PERSONAL,A,4258,5.62,0.072,Y,25,0
31,48043,MORTGAGE,10.4,HOMEIMPROVEMENT,B,17836,9.25,0.371,Y,25,0
42,26330,RENT,0.3,MEDICAL,C,30701,13.62,1.166,N,22,1
33,78888,RENT,2.8,VENTURE,B,26574,10.11,0.337,N,21,0
52,31234,MORTGAGE,1.0,PERSONAL,F,6858,22.11,0.22,N,11,1
37,33339,RENT,0.1,HOMEIMPROVEMENT,C,28367,11.83,0.851,Y,11,0
60,62188,OWN,0.8,MEDICAL,E,20459,18.97,0.329,N,12,0
28,45306,OWN,18.7,EDUCATION,C,11791,14.51,0.26,N,19,0
42,53804,MORTGAGE,1.2,VENTURE,A,29944,7.35,0.557,N,4,0
29,43805,RENT,13.7,MEDICAL,F,34181,,0.78,Y,28,1
38,106636,RENT,1.1,HOMEIMPROVEMENT,E,19921,18.39,0.187,N,13,0
24,29473,RENT,13.4,DEBTCONSOLIDATION,B,20939,9.42,0.71,N,4,0
42,37962,MORTGAGE,5.3,HOMEIMPROVEMENT,A,29080,,0.766,N,13,1
49,63872,MORTGAGE,0.6,HOMEIMPROVEMENT,A,21969,,0.344,N,23,0
44,28471,RENT,4.4,HOMEIMPROVEMENT,D,2522,15.86,0.089,N,24,0
47,27785,RENT,1.9,HOMEIMPROVEMENT,A,6260,7.22,0.225,N,23,0
53,52878,MORTGAGE,2.4,VENTURE,C,1450,12.53,0.027,N,12,1
64,78987,RENT,2.9,PERSONAL,C,9554,,0.121,N,15,0
44,84866,MORTGAGE,2.7,PERSONAL,A,13978,6.22,0.165,Y,18,0
29,51557,MORTGAGE,5.5,EDUCATION,C,10322,11.35,0.2,N,24,0
33,33871,MORTGAGE,7.3,PERSONAL,C,9374,13.33,0.277,N,13,1
61,57046,RENT,,HOMEIMPROVEMENT,B,18211,,0.319,N,26,0
65,66928,OWN,12.9,PERSONAL,B,11983,9.39,0.179,N,25,0
49,56614,RENT,13.9,DEBTCONSOLIDATION,D,14292,19.29,0.252,N,28,0
60,96644,OWN,0.2,DEBTCONSOLIDATION,B,8985,9.09,0.093,N,22,0
44,28063,RENT,0.1,PERSONAL,C,11531,12.11,0.411,N,5,0
33,33411,OWN,2.8,HOMEIMPROVEMENT,B,4849,10.92,0.145,N,6,0
54,89540,MORTGAGE,4.5,VENTURE,A,17796,7.75,0.199,N,4,0
53,21803,RENT,1.6,HOMEIMPROVEMENT,G,26264,25.8,1.205,Y,26,1
29,36436,MORTGAGE,1.5,PERSONAL,C,8373,14.29,0.23,N,16,0
54,32782,MORTGAGE,5.7,PERSONAL,B,10503,8.88,0.32,N,6,0
30,20737,RENT,4.6,EDUCATION,C,9361,13.45,0.451,Y,24,1
30,44226,RENT,0.9,HOMEIMPROVEMENT,C,26655,11.32,0.603,Y,24,1
40,73899,MORTGAGE,10.8,EDUCATION,A,34990,8.28,0.473,Y,18,0
40,53422,MORTGAGE,5.7,EDUCATION,E,21138,20.19,0.396,N,23,0
41,76098,MORTGAGE,2.3,MEDICAL,A,33165,8.25,0.436,N,5,0
64,94426,MORTGAGE,5.8,DEBTCONSOLIDATION,C,10303,12.94,0.109,N,20,0
26,39652,MORTGAGE,0.6,EDUCATION,B,16779,11.23,0.423,N,14,0
36,210189,MORTGAGE,3.2,DEBTCONSOLIDATION,B,22043,10.2,0.105,N,4,0
21,40539,MORTGAGE,0.9,PERSONAL,D,10285,17.66,0.254,N,15,1
31,43612,RENT,0.2,PERSONAL,C,28563,12.63,0.655,N,23,1
61,33216,OWN,2.1,MEDICAL,D,12648,15.61,0.381,N,18,1
37,66168,RENT,0.8,MEDICAL,B,24650,10.51,0.373,N,22,0
30,41782,RENT,,HOMEIMPROVEMENT,F,33441,20.49,0.8,Y,5,1
35,46939,MORTGAGE,5.6,MEDICAL,B,9050,9.72,0.193,N,11,0
37,43788,RENT,0.8,VENTURE,C,15403,12.94,0.352,Y,25,0
54,43245,RENT,0.1,PERSONAL,E,1442,,0.033,N,10,0
45,53479,RENT,7.9,PERSONAL,A,33696,7.12,0.63,N,25,1
35,38268,MORTGAGE,0.0,DEBTCONSOLIDATION,A,12343,7.59,0.323,N,24,0
25,39268,OWN,2.1,MEDICAL,G,16159,26.0,0.412,N,20,1
63,88438,MORTGAGE,3.4,DEBTCONSOLIDATION,F,2444,20.2,0.028,Y,9,1
62,41712,MORTGAGE,8.5,MEDICAL,D,2855,17.22,0.068,Y,2,1
61,60533,RENT,9.1,PERSONAL,B,21257,,0.351,N,21,0
31,30054,RENT,6.5,MEDICAL,B,33015,8.91,1.099,N,4,0
32,38384,RENT,1.4,HOMEIMPROVEMENT,A,27497,9.45,0.716,N,28,0
23,24886,RENT,6.4,MEDICAL,B,4763,10.18,0.191,N,20,1
58,135935,RENT,1.4,MEDICAL,B,11567,8.75,0.085,Y,19,0
21,104454,RENT,1.2,HOMEIMPROVEMENT,A,11932,5.37,0.114,N,24,0
45,68016,RENT,4.0,HOMEIMPROVEMENT,B,31804,8.48,0.468,N,15,0
46,160028,MORTGAGE,5.7,HOMEIMPROVEMENT,B,16642,8.86,0.104,N,15,0
46,74881,OWN,0.3,DEBTCONSOLIDATION,C,8179,14.17,0.109,N,11,0
34,44596,OWN,0.3,PERSONAL,B,27200,10.66,0.61,N,4,0
27,60167,MORTGAGE,7.7,MEDICAL,E,1068,20.28,0.018,N,24,0
26,103614,RENT,9.8,HOMEIMPROVEMENT,B,2710,8.73,0.026,N,3,0
65,30206,MORTGAGE,4.6,HOMEIMPROVEMENT,B,27912,7.61,0.924,N,20,0
59,25718,RENT,2.8,PERSONAL,C,33611,13.77,1.307,N,29,1
31,61288,MORTGAGE,9.3,VENTURE,A,15885,6.92,0.259,Y,20,1
32,35498,MORTGAGE,6.5,MEDICAL,B,28127,9.04,0.792,Y,8,0
62,14144,MORTGAGE,4.3,VENTURE,C,13330,14.19,0.942,N,27,1
36,24745,OWN,,VENTURE,B,3083,11.56,0.125,N,5,0
36,41304,MORTGAGE,1.1,HOMEIMPROVEMENT,E,28305,21.07,0.685,N,13,0
55,50337,MORTGAGE,2.7,DEBTCONSOLIDATION,C,20076,11.76,0.399,Y,27,0
40,51168,RENT,1.7,PERSONAL,A,33421,8.48,0.653,N,8,0
27,147688,OWN,2.1,MEDICAL,B,11609,10.47,0.079,N,4,0
24,43730,RENT,3.6,MEDICAL,D,24133,15.25,0.552,N,27,1
45,57123,OWN,0.9,MEDICAL,C,32553,14.45,0.57,N,26,0
35,20045,RENT,8.2,DEBTCONSOLIDATION,E,11620,,0.58,N,3,0
55,48188,RENT,0.8,VENTURE,D,7944,15.25,0.165,N,13,0
47,58912,MORTGAGE,3.3,EDUCATION,A,11146,8.08,0.189,N,28,0
48,23008,RENT,6.9,PERSONAL,A,21105,6.26,0.917,N,20,0
31,29328,MORTGAGE,3.3,EDUCATION,C,5903,13.49,0.201,N,29,0
56,64154,RENT,2.2,VENTURE,A,11332,,0.177,N,7,0
49,36298,OWN,3.2,HOMEIMPROVEMENT,C,11182,13.21,0.308,Y,12,0
42,46332,MORTGAGE,,EDUCATION,D,3752,,0.081,Y,29,0
35,66001,MORTGAGE,23.2,EDUCATION,C,6440,11.85,0.098,Y,14,1
33,150283,RENT,5.0,PERSONAL,B,20791,10.25,0.138,N,16,0
29,43391,RENT,7.9,VENTURE,C,12917,12.37,0.298,N,23,0
26,129710,MORTGAGE,,PERSONAL,A,27404,5.85,0.211,Y,7,0
64,16691,RENT,10.6,HOMEIMPROVEMENT,C,26955,11.66,1.615,Y,27,1
56,53188,RENT,15.4,DEBTCONSOLIDATION,C,24688,11.68,0.464,N,9,0
48,40792,MORTGAGE,4.3,DEBTCONSOLIDATION,B,1975,9.27,0.048,N,9,0
22,36575,MORTGAGE,,DEBTCONSOLIDATION,A,9849,7.69,0.269,N,7,0
34,70399,RENT,3.6,MEDICAL,D,4434,14.36,0.063,N,9,0
55,43562,RENT,1.7,DEBTCONSOLIDATION,B,16410,10.1,0.377,N,18,0
65,16095,RENT,9.6,DEBTCONSOLIDATION,A,21874,7.45,1.359,N,8,1
38,20463,OWN,4.5,VENTURE,E,3020,20.2,0.148,N,20,0
32,72919,RENT,,DEBTCONSOLIDATION,D,24617,15.35,0.338,N,4,0
61,19920,OTHER,5.4,DEBTCONSOLIDATION,C,17661,,0.887,N,10,1
40,74002,RENT,9.7,HOMEIMPROVEMENT,B,11492,8.61,0.155,N,18,0
56,52502,RENT,6.6,HOMEIMPROVEMENT,F,10321,20.44,0.197,N,10,1
46,44638,MORTGAGE,1.2,EDUCATION,D,34809,,0.78,Y,22,1
48,46872,RENT,3.1,PERSONAL,C,30913,15.48,0.66,N,15,0
39,65063,MORTGAGE,19.6,EDUCATION,C,12929,13.79,0.199,Y,26,0
44,25652,OWN,4.0,EDUCATION,B,11243,8.54,0.438,N,2,0
25,50174,RENT,13.9,MEDICAL,A,30552,5.65,0.609,N,7,0
55,26193,MORTGAGE,8.4,PERSONAL,A,26040,7.74,0.994,N,18,1
21,53637,RENT,5.5,MEDICAL,B,32764,10.86,0.611,N,18,0
41,69951,RENT,2.1,DEBTCONSOLIDATION,D,7350,,0.105,Y,22,1
51,53705,RENT,1.8,HOMEIMPROVEMENT,A,16061,6.75,0.299,N,28,0
35,68509,OWN,5.2,DEBTCONSOLIDATION,D,11811,16.63,0.172,N,6,0
37,33355,RENT,2.8,MEDICAL,B,16830,8.76,0.505,N,18,0
24,47372,OWN,8.0,HOMEIMPROVEMENT,B,26069,,0.55,N,19,0
55,43006,MORTGAGE,,EDUCATION,B,16125,10.42,0.375,N,20,0
49,41485,RENT,1.9,DEBTCONSOLIDATION,B,23272,9.03,0.561,N,20,1
64,31560,MORTGAGE,6.1,MEDICAL,B,25337,9.9,0.803,N,24,0
38,38657,MORTGAGE,3.4,DEBTCONSOLIDATION,B,27067,14.16,0.7,N,19,0
42,26582,MORTGAGE,,PERSONAL,D,20306,15.65,0.764,N,16,0
53,19306,MORTGAGE,2.7,MEDICAL,C,17371,13.68,0.9,N,4,0
32,33343,OWN,11.3,HOMEIMPROVEMENT,D,8113,17.0,0.243,N,15,1
62,69166,RENT,2.2,VENTURE,C,15615,13.23,0.226,N,2,0
48,55755,OWN,1.7,DEBTCONSOLIDATION,D,11898,15.52,0.213,N,18,0
55,24559,MORTGAGE,2.2,DEBTCONSOLIDATION,A,28723,6.13,1.17,N,2,0
41,39210,MORTGAGE,1.2,PERSONAL,G,30058,24.79,0.767,N,18,0
55,71743,MORTGAGE,3.9,HOMEIMPROVEMENT,B,13166,9.83,0.184,Y,5,0
28,38304,MORTGAGE,0.8,DEBTCONSOLIDATION,C,27456,14.53,0.717,N,2,0
58,22476,MORTGAGE,8.5,VENTURE,C,24439,14.92,1.087,N,21,1
38,169684,MORTGAGE,1.3,DEBTCONSOLIDATION,C,17160,15.17,0.101,N,23,0
57,44719,RENT,4.6,PERSONAL,G,10391,24.58,0.232,N,4,0
25,25849,MORTGAGE,0.7,VENTURE,A,30586,8.26,1.183,N,4,0
34,53862,RENT,19.2,EDUCATION,B,31296,10.34,0.581,Y,13,0
39,46766,RENT,3.0,EDUCATION,A,16240,5.71,0.347,N,12,0
28,20998,RENT,8.6,DEBTCONSOLIDATION,A,5862,5.22,0.279,N,6,0
51,51603,RENT,7.3,MEDICAL,C,4428,12.61,0.086,N,27,0
23,84208,RENT,6.3,MEDICAL,A,27617,6.83,0.328,N,14,0
37,43126,OWN,8.8,MEDICAL,E,13038,17.93,0.302,N,13,1
24,15786,RENT,,MEDICAL,C,19723,14.48,1.249,Y,3,1
39,59163,MORTGAGE,5.7,DEBTCONSOLIDATION,B,777,11.79,0.013,N,21,0
42,68295,RENT,1.5,VENTURE,B,4766,9.78,0.07,N,2,0
30,35506,RENT,7.7,PERSONAL,A,34787,8.84,0.98,N,27,0
56,35650,RENT,15.7,PERSONAL,E,29449,19.51,0.826,N,29,1
41,169705,RENT,11.6,MEDICAL,C,11074,,0.065,N,10,0
23,34131,MORTGAGE,0.6,EDUCATION,B,34733,7.56,1.018,N,4,1
48,26448,MORTGAGE,2.3,HOMEIMPROVEMENT,A,34347,7.41,1.299,N,25,1
63,49702,RENT,2.3,MEDICAL,B,15933,9.81,0.321,N,21,1
53,67249,MORTGAGE,0.7,MEDICAL,A,32025,5.88,0.476,N,7,0
32,65698,OWN,0.5,DEBTCONSOLIDATION,D,26337,,0.401,N,27,1
61,12614,RENT,2.4,EDUCATION,C,32599,15.63,2.584,N,12,1
28,34084,RENT,24.2,HOMEIMPROVEMENT,B,33517,10.09,0.983,N,21,1
61,92419,MORTGAGE,4.2,VENTURE,E,1496,18.49,0.016,N,21,0
50,58669,RENT,4.9,VENTURE,A,12666,6.16,0.216,N,12,0
26,24842,OTHER,3.2,HOMEIMPROVEMENT,B,25903,,1.043,N,16,1
23,97083,MORTGAGE,5.4,HOMEIMPROVEMENT,C,17287,13.98,0.178,Y,7,0
38,83340,MORTGAGE,15.7,VENTURE,A,4576,6.49,0.055,N,9,0
61,41642,RENT,4.4,MEDICAL,B,4463,9.84,0.107,N,10,0
49,79515,MORTGAGE,0.3,MEDICAL,C,8546,12.51,0.107,N,19,0
50,147246,RENT,3.4,DEBTCONSOLIDATION,B,8456,11.93,0.057,N,7,0
54,27449,OWN,24.6,EDUCATION,B,21106,8.3,0.769,N,18,1
40,66535,MORTGAGE,2.5,HOMEIMPROVEMENT,C,31596,13.82,0.475,N,24,0
50,146132,RENT,4.5,MEDICAL,B,13362,11.04,0.091,N,27,0
38,70204,MORTGAGE,0.6,MEDICAL,A,8931,6.11,0.127,Y,17,0
50,32373,RENT,0.8,EDUCATION,A,24601,7.73,0.76,Y,20,1
51,55904,RENT,10.4,HOMEIMPROVEMENT,B,30585,9.8,0.547,N,26,0
21,104134,MORTGAGE,1.8,EDUCATION,A,28290,7.98,0.272,N,23,0
29,28038,MORTGAGE,1.8,EDUCATION,E,2804,17.84,0.1,N,17,1
21,48216,MORTGAGE,2.4,VENTURE,D,19418,16.32,0.403,N,14,0
21,42876,RENT,17.0,EDUCATION,B,10063,10.09,0.235,N,13,0
43,34638,MORTGAGE,,HOMEIMPROVEMENT,D,19476,16.65,0.562,Y,10,1
36,55985,RENT,8.5,MEDICAL,C,5771,10.14,0.103,N,7,0
51,46379,MORTGAGE,2.1,MEDICAL,A,31465,6.14,0.678,N,5,0
35,69831,MORTGAGE,9.5,VENTURE,C,8787,13.7,0.126,Y,7,0
35,91815,MORTGAGE,24.0,HOMEIMPROVEMENT,C,26553,15.1,0.289,N,18,0
65,24341,OWN,2.1,MEDICAL,A,17991,8.26,0.739,N,27,1
58,50875,OWN,0.7,EDUCATION,B,24524,10.48,0.482,N,25,0
50,47609,OTHER,0.8,PERSONAL,A,33918,5.98,0.712,Y,11,0
62,54823,OTHER,7.1,PERSONAL,B,22512,,0.411,N,9,1
43,48605,MORTGAGE,0.8,PERSONAL,B,28594,10.7,0.588,N,4,0
20,28584,OWN,1.5,PERSONAL,C,23699,15.14,0.829,N,16,0
30,109110,OWN,1.1,EDUCATION,A,18320,5.94,0.168,N,22,0
40,137918,MORTGAGE,2.2,MEDICAL,A,16272,6.55,0.118,N,22,0
23,66223,RENT,0.4,VENTURE,B,29604,12.41,0.447,N,20,0
26,68115,RENT,9.7,EDUCATION,D,26055,,0.383,N,28,0
45,52684,MORTGAGE,9.8,MEDICAL,B,14913,10.59,0.283,N,12,0
31,83538,MORTGAGE,2.7,HOMEIMPROVEMENT,B,27854,8.73,0.333,N,7,0
50,12788,MORTGAGE,4.7,MEDICAL,B,17587,9.59,1.375,N,28,1
36,48916,RENT,5.1,MEDICAL,D,27501,16.39,0.562,N,10,0
52,35776,RENT,6.9,MEDICAL,B,18095,9.54,0.506,N,12,0
30,53114,MORTGAGE,3.7,EDUCATION,A,27831,7.22,0.524,N,29,0
47,89406,OWN,3.6,MEDICAL,A,10106,7.31,0.113,N,4,0
51,49536,RENT,5.0,MEDICAL,A,10577,7.09,0.214,N,10,0
20,40204,OWN,6.1,HOMEIMPROVEMENT,B,8631,9.1,0.215,N,14,0
47,22656,MORTGAGE,2.1,HOMEIMPROVEMENT,A,15650,7.99,0.691,N,25,0
61,46161,RENT,2.0,PERSONAL,B,7959,10.22,0.172,Y,6,0
26,70951,RENT,1.6,DEBTCONSOLIDATION,C,10882,12.2,0.153,N,14,0
21,30865,RENT,4.0,EDUCATION,B,31002,9.03,1.004,N,16,1
61,16287,RENT,2.2,MEDICAL,C,17945,11.76,1.102,Y,10,1
43,171241,MORTGAGE,3.9,PERSONAL,B,25190,11.45,0.147,N,8,0
23,58944,RENT,2.6,PERSONAL,F,28162,21.14,0.478,N,4,0
63,43396,RENT,9.1,EDUCATION,F,28743,20.91,0.662,N,27,1
38,105350,MORTGAGE,0.4,DEBTCONSOLIDATION,D,9002,14.81,0.085,Y,14,0
45,52987,MORTGAGE,4.2,PERSONAL,F,26865,,0.507,N,19,1
30,101988,MORTGAGE,4.3,PERSONAL,A,30421,9.64,0.298,N,12,0
59,97294,RENT,2.4,EDUCATION,D,17728,16.11,0.182,N,22,0
62,24319,MORTGAGE,2.7,VENTURE,B,21004,8.94,0.864,N,4,0
30,63132,OWN,8.1,PERSONAL,C,9473,12.59,0.15,Y,29,0
64,126615,MORTGAGE,1.6,HOMEIMPROVEMENT,B,30372,8.49,0.24,N,17,0
22,28303,OWN,10.3,PERSONAL,B,13161,10.22,0.465,N,11,0
31,28495,MORTGAGE,11.3,EDUCATION,F,17558,21.82,0.616,N,10,1
22,31273,MORTGAGE,5.3,EDUCATION,A,9976,8.34,0.319,N,16,0
61,79995,MORTGAGE,7.4,DEBTCONSOLIDATION,D,33112,15.16,0.414,N,12,0
46,57320,RENT,4.7,VENTURE,C,1985,13.43,0.035,N,27,0
21,16904,RENT,3.7,VENTURE,B,26609,10.02,1.574,N,24,1
35,59131,RENT,17.0,DEBTCONSOLIDATION,B,5870,8.97,0.099,N,11,1
21,42678,RENT,1.7,DEBTCONSOLIDATION,A,15401,7.43,0.361,N,27,0
49,46085,RENT,0.8,HOMEIMPROVEMENT,E,7330,,0.159,N,25,0
39,30934,OWN,1.7,HOMEIMPROVEMENT,F,34002,23.19,1.099,N,7,1
57,59369,RENT,4.8,PERSONAL,D,16548,16.48,0.279,Y,26,0
47,87356,OTHER,1.0,VENTURE,D,4067,15.42,0.047,Y,7,0
44,34438,MORTGAGE,,HOMEIMPROVEMENT,A,1520,8.07,0.044,Y,14,0
51,19431,RENT,2.6,PERSONAL,B,13361,10.35,0.688,N,16,1
29,41493,MORTGAGE,9.5,MEDICAL,B,10634,9.38,0.256,N,29,0
61,74306,RENT,1.4,PERSONAL,C,6992,14.14,0.094,Y,14,0
59,38887,OTHER,1.9,HOMEIMPROVEMENT,A,6659,8.04,0.171,Y,4,1
52,21511,MORTGAGE,,PERSONAL,C,33476,11.92,1.556,N,3,1
32,74591,RENT,1.5,MEDICAL,C,9665,12.13,0.13,N,2,0
60,106770,OWN,3.4,HOMEIMPROVEMENT,A,7327,7.15,0.069,N,10,0
61,49563,MORTGAGE,14.6,PERSONAL,A,21818,6.58,0.44,N,23,0
56,20268,RENT,2.5,HOMEIMPROVEMENT,A,27762,6.61,1.37,N,5,1
35,41158,MORTGAGE,,DEBTCONSOLIDATION,D,30202,15.05,0.734,N,22,1
64,53281,MORTGAGE,2.8,DEBTCONSOLIDATION,B,25611,10.21,0.481,N,15,0
41,31402,RENT,0.2,PERSONAL,A,25457,7.27,0.811,N,25,0
39,67565,MORTGAGE,3.5,EDUCATION,D,16157,,0.239,N,15,0
62,29759,RENT,0.3,HOMEIMPROVEMENT,A,7406,6.54,0.249,N,18,0
46,49716,MORTGAGE,10.8,HOMEIMPROVEMENT,B,3562,9.32,0.072,N,15,0
60,43235,RENT,7.0,DEBTCONSOLIDATION,D,6625,16.33,0.153,N,9,0
35,68783,OWN,2.4,DEBTCONSOLIDATION,C,11879,13.69,0.173,N,8,0
53,48637,MORTGAGE,5.1,HOMEIMPROVEMENT,C,26282,13.87,0.54,N,10,0
51,43999,RENT,0.6,HOMEIMPROVEMENT,A,5750,6.56,0.131,Y,21,0
45,31521,RENT,6.1,DEBTCONSOLIDATION,A,6493,7.64,0.206,N,28,1
44,49967,RENT,8.7,PERSONAL,C,25350,11.2,0.507,Y,22,1
21,42484,MORTGAGE,8.6,VENTURE,A,23754,8.6,0.559,N,9,0
31,30369,RENT,1.7,PERSONAL,E,7559,18.17,0.249,N,4,0
59,53515,MORTGAGE,1.5,MEDICAL,B,4372,8.38,0.082,N,27,0
28,59885,OWN,3.7,EDUCATION,B,8962,9.17,0.15,N,28,0
31,40695,MORTGAGE,17.2,PERSONAL,A,3521,8.74,0.087,N,2,0
45,81827,RENT,12.7,PERSONAL,E,956,19.76,0.012,N,18,1
28,56680,RENT,2.2,HOMEIMPROVEMENT,C,22802,,0.402,N,12,1
29,24194,MORTGAGE,7.6,MEDICAL,B,30534,10.36,1.262,N,28,1
51,102289,MORTGAGE,12.7,HOMEIMPROVEMENT,C,32420,,0.317,N,27,0
53,74745,MORTGAGE,1.5,DEBTCONSOLIDATION,B,5701,9.57,0.076,N,17,0
39,85051,MORTGAGE,8.9,HOMEIMPROVEMENT,B,27083,8.43,0.318,N,7,0
58,61100,RENT,1.6,VENTURE,B,20641,10.44,0.338,Y,3,0
21,13551,OWN,2.1,EDUCATION,B,9766,10.09,0.721,Y,10,0
20,89405,RENT,,VENTURE,B,12732,10.6,0.142,Y,22,0
55,50687,MORTGAGE,3.5,HOMEIMPROVEMENT,A,19198,8.0,0.379,N,12,0
43,59532,MORTGAGE,,EDUCATION,A,20446,7.48,0.343,N,26,0
46,65986,RENT,3.8,PERSONAL,A,21829,6.89,0.331,N,25,0
21,142194,MORTGAGE,,MEDICAL,A,28106,6.94,0.198,N,25,0
50,36300,MORTGAGE,1.5,VENTURE,E,13784,19.58,0.38,N,6,1
33,36819,MORTGAGE,4.1,MEDICAL,C,23284,11.24,0.632,N,28,0
21,30697,RENT,4.4,HOMEIMPROVEMENT,F,32204,21.16,1.049,N,29,1
48,27215,RENT,4.3,EDUCATION,B,18940,12.52,0.696,N,19,0
34,27492,RENT,0.4,DEBTCONSOLIDATION,B,29082,9.43,1.058,N,12,0
31,17703,RENT,7.0,PERSONAL,C,13159,13.81,0.743,N,28,1
56,61985,OWN,12.0,EDUCATION,C,30980,12.53,0.5,N,14,0
47,146282,MORTGAGE,3.6,DEBTCONSOLIDATION,B,11062,,0.076,N,12,0
39,151503,RENT,6.3,MEDICAL,C,1866,,0.012,N,7,0
58,30674,OWN,,MEDICAL,C,33216,,1.083,N,28,0
43,42205,MORTGAGE,,PERSONAL,D,20845,15.36,0.494,N,22,0
40,96600,RENT,5.6,DEBTCONSOLIDATION,C,26247,10.56,0.272,N,17,0
29,62180,RENT,6.4,DEBTCONSOLIDATION,F,19123,20.31,0.308,N,20,0
65,52785,RENT,1.5,PERSONAL,F,26436,,0.501,N,15,1
33,42565,OTHER,4.4,EDUCATION,B,10187,9.18,0.239,Y,27,0
56,93719,MORTGAGE,9.2,VENTURE,A,15242,6.02,0.163,Y,10,0
37,27168,OWN,1.8,EDUCATION,A,18442,6.48,0.679,N,24,0
43,63862,RENT,11.4,MEDICAL,A,4957,5.0,0.078,N,14,0
33,59261,OWN,4.8,EDUCATION,A,16916,5.06,0.285,N,29,0
53,50204,RENT,2.8,HOMEIMPROVEMENT,B,14828,10.77,0.295,N,29,0
31,75603,OTHER,4.9,EDUCATION,A,18668,7.62,0.247,N,15,0
41,49938,OWN,2.6,EDUCATION,C,11488,13.67,0.23,Y,26,1
25,36534,RENT,9.1,DEBTCONSOLIDATION,A,13407,7.73,0.367,N,27,0
55,51579,MORTGAGE,3.3,HOMEIMPROVEMENT,B,8962,10.53,0.174,Y,28,0
64,20421,MORTGAGE,11.6,MEDICAL,A,12562,8.73,0.615,N,5,0
55,68664,OWN,3.6,PERSONAL,D,8839,16.72,0.129,N,4,0
41,79025,RENT,5.4,EDUCATION,D,28765,16.04,0.364,Y,3,0
33,34161,MORTGAGE,30.5,VENTURE,B,9234,11.85,0.27,N,22,0
35,29971,OWN,0.8,DEBTCONSOLIDATION,E,29440,19.64,0.982,N,18,0
55,34861,MORTGAGE,6.7,DEBTCONSOLIDATION,A,868,7.69,0.025,N,7,0
44,47350,RENT,0.7,PERSONAL,D,15235,15.4,0.322,N,3,0
51,55201,MORTGAGE,9.1,VENTURE,C,10844,13.04,0.196,N,13,0
52,119195,RENT,4.5,EDUCATION,B,1279,8.63,0.011,N,13,0
64,111190,MORTGAGE,13.9,VENTURE,A,15724,5.18,0.141,N,26,0
55,77446,RENT,10.0,DEBTCONSOLIDATION,A,31944,5.0,0.412,N,22,0
39,52401,RENT,0.4,PERSONAL,E,10175,18.74,0.194,N,19,0
37,29442,MORTGAGE,0.7,VENTURE,C,19369,14.64,0.658,N,5,1
57,123475,RENT,4.6,VENTURE,A,12132,7.52,0.098,N,7,0
22,42778,MORTGAGE,3.7,PERSONAL,B,4669,11.04,0.109,Y,21,1
42,57225,MORTGAGE,0.9,PERSONAL,A,26091,5.96,0.456,N,22,0
51,69219,RENT,0.7,PERSONAL,A,30133,7.36,0.435,N,21,0
64,50709,RENT,4.2,DEBTCONSOLIDATION,E,9767,21.44,0.193,N,21,0
35,92328,MORTGAGE,0.3,PERSONAL,B,13585,,0.147,N,20,0
24,62973,RENT,10.3,HOMEIMPROVEMENT,B,9731,9.55,0.155,N,26,0
23,84436,MORTGAGE,8.2,EDUCATION,F,29360,19.97,0.348,N,4,1
40,62695,MORTGAGE,7.7,DEBTCONSOLIDATION,B,5122,8.42,0.082,N,21,0
59,48009,OWN,0.1,PERSONAL,B,5706,10.79,0.119,N,9,0
33,51062,MORTGAGE,0.2,MEDICAL,A,2773,7.27,0.054,N,22,0
58,47371,RENT,4.0,VENTURE,C,18526,15.16,0.391,Y,17,0
50,24188,MORTGAGE,25.9,PERSONAL,C,14964,13.08,0.619,N,24,0
33,28269,OTHER,2.1,PERSONAL,A,19276,5.22,0.682,N,23,0
25,73666,MORTGAGE,2.1,EDUCATION,C,18460,,0.251,N,2,0
31,24522,OWN,0.7,PERSONAL,D,22451,16.05,0.916,N,3,1
35,39248,MORTGAGE,5.6,DEBTCONSOLIDATION,C,17387,12.54,0.443,Y,11,0
36,27513,MORTGAGE,5.2,HOMEIMPROVEMENT,E,825,19.0,0.03,N,6,0
64,38110,RENT,0.5,MEDICAL,A,10272,,0.27,N,27,0
42,45008,MORTGAGE,3.2,MEDICAL,A,28913,5.0,0.642,N,20,0
33,39205,RENT,5.5,PERSONAL,C,11052,12.19,0.282,N,13,0
26,22345,RENT,3.4,EDUCATION,A,33819,8.51,1.513,N,25,1
65,44265,RENT,5.6,DEBTCONSOLIDATION,A,34871,8.94,0.788,N,25,0
51,28929,RENT,8.5,DEBTCONSOLIDATION,A,29548,5.47,1.021,N,19,1
34,34540,RENT,5.8,PERSONAL,D,13684,14.47,0.396,N,7,0
63,73665,MORTGAGE,4.8,VENTURE,A,29890,7.92,0.406,N,24,0
36,82906,RENT,9.6,DEBTCONSOLIDATION,B,13088,12.43,0.158,N,15,0
60,23836,OTHER,11.5,DEBTCONSOLIDATION,A,8984,7.26,0.377,Y,24,0
63,116164,RENT,2.5,DEBTCONSOLIDATION,D,33381,16.13,0.287,N,4,0
53,37028,RENT,1.0,MEDICAL,B,12728,9.15,0.344,N,26,0
24,35222,RENT,8.5,DEBTCONSOLIDATION,A,3656,8.22,0.104,N,14,0
64,30019,RENT,1.2,VENTURE,D,15958,,0.532,N,8,0
46,50551,RENT,13.2,HOMEIMPROVEMENT,D,6842,17.88,0.135,N,18,0
42,145779,MORTGAGE,0.1,MEDICAL,B,1133,10.43,0.008,N,10,0
59,21019,MORTGAGE,12.7,MEDICAL,A,10583,7.31,0.503,N,28,1
33,15814,RENT,4.4,HOMEIMPROVEMENT,C,8278,12.01,0.523,N,7,1
34,56822,RENT,7.5,VENTURE,E,8275,18.06,0.146,N,7,1
62,67046,RENT,2.5,PERSONAL,A,3303,6.26,0.049,N,24,0
52,50461,MORTGAGE,24.0,EDUCATION,A,10213,6.89,0.202,N,3,0
50,68029,MORTGAGE,1.3,VENTURE,B,14556,11.33,0.214,N,12,0
54,26312,RENT,1.5,HOMEIMPROVEMENT,C,6148,13.99,0.234,N,3,0
36,29153,RENT,0.3,DEBTCONSOLIDATION,C,29684,,1.018,N,21,0
47,52479,OWN,14.1,DEBTCONSOLIDATION,A,32577,5.0,0.621,N,29,0
38,128918,RENT,3.0,HOMEIMPROVEMENT,A,18472,6.13,0.143,N,16,0
65,66727,MORTGAGE,5.6,DEBTCONSOLIDATION,E,31681,19.18,0.475,N,3,1
42,68457,RENT,5.8,HOMEIMPROVEMENT,D,25149,16.28,0.367,N,8,0
51,27159,MORTGAGE,10.4,MEDICAL,E,19368,21.2,0.713,N,11,1
59,61841,OTHER,5.5,PERSONAL,D,18772,17.72,0.304,N,26,1
32,25586,OTHER,4.1,MEDICAL,B,21655,10.95,0.846,N,3,0
39,129607,MORTGAGE,6.2,MEDICAL,A,27935,6.22,0.216,Y,18,0
54,28097,RENT,7.0,MEDICAL,C,5246,13.34,0.187,Y,18,0
24,31632,MORTGAGE,1.0,HOMEIMPROVEMENT,B,22348,,0.706,Y,19,1
28,21803,RENT,0.6,VENTURE,B,27612,11.58,1.266,N,15,0
48,51390,OTHER,0.4,EDUCATION,B,23574,8.81,0.459,N,29,0
25,50215,MORTGAGE,2.3,EDUCATION,E,7444,20.07,0.148,N,4,0
44,112677,RENT,3.4,PERSONAL,A,33079,7.71,0.294,Y,18,0
50,75133,RENT,4.8,PERSONAL,A,10092,6.39,0.134,N,25,0
41,31731,MORTGAGE,15.9,HOMEIMPROVEMENT,C,24479,14.56,0.771,N,16,0
21,79250,OTHER,2.0,EDUCATION,E,6363,16.72,0.08,N,23,0
64,24737,MORTGAGE,7.2,VENTURE,E,11046,21.61,0.447,Y,20,1
24,33021,RENT,3.8,HOMEIMPROVEMENT,C,793,14.58,0.024,N,26,0
46,52320,RENT,1.2,PERSONAL,A,4768,,0.091,N,21,0
44,26303,RENT,4.8,HOMEIMPROVEMENT,B,7697,,0.293,N,17,0
27,88041,OWN,17.1,PERSONAL,E,20942,18.96,0.238,N,26,0
20,171720,OTHER,0.7,EDUCATION,B,5782,9.1,0.034,N,16,0
39,41689,OWN,3.5,HOMEIMPROVEMENT,C,7695,12.73,0.185,N,6,0
63,34254,MORTGAGE,0.3,MEDICAL,A,28320,7.99,0.827,N,16,0
42,45648,MORTGAGE,1.9,DEBTCONSOLIDATION,A,26922,6.15,0.59,N,26,0
51,36078,MORTGAGE,4.8,PERSONAL,C,3451,14.13,0.096,N,16,0
30,56610,MORTGAGE,9.2,MEDICAL,D,21645,15.7,0.382,N,25,0
58,23686,MORTGAGE,6.6,PERSONAL,G,10453,26.31,0.441,N,19,1
43,58406,RENT,3.1,MEDICAL,D,3216,17.64,0.055,Y,6,0
30,140302,MORTGAGE,12.0,EDUCATION,C,7466,11.8,0.053,N,2,0
48,16298,RENT,1.8,EDUCATION,C,22709,10.47,1.393,Y,2,1
45,25777,RENT,7.0,VENTURE,D,26425,16.2,1.025,N,4,1
35,38377,MORTGAGE,3.2,VENTURE,A,3875,7.31,0.101,N,18,0
54,66041,OWN,11.4,VENTURE,F,8643,20.53,0.131,N,23,0
39,79994,MORTGAGE,8.0,HOMEIMPROVEMENT,C,30970,15.0,0.387,N,23,0
65,76531,RENT,11.6,PERSONAL,F,34878,,0.456,N,22,1
22,19332,OWN,1.2,HOMEIMPROVEMENT,D,33390,16.77,1.727,N,15,1
20,33830,MORTGAGE,5.5,VENTURE,A,30275,6.12,0.895,N,10,0
20,29876,RENT,6.7,PERSONAL,A,12409,5.21,0.415,N,28,0
36,47294,MORTGAGE,,HOMEIMPROVEMENT,B,24488,11.4,0.518,N,5,1
21,49516,RENT,3.5,EDUCATION,A,14952,5.89,0.302,Y,20,0
48,23084,MORTGAGE,0.1,PERSONAL,B,25604,10.94,1.109,N,4,1
39,38493,OWN,1.5,VENTURE,C,25457,12.01,0.661,N,2,1
25,67459,RENT,2.0,EDUCATION,B,19673,9.74,0.292,N,5,0
27,34697,RENT,9.6,PERSONAL,A,8482,6.81,0.244,N,24,0
48,43908,RENT,,HOMEIMPROVEMENT,F,12149,21.97,0.277,N,25,0
52,124653,RENT,0.6,DEBTCONSOLIDATION,B,17128,9.23,0.137,N,15,0
22,146461,RENT,15.0,DEBTCONSOLIDATION,D,29241,,0.2,N,23,0
54,14931,RENT,1.0,VENTURE,A,31014,8.13,2.077,N,24,1
24,52189,RENT,2.7,HOMEIMPROVEMENT,D,30948,17.47,0.593,N,22,1
46,243864,RENT,1.2,EDUCATION,A,1852,6.46,0.008,N,15,0
63,63790,RENT,9.8,EDUCATION,C,18613,,0.292,N,9,0
31,49521,RENT,6.9,EDUCATION,C,13612,13.26,0.275,N,27,0
39,100909,MORTGAGE,2.2,PERSONAL,E,22235,19.44,0.22,Y,17,0
64,55268,MORTGAGE,5.7,VENTURE,B,1617,10.45,0.029,N,4,0
39,72404,RENT,1.0,DEBTCONSOLIDATION,A,10675,8.84,0.147,N,25,0
28,43666,MORTGAGE,,EDUCATION,E,27767,19.13,0.636,N,28,0
58,54826,OTHER,2.4,HOMEIMPROVEMENT,B,8670,12.52,0.158,N,27,0
23,61984,OWN,1.4,VENTURE,A,33726,8.06,0.544,N,8,1
38,78909,RENT,10.4,DEBTCONSOLIDATION,B,1018,11.09,0.013,Y,26,0
57,38659,MORTGAGE,5.7,HOMEIMPROVEMENT,A,4731,7.11,0.122,Y,7,0
46,38086,RENT,1.6,HOMEIMPROVEMENT,B,26961,9.63,0.708,N,14,0
64,16981,RENT,1.4,EDUCATION,B,17646,,1.039,N,27,0
62,39619,RENT,0.1,VENTURE,A,8885,7.22,0.224,N,27,0
32,82798,RENT,2.1,MEDICAL,B,4189,11.05,0.051,Y,3,0
32,63245,MORTGAGE,3.7,PERSONAL,B,31938,9.76,0.505,N,29,0
41,28333,MORTGAGE,1.6,MEDICAL,D,11062,15.56,0.39,N,12,0
47,17203,MORTGAGE,6.0,PERSONAL,E,22263,17.76,1.294,N,22,1
64,45327,RENT,2.7,VENTURE,A,19532,,0.431,N,10,0
41,81477,RENT,1.9,DEBTCONSOLIDATION,D,8620,14.72,0.106,N,8,0
62,37669,RENT,14.0,EDUCATION,E,18758,19.48,0.498,N,13,0
38,22143,RENT,1.5,VENTURE,C,11731,,0.53,Y,12,0
27,35446,OTHER,2.5,MEDICAL,G,6002,,0.169,N,16,1
27,58652,MORTGAGE,2.4,HOMEIMPROVEMENT,B,5580,11.45,0.095,N,13,0
61,97084,OTHER,1.4,PERSONAL,D,24017,17.91,0.247,N,4,0
45,42566,MORTGAGE,1.2,PERSONAL,C,29695,,0.698,N,19,0
45,87569,RENT,1.8,MEDICAL,B,20284,8.22,0.232,N,25,0
42,82390,RENT,10.0,EDUCATION,C,32408,13.7,0.393,N,9,0
62,25663,MORTGAGE,7.3,VENTURE,B,6533,12.03,0.255,Y,16,0
32,97527,RENT,5.7,MEDICAL,A,33200,5.37,0.34,N,17,0
47,57659,MORTGAGE,3.1,VENTURE,A,16146,7.51,0.28,N,18,0
28,25243,MORTGAGE,3.5,EDUCATION,C,23522,10.91,0.932,N,19,1
39,129114,RENT,1.6,HOMEIMPROVEMENT,C,29851,,0.231,N,22,0
38,45749,MORTGAGE,0.4,VENTURE,C,17825,15.48,0.39,Y,14,1
58,16833,OWN,,EDUCATION,B,17306,10.47,1.028,N,22,1
31,33241,RENT,3.4,MEDICAL,A,1834,5.15,0.055,N,17,0
34,29031,MORTGAGE,0.3,DEBTCONSOLIDATION,B,2448,9.74,0.084,Y,8,0
50,33692,RENT,0.5,HOMEIMPROVEMENT,E,12158,18.06,0.361,N,6,1
33,38374,MORTGAGE,1.5,HOMEIMPROVEMENT,D,6996,15.49,0.182,N,13,0
30,42550,RENT,2.3,HOMEIMPROVEMENT,C,25316,12.62,0.595,N,10,1
45,41678,RENT,2.5,PERSONAL,G,7175,25.25,0.172,N,2,1
61,46461,MORTGAGE,0.6,DEBTCONSOLIDATION,E,29135,19.54,0.627,N,22,1
46,67715,RENT,1.3,EDUCATION,A,14793,6.18,0.218,Y,4,1
30,32515,MORTGAGE,1.5,VENTURE,B,25432,9.12,0.782,N,11,0
57,93859,OWN,0.4,MEDICAL,A,18958,7.49,0.202,N,12,0
53,24987,RENT,2.0,HOMEIMPROVEMENT,B,17869,9.22,0.715,N,23,0
62,68755,MORTGAGE,0.4,HOMEIMPROVEMENT,D,11093,15.21,0.161,N,18,0
38,121030,MORTGAGE,6.1,HOMEIMPROVEMENT,A,4671,7.13,0.039,N,19,0
25,44464,RENT,2.4,EDUCATION,E,8446,19.04,0.19,Y,26,1
65,54524,MORTGAGE,,MEDICAL,C,12439,12.47,0.228,N,10,0
57,28785,MORTGAGE,0.7,EDUCATION,D,32094,17.26,1.115,N,29,1
61,36994,MORTGAGE,1.3,MEDICAL,A,33027,7.59,0.893,N,19,0
47,116101,OWN,1.3,VENTURE,A,2589,9.42,0.022,Y,21,0
20,73988,MORTGAGE,21.1,PERSONAL,C,32768,12.7,0.443,N,14,0
54,61709,OTHER,9.0,MEDICAL,D,12862,16.85,0.208,Y,11,1
59,16883,MORTGAGE,0.1,DEBTCONSOLIDATION,E,33903,20.75,2.008,N,20,1
27,33055,RENT,4.8,EDUCATION,C,19335,11.93,0.585,Y,25,1
26,127573,MORTGAGE,1.5,EDUCATION,A,32912,6.57,0.258,Y,2,0
30,61448,RENT,0.6,EDUCATION,A,17520,8.47,0.285,N,10,0
58,65813,MORTGAGE,6.1,PERSONAL,E,23417,19.81,0.356,Y,21,1
23,53841,MORTGAGE,0.7,MEDICAL,A,16068,6.97,0.298,N,17,0
44,34991,MORTGAGE,2.9,MEDICAL,C,13426,11.34,0.384,Y,15,0
31,58858,RENT,5.0,MEDICAL,C,18373,11.44,0.312,N,29,1
45,21128,MORTGAGE,4.0,MEDICAL,B,12650,9.46,0.599,N,9,0
57,20272,RENT,19.0,HOMEIMPROVEMENT,B,8414,9.04,0.415,N,9,0
65,32715,MORTGAGE,7.7,HOMEIMPROVEMENT,F,16063,21.06,0.491,N,7,1
31,54485,MORTGAGE,7.4,DEBTCONSOLIDATION,E,30451,16.8,0.559,N,29,1
62,20674,OWN,2.2,EDUCATION,E,21035,,1.017,N,11,1
56,52568,RENT,0.0,HOMEIMPROVEMENT,B,24517,8.94,0.466,N,26,0
65,28367,MORTGAGE,6.6,MEDICAL,A,25487,7.14,0.898,N,9,0
43,30549,MORTGAGE,40.0,MEDICAL,G,24989,24.59,0.818,N,15,1
35,100184,OWN,,HOMEIMPROVEMENT,A,9031,7.07,0.09,Y,20,0
32,50036,MORTGAGE,21.2,VENTURE,B,31981,10.02,0.639,Y,15,0
44,29819,RENT,0.8,DEBTCONSOLIDATION,A,5640,5.0,0.189,N,7,0
23,54326,RENT,1.8,EDUCATION,B,19936,11.28,0.367,N,3,0
30,21844,MORTGAGE,0.9,PERSONAL,B,31373,10.88,1.436,N,18,0
51,60492,MORTGAGE,3.2,DEBTCONSOLIDATION,E,11274,19.05,0.186,N,22,0
26,90131,OWN,8.0,EDUCATION,F,21885,21.36,0.243,Y,8,1
65,70541,RENT,2.1,EDUCATION,B,31720,11.63,0.45,N,29,0
30,160611,OWN,11.8,EDUCATION,A,17823,5.78,0.111,N,7,0
47,16880,RENT,3.9,DEBTCONSOLIDATION,C,30976,14.17,1.835,N,16,1
60,52566,OTHER,3.1,DEBTCONSOLIDATION,B,15790,,0.3,N,5,1
42,23413,OWN,7.7,HOMEIMPROVEMENT,G,3199,26.58,0.137,Y,5,1
64,44566,MORTGAGE,0.5,EDUCATION,A,29655,,0.665,N,10,0
42,49062,MORTGAGE,7.4,MEDICAL,A,20982,8.07,0.428,N,13,0
47,171770,RENT,1.4,EDUCATION,C,25750,13.25,0.15,Y,4,0
62,47435,RENT,1.6,MEDICAL,D,8849,16.54,0.187,N,28,1
45,46951,RENT,4.6,HOMEIMPROVEMENT,B,7226,10.04,0.154,N,14,0
44,85206,RENT,11.6,HOMEIMPROVEMENT,A,16565,5.78,0.194,N,19,0
48,47617,MORTGAGE,4.3,EDUCATION,B,8581,11.31,0.18,N,23,0
38,134205,RENT,5.2,DEBTCONSOLIDATION,B,16397,9.68,0.122,N,18,0
52,70850,OWN,7.5,MEDICAL,A,32127,7.12,0.453,N,19,0
55,77317,RENT,1.5,MEDICAL,D,13285,14.1,0.172,N,5,0
33,17550,MORTGAGE,8.8,MEDICAL,A,23852,6.79,1.359,Y,26,1
33,146073,MORTGAGE,2.7,MEDICAL,B,1939,10.48,0.013,N,17,0
54,34164,RENT,1.0,PERSONAL,D,3536,18.07,0.104,Y,21,1
49,48759,RENT,,HOMEIMPROVEMENT,A,9013,6.92,0.185,N,27,0
47,34235,RENT,1.4,MEDICAL,E,23681,18.59,0.692,N,14,1
36,27907,MORTGAGE,1.3,PERSONAL,C,13915,12.21,0.499,N,12,0
22,25306,MORTGAGE,1.7,PERSONAL,A,34411,6.24,1.36,N,20,0
35,51884,RENT,1.0,HOMEIMPROVEMENT,E,23096,21.14,0.445,Y,12,1
65,16590,MORTGAGE,5.5,VENTURE,B,6705,8.72,0.404,N,2,0
49,42892,RENT,4.3,EDUCATION,C,10371,,0.242,N,29,0
48,87708,MORTGAGE,5.2,HOMEIMPROVEMENT,E,16597,,0.189,N,9,1
64,69394,RENT,2.1,VENTURE,E,19052,20.38,0.275,N,12,0
34,62183,MORTGAGE,7.3,DEBTCONSOLIDATION,B,23543,12.78,0.379,Y,21,0
65,29957,OWN,0.7,EDUCATION,A,32648,8.29,1.09,N,28,0
44,20489,MORTGAGE,4.2,EDUCATION,A,14043,7.29,0.685,N,19,0
57,86941,RENT,1.6,EDUCATION,D,11935,16.74,0.137,N,8,0
61,38294,RENT,3.7,PERSONAL,E,6337,17.79,0.165,Y,13,0
57,46831,MORTGAGE,2.0,MEDICAL,A,19556,6.88,0.418,N,2,0
42,43972,MORTGAGE,7.8,EDUCATION,A,24974,5.84,0.568,N,20,0
44,70956,RENT,11.1,MEDICAL,D,18069,17.72,0.255,N,27,1
61,135107,MORTGAGE,6.8,EDUCATION,B,22775,8.24,0.169,N,12,0
26,109568,RENT,1.0,PERSONAL,A,24543,6.71,0.224,N,22,0
41,13592,RENT,1.6,DEBTCONSOLIDATION,A,17453,5.74,1.284,N,24,0
36,41369,OWN,12.6,EDUCATION,B,4745,,0.115,N,4,0
37,23371,MORTGAGE,2.9,HOMEIMPROVEMENT,F,2566,,0.11,N,14,1
60,82136,RENT,14.2,VENTURE,F,24781,21.96,0.302,N,21,1
29,49128,MORTGAGE,2.5,EDUCATION,B,23383,,0.476,N,6,0
29,68417,OWN,15.2,VENTURE,F,16773,23.71,0.245,N,11,0
26,39467,RENT,13.0,VENTURE,B,11777,8.89,0.298,N,19,0
57,27676,MORTGAGE,,PERSONAL,D,6475,15.51,0.234,N,29,1
46,30407,MORTGAGE,0.0,DEBTCONSOLIDATION,A,24354,,0.801,N,26,0
52,21096,RENT,2.6,VENTURE,D,30434,16.64,1.443,N,8,1
20,24465,MORTGAGE,12.1,PERSONAL,B,12818,9.65,0.524,N,3,1
63,21788,RENT,,DEBTCONSOLIDATION,A,9594,8.72,0.44,N,13,1
53,27732,MORTGAGE,1.0,EDUCATION,E,9680,19.07,0.349,Y,23,1
23,26882,MORTGAGE,2.5,MEDICAL,A,2642,9.0,0.098,N,8,0
36,60885,RENT,9.0,PERSONAL,G,31813,23.9,0.523,Y,29,0
23,59585,MORTGAGE,4.3,VENTURE,A,30304,7.63,0.509,N,27,0
62,60849,MORTGAGE,9.4,VENTURE,A,25234,6.11,0.415,N,13,0
45,93549,RENT,8.8,EDUCATION,E,6999,18.81,0.075,N,5,0
23,46953,MORTGAGE,11.9,PERSONAL,C,22266,11.4,0.474,Y,12,0
20,31906,RENT,0.6,EDUCATION,B,11289,11.65,0.354,Y,21,0
26,165424,OWN,,PERSONAL,A,4256,8.65,0.026,Y,9,0
49,80668,MORTGAGE,0.4,MEDICAL,C,19983,14.47,0.248,Y,3,0
28,53304,MORTGAGE,13.7,HOMEIMPROVEMENT,B,33198,11.15,0.623,N,19,0
54,51306,MORTGAGE,3.2,EDUCATION,B,34309,13.3,0.669,N,19,0
27,57486,MORTGAGE,0.3,VENTURE,C,3561,13.25,0.062,N,28,0
43,43863,OWN,1.9,EDUCATION,C,9724,15.02,0.222,N,3,0
38,52602,MORTGAGE,2.2,PERSONAL,F,34142,21.99,0.649,N,24,1
55,64515,OWN,,EDUCATION,C,4635,,0.072,N,5,0
62,32872,MORTGAGE,6.6,MEDICAL,B,24145,10.99,0.735,N,22,1
46,19955,RENT,5.8,PERSONAL,B,25133,7.82,1.259,N,9,1
51,15652,OWN,0.1,DEBTCONSOLIDATION,B,22712,9.86,1.451,N,24,1
33,79885,MORTGAGE,12.1,VENTURE,A,7261,,0.091,N,12,0
37,20524,MORTGAGE,1.2,VENTURE,B,4110,9.97,0.2,N,9,0
47,63318,OTHER,5.0,PERSONAL,D,34241,15.14,0.541,Y,6,1
48,25980,RENT,0.3,DEBTCONSOLIDATION,D,30106,16.2,1.159,N,9,0
35,26211,RENT,0.4,MEDICAL,C,5925,13.43,0.226,Y,2,1
54,33024,RENT,0.0,EDUCATION,C,14873,,0.45,N,22,0
50,54544,MORTGAGE,4.2,HOMEIMPROVEMENT,B,19170,10.05,0.351,N,13,0
23,24131,MORTGAGE,5.0,VENTURE,C,11646,12.7,0.483,Y,12,1
56,34915,OWN,0.3,MEDICAL,D,30781,,0.882,N,11,1
36,48332,MORTGAGE,1.7,MEDICAL,D,16550,16.69,0.342,N,3,0
58,25193,MORTGAGE,9.5,MEDICAL,A,34750,6.08,1.379,N,22,1
65,107530,OWN,0.5,EDUCATION,D,2714,17.17,0.025,Y,14,0
45,19007,MORTGAGE,1.2,MEDICAL,C,4334,12.94,0.228,Y,13,1
58,43477,RENT,2.8,MEDICAL,A,12623,7.08,0.29,N,19,0
60,98705,MORTGAGE,9.2,PERSONAL,A,21711,5.89,0.22,N,23,0
23,23660,OWN,1.5,PERSONAL,D,2186,16.24,0.092,N,26,0
49,46152,OTHER,29.3,MEDICAL,C,6964,14.13,0.151,N,29,0
49,52736,MORTGAGE,2.2,MEDICAL,D,16164,15.71,0.307,N,19,0
41,31453,OWN,2.4,PERSONAL,A,9648,8.9,0.307,N,11,0
30,46975,RENT,0.7,EDUCATION,A,34473,8.08,0.734,N,3,0
21,66755,RENT,5.7,PERSONAL,A,1467,6.0,0.022,N,27,0
63,37913,OWN,1.4,PERSONAL,B,22086,10.31,0.583,N,20,0
31,74636,RENT,5.0,PERSONAL,B,5259,8.35,0.07,N,27,0
49,60839,RENT,1.3,PERSONAL,D,2651,14.84,0.044,N,22,0
55,35575,RENT,2.5,HOMEIMPROVEMENT,C,26734,10.91,0.751,N,27,0
37,91135,MORTGAGE,9.7,VENTURE,G,28824,,0.316,N,15,0
45,32613,MORTGAGE,6.7,EDUCATION,A,13069,,0.401,Y,26,0
26,78491,RENT,0.8,DEBTCONSOLIDATION,A,16846,6.77,0.215,N,20,0
20,32936,OWN,4.7,EDUCATION,A,23507,7.27,0.714,N,26,0
45,41198,OWN,5.0,MEDICAL,C,24822,11.92,0.603,N,10,0
42,44826,RENT,0.5,HOMEIMPROVEMENT,A,31836,8.0,0.71,N,26,0
45,59054,RENT,3.1,MEDICAL,C,26753,12.74,0.453,Y,21,1
64,12998,MORTGAGE,1.5,EDUCATION,A,33715,7.37,2.594,N,27,1
25,63064,MORTGAGE,3.1,EDUCATION,A,6931,5.0,0.11,N,7,0
25,46334,RENT,,DEBTCONSOLIDATION,B,22191,10.0,0.479,N,19,0
63,57363,RENT,0.9,DEBTCONSOLIDATION,B,33880,10.94,0.591,Y,18,0
27,64625,RENT,0.7,MEDICAL,D,7005,13.27,0.108,N,19,0
43,60876,RENT,1.6,VENTURE,D,11918,16.04,0.196,N,21,1
41,16251,MORTGAGE,15.2,MEDICAL,A,33225,6.05,2.044,N,8,1
38,27349,MORTGAGE,6.9,VENTURE,D,28255,17.85,1.033,N,3,1
56,58867,MORTGAGE,0.1,VENTURE,C,23029,11.46,0.391,N,11,0
37,54711,MORTGAGE,2.6,PERSONAL,B,32286,12.59,0.59,Y,2,1
50,31753,RENT,1.5,EDUCATION,A,13940,8.55,0.439,N,20,0
56,73548,MORTGAGE,5.1,PERSONAL,D,29106,16.14,0.396,N,24,1
49,42572,RENT,3.1,EDUCATION,A,12877,5.28,0.302,N,20,1
61,79789,MORTGAGE,16.7,PERSONAL,A,10604,6.45,0.133,N,3,0
52,95369,MORTGAGE,1.2,VENTURE,A,26934,7.82,0.282,N,16,0
29,57128,MORTGAGE,4.4,PERSONAL,C,18510,13.13,0.324,Y,18,0
56,66539,MORTGAGE,6.0,HOMEIMPROVEMENT,C,13730,11.68,0.206,Y,4,0
31,35078,MORTGAGE,8.7,PERSONAL,E,28628,20.33,0.816,N,8,1
49,80074,OWN,2.6,DEBTCONSOLIDATION,D,3971,15.88,0.05,N,20,0
46,55269,MORTGAGE,5.8,DEBTCONSOLIDATION,F,31138,22.34,0.563,N,22,0
58,41685,MORTGAGE,1.8,PERSONAL,D,13529,,0.325,Y,28,1
28,25075,OTHER,2.9,PERSONAL,B,7757,11.06,0.309,Y,23,0
40,37534,MORTGAGE,,HOMEIMPROVEMENT,C,18985,14.3,0.506,N,13,1
31,26629,MORTGAGE,15.0,EDUCATION,B,7406,10.84,0.278,N,15,0
48,74519,RENT,6.3,PERSONAL,C,11397,12.2,0.153,N,22,0
52,95916,RENT,,EDUCATION,C,7713,12.95,0.08,N,18,0
62,81141,MORTGAGE,8.6,DEBTCONSOLIDATION,C,4812,14.62,0.059,N,22,0
34,192396,MORTGAGE,0.1,MEDICAL,A,34445,,0.179,Y,20,0
21,38054,RENT,0.5,VENTURE,D,24563,14.65,0.645,N,25,1
58,68057,OWN,5.4,MEDICAL,A,11956,7.65,0.176,N,6,0
63,25597,RENT,1.7,HOMEIMPROVEMENT,A,25953,6.89,1.014,Y,9,1
37,43980,MORTGAGE,15.1,HOMEIMPROVEMENT,B,14714,7.99,0.335,N,10,0
22,21751,RENT,2.9,EDUCATION,C,34449,13.84,1.584,N,3,1
26,67003,MORTGAGE,2.8,EDUCATION,A,6228,7.54,0.093,N,16,0
62,40315,MORTGAGE,5.7,PERSONAL,B,21772,13.16,0.54,N,21,0
37,15835,RENT,7.3,MEDICAL,C,25110,,1.586,Y,17,0
63,33632,RENT,3.2,EDUCATION,A,30533,9.54,0.908,N,27,1
57,131427,MORTGAGE,1.2,DEBTCONSOLIDATION,C,15724,14.18,0.12,N,18,0
56,61435,MORTGAGE,7.4,EDUCATION,A,12177,5.0,0.198,Y,11,0
52,74832,MORTGAGE,1.9,DEBTCONSOLIDATION,D,7554,16.04,0.101,N,13,0
63,52525,OWN,1.0,EDUCATION,B,15744,9.92,0.3,N,10,0
50,44362,RENT,5.0,VENTURE,B,2971,9.89,0.067,N,27,0
30,49442,MORTGAGE,0.5,EDUCATION,E,33265,17.96,0.673,N,29,0
23,56105,MORTGAGE,17.8,VENTURE,D,23829,,0.425,Y,25,1
37,26818,OTHER,5.0,HOMEIMPROVEMENT,D,12781,15.59,0.477,N,14,1
23,74584,OWN,21.3,PERSONAL,A,14720,8.41,0.197,N,3,0
53,90853,MORTGAGE,2.1,MEDICAL,A,5667,8.23,0.062,Y,28,0
48,43996,MORTGAGE,17.7,EDUCATION,C,16000,12.71,0.364,N,7,0
43,36765,RENT,0.8,VENTURE,B,10064,9.27,0.274,Y,22,0
41,32596,RENT,0.2,EDUCATION,E,19466,,0.597,N,22,0
21,129000,MORTGAGE,0.2,EDUCATION,B,29750,10.03,0.231,N,4,0
63,38225,MORTGAGE,3.1,VENTURE,B,19603,10.39,0.513,N,18,0
25,70215,MORTGAGE,0.4,EDUCATION,B,4010,9.46,0.057,N,15,0
61,44167,MORTGAGE,3.6,MEDICAL,D,24363,15.5,0.552,N,12,1
44,42873,RENT,2.0,DEBTCONSOLIDATION,A,18103,7.34,0.422,N,7,0
40,32189,MORTGAGE,2.0,DEBTCONSOLIDATION,F,11396,23.24,0.354,N,23,1
35,28748,RENT,5.0,DEBTCONSOLIDATION,C,29095,,1.012,N,6,1
50,73640,RENT,0.9,DEBTCONSOLIDATION,D,28920,15.97,0.393,Y,10,0
33,28392,RENT,7.3,HOMEIMPROVEMENT,B,18166,10.28,0.64,N,11,0
58,63220,OWN,4.4,PERSONAL,D,16744,13.84,0.265,N,13,0
47,51524,RENT,12.3,EDUCATION,A,22234,,0.432,N,26,1
51,74157,MORTGAGE,2.3,VENTURE,D,33812,14.49,0.456,N,14,1
47,35049,RENT,20.3,MEDICAL,B,32425,9.35,0.925,N,11,0
28,88794,MORTGAGE,4.3,EDUCATION,B,10403,8.9,0.117,N,2,0
64,45358,OWN,18.1,HOMEIMPROVEMENT,A,27781,5.89,0.612,N,8,0
41,203909,MORTGAGE,0.1,HOMEIMPROVEMENT,D,33912,14.82,0.166,N,29,0
51,20175,RENT,6.5,VENTURE,A,5823,9.79,0.289,N,23,0
24,186449,RENT,8.5,EDUCATION,A,22531,6.93,0.121,N,14,0
42,45729,OWN,0.3,DEBTCONSOLIDATION,A,23717,8.45,0.519,N,20,1
24,55411,RENT,4.3,EDUCATION,A,2732,7.91,0.049,N,21,0
61,35159,MORTGAGE,8.1,EDUCATION,C,10284,13.83,0.292,N,21,0
51,20683,MORTGAGE,4.1,HOMEIMPROVEMENT,A,30558,,1.477,N,21,1
29,36657,RENT,0.3,EDUCATION,A,5428,9.5,0.148,N,24,0
58,40089,RENT,5.9,DEBTCONSOLIDATION,B,27128,10.51,0.677,Y,16,0
34,54205,MORTGAGE,0.3,EDUCATION,B,3444,7.86,0.064,N,21,0
26,90819,MORTGAGE,8.5,EDUCATION,B,25250,9.79,0.278,N,27,0
48,54442,RENT,0.2,EDUCATION,B,31140,8.74,0.572,N,15,1
22,54966,MORTGAGE,0.7,DEBTCONSOLIDATION,B,13943,8.32,0.254,N,7,0
38,60560,OWN,1.6,DEBTCONSOLIDATION,B,22921,10.52,0.378,N,2,0
29,18672,OWN,5.0,VENTURE,D,5195,13.51,0.278,N,9,0
47,19645,RENT,18.7,HOMEIMPROVEMENT,A,8467,7.13,0.431,N,29,0
48,21518,RENT,0.6,PERSONAL,E,23639,17.02,1.099,Y,5,1
34,39922,OWN,0.8,VENTURE,A,21207,6.79,0.531,N,14,0
54,17510,RENT,2.3,DEBTCONSOLIDATION,C,5339,13.93,0.305,N,4,0
25,33544,RENT,9.0,EDUCATION,B,34014,9.22,1.014,N,26,1
31,23097,OWN,3.1,PERSONAL,B,16635,8.58,0.72,N,3,1
57,64102,RENT,1.9,MEDICAL,C,20503,,0.32,N,25,0
32,62361,RENT,,PERSONAL,D,9983,16.74,0.16,N,12,0
48,41549,RENT,1.5,VENTURE,B,27637,10.36,0.665,N,7,0
38,17240,MORTGAGE,2.6,HOMEIMPROVEMENT,B,10056,9.91,0.583,N,14,0
22,43026,RENT,2.0,VENTURE,A,2852,6.0,0.066,N,23,0
27,58732,OWN,8.2,HOMEIMPROVEMENT,E,16664,18.51,0.284,Y,27,0
27,76565,MORTGAGE,,HOMEIMPROVEMENT,D,7453,16.83,0.097,N,23,0
39,128588,MORTGAGE,7.1,DEBTCONSOLIDATION,B,9466,9.84,0.074,Y,3,0
23,90687,RENT,2.9,HOMEIMPROVEMENT,D,5405,16.29,0.06,N,15,0
40,53670,RENT,3.5,MEDICAL,B,32216,9.57,0.6,N,12,0
22,41903,MORTGAGE,0.7,PERSONAL,D,25375,14.64,0.606,N,29,1
64,32577,RENT,6.9,VENTURE,B,30451,12.4,0.935,N,24,0
27,103322,OWN,4.5,VENTURE,B,25053,10.94,0.242,N,9,0
42,53724,MORTGAGE,11.6,HOMEIMPROVEMENT,A,32032,7.33,0.596,N,25,0
35,69341,MORTGAGE,1.1,DEBTCONSOLIDATION,F,23270,21.8,0.336,Y,11,0
32,35432,RENT,7.1,MEDICAL,D,5265,17.71,0.149,N,16,0
22,24772,MORTGAGE,5.8,MEDICAL,D,14199,15.04,0.573,N,14,1
28,39332,RENT,1.5,EDUCATION,B,29521,10.8,0.751,N,8,1
33,41497,RENT,5.5,MEDICAL,B,15126,,0.365,N,8,0
32,54473,OWN,12.9,HOMEIMPROVEMENT,C,34936,12.68,0.641,N,22,0
26,32676,MORTGAGE,12.5,HOMEIMPROVEMENT,D,4192,15.67,0.128,N,5,1
34,49698,MORTGAGE,6.4,PERSONAL,E,1857,20.57,0.037,N,5,1
26,93689,MORTGAGE,,HOMEIMPROVEMENT,A,19827,5.0,0.212,N,19,0
57,19533,MORTGAGE,10.3,PERSONAL,C,26971,15.0,1.381,N,17,1
53,15301,RENT,5.4,MEDICAL,C,21117,14.23,1.38,N,21,1
60,97270,RENT,1.9,EDUCATION,A,25712,7.04,0.264,N,24,0
41,21916,MORTGAGE,1.0,DEBTCONSOLIDATION,B,1703,9.72,0.078,Y,14,0
43,39773,RENT,0.6,VENTURE,A,1893,,0.048,N,3,0
56,68505,MORTGAGE,0.3,HOMEIMPROVEMENT,C,1727,13.58,0.025,N,16,0
63,47449,RENT,7.0,MEDICAL,E,27680,20.48,0.583,N,28,1
20,47084,RENT,1.3,HOMEIMPROVEMENT,E,17411,19.58,0.37,N,8,1
29,51012,RENT,0.1,PERSONAL,C,7245,13.33,0.142,N,10,0
62,195886,MORTGAGE,2.5,MEDICAL,B,8627,10.03,0.044,N,27,0
35,130528,MORTGAGE,3.3,VENTURE,C,14787,10.79,0.113,Y,20,0
65,33471,RENT,0.9,PERSONAL,E,26756,17.01,0.799,Y,9,1
27,87377,RENT,0.2,MEDICAL,C,714,14.32,0.008,N,22,0
44,64733,OWN,1.0,DEBTCONSOLIDATION,B,31645,10.57,0.489,N,27,0
31,48497,RENT,5.7,DEBTCONSOLIDATION,E,5333,19.99,0.11,N,27,1
44,29752,MORTGAGE,0.4,VENTURE,D,7713,16.97,0.259,N,11,1
36,62834,OWN,4.0,DEBTCONSOLIDATION,E,11820,19.74,0.188,N,5,0
45,41426,OTHER,,PERSONAL,E,14375,20.04,0.347,N,13,0
65,39784,OWN,1.1,VENTURE,B,34706,8.97,0.872,Y,28,1
33,32148,RENT,2.5,MEDICAL,D,3702,16.68,0.115,N,9,1
60,84957,OWN,0.5,PERSONAL,C,16424,13.54,0.193,N,27,0
55,32136,MORTGAGE,1.0,DEBTCONSOLIDATION,A,15430,8.59,0.48,N,2,0
42,32244,MORTGAGE,2.1,EDUCATION,C,2475,8.66,0.077,N,24,0
62,75196,RENT,2.0,HOMEIMPROVEMENT,B,19973,12.87,0.266,Y,10,0
25,45279,OWN,6.9,DEBTCONSOLIDATION,A,21122,8.02,0.466,N,8,0
24,45955,MORTGAGE,0.4,EDUCATION,F,28260,,0.615,N,10,0
62,86516,MORTGAGE,9.8,VENTURE,A,6107,5.86,0.071,N,8,0
44,100965,RENT,8.5,MEDICAL,F,34385,21.65,0.341,N,29,0
37,15209,RENT,7.3,HOMEIMPROVEMENT,A,12458,7.42,0.819,N,3,0
32,45668,OWN,,MEDICAL,B,8493,,0.186,Y,22,0
62,22569,MORTGAGE,8.7,VENTURE,B,28296,11.83,1.254,N,21,1
33,39626,RENT,1.0,MEDICAL,D,4139,16.74,0.104,N,17,1
47,48839,MORTGAGE,0.7,PERSONAL,A,32825,7.88,0.672,N,11,1
37,40329,RENT,0.2,PERSONAL,G,33345,25.24,0.827,N,25,1
47,27892,RENT,14.0,DEBTCONSOLIDATION,D,1602,14.78,0.057,N,11,0
46,27124,RENT,1.8,DEBTCONSOLIDATION,D,23983,15.06,0.884,N,15,0
51,73157,RENT,12.5,DEBTCONSOLIDATION,A,28835,8.16,0.394,N,26,0
28,114021,RENT,1.6,DEBTCONSOLIDATION,B,32253,10.85,0.283,N,10,0
59,15783,RENT,11.9,VENTURE,F,14876,21.26,0.943,N,20,1
51,40937,RENT,11.7,MEDICAL,A,5499,6.09,0.134,N,20,0
39,73319,MORTGAGE,12.9,DEBTCONSOLIDATION,A,25489,7.78,0.348,N,22,0
47,48149,OWN,3.4,VENTURE,B,11941,9.64,0.248,Y,3,0
52,26568,MORTGAGE,10.0,HOMEIMPROVEMENT,E,10821,,0.407,N,29,0
23,37692,RENT,15.1,DEBTCONSOLIDATION,B,1909,10.41,0.051,N,21,1
65,57883,RENT,2.0,MEDICAL,B,26785,10.81,0.463,Y,20,0
53,41400,MORTGAGE,2.7,PERSONAL,C,9024,11.68,0.218,N,12,0
22,47744,OTHER,6.4,EDUCATION,E,19227,,0.403,N,29,0
45,48506,RENT,1.8,PERSONAL,A,25516,7.88,0.526,Y,7,0
27,36740,RENT,7.0,MEDICAL,A,23806,8.89,0.648,N,18,0
25,76811,MORTGAGE,0.4,MEDICAL,A,32873,7.35,0.428,N,6,0
35,37698,MORTGAGE,3.7,MEDICAL,A,25604,6.39,0.679,N,28,0
43,28197,MORTGAGE,0.7,MEDICAL,B,22590,9.0,0.801,N,12,1
58,167092,MORTGAGE,1.7,DEBTCONSOLIDATION,A,24172,,0.145,N,5,0
49,46967,MORTGAGE,1.5,HOMEIMPROVEMENT,C,2317,12.95,0.049,N,2,0
64,11730,OWN,9.1,EDUCATION,B,28698,7.41,2.447,N,17,1
32,97744,RENT,1.1,DEBTCONSOLIDATION,B,7509,,0.077,N,5,0
24,97571,OTHER,8.3,PERSONAL,F,27318,19.26,0.28,N,16,1
44,63035,RENT,7.9,HOMEIMPROVEMENT,A,19429,,0.308,N,24,0
39,69383,MORTGAGE,3.5,VENTURE,B,4748,11.26,0.068,N,4,0
37,160790,MORTGAGE,1.3,MEDICAL,A,21323,8.09,0.133,N,13,0
37,28867,MORTGAGE,1.3,PERSONAL,C,28106,11.46,0.974,N,22,1
21,52748,MORTGAGE,3.1,VENTURE,D,4497,14.9,0.085,N,25,0
29,144832,RENT,0.0,EDUCATION,D,30113,14.44,0.208,N,16,0
64,162732,RENT,3.8,PERSONAL,B,15900,,0.098,N,12,0
31,40080,MORTGAGE,15.3,HOMEIMPROVEMENT,D,19179,17.11,0.479,N,4,0
32,148091,MORTGAGE,0.8,DEBTCONSOLIDATION,D,9678,17.37,0.065,N,20,0
30,76225,RENT,4.3,VENTURE,A,18293,6.18,0.24,N,12,1
38,111565,OWN,16.3,PERSONAL,A,26248,7.13,0.235,N,9,0
54,74861,RENT,9.8,DEBTCONSOLIDATION,C,1726,12.11,0.023,N,20,0
58,57988,RENT,9.5,DEBTCONSOLIDATION,F,16829,22.03,0.29,N,3,0
45,165241,RENT,8.6,DEBTCONSOLIDATION,B,11788,9.24,0.071,N,3,0
65,36653,MORTGAGE,1.8,HOMEIMPROVEMENT,A,6619,6.33,0.181,Y,13,1
33,139560,RENT,11.1,MEDICAL,E,34232,17.41,0.245,N,9,0
64,152265,MORTGAGE,14.2,PERSONAL,A,12216,5.0,0.08,N,7,0
63,103743,RENT,3.4,DEBTCONSOLIDATION,C,10750,12.54,0.104,N,27,0
43,47124,RENT,2.2,MEDICAL,A,29087,7.41,0.617,Y,4,0
60,56074,MORTGAGE,2.7,DEBTCONSOLIDATION,A,34552,7.24,0.616,N,12,0
20,24315,MORTGAGE,2.0,VENTURE,B,25089,8.2,1.032,N,17,1
62,38218,RENT,1.2,VENTURE,C,1035,10.29,0.027,Y,12,0
41,68967,RENT,4.8,VENTURE,A,17137,6.9,0.248,N,11,0
42,22366,OWN,4.1,MEDICAL,D,19775,,0.884,N,11,1
38,41612,RENT,3.1,MEDICAL,A,5084,6.46,0.122,Y,18,1
37,142865,OWN,0.5,DEBTCONSOLIDATION,C,28936,11.6,0.203,N,12,0
31,45030,MORTGAGE,8.0,HOMEIMPROVEMENT,B,20067,8.13,0.446,N,23,0
47,86551,RENT,1.0,PERSONAL,D,604,17.4,0.007,N,15,0
47,66941,MORTGAGE,0.6,HOMEIMPROVEMENT,D,23515,16.55,0.351,N,10,1
52,41389,OWN,4.9,MEDICAL,A,30894,6.97,0.746,N,17,0
38,45013,RENT,2.5,PERSONAL,A,17336,8.07,0.385,N,7,0
47,53732,RENT,0.3,VENTURE,E,11619,19.02,0.216,N,18,1
56,15866,RENT,2.2,HOMEIMPROVEMENT,B,29724,9.55,1.873,N,23,1
45,82523,OWN,7.4,HOMEIMPROVEMENT,B,7990,11.99,0.097,N,26,0
54,45930,MORTGAGE,4.8,HOMEIMPROVEMENT,A,3910,9.07,0.085,Y,23,0
53,84124,RENT,,MEDICAL,G,17716,23.79,0.211,Y,4,1
54,60688,RENT,,PERSONAL,E,11081,19.33,0.183,Y,3,1
59,44828,RENT,5.0,VENTURE,A,646,7.17,0.014,Y,12,0
35,54647,RENT,10.9,MEDICAL,C,26061,,0.477,Y,25,0
57,54748,RENT,5.2,VENTURE,E,28806,17.73,0.526,Y,19,1
32,110404,MORTGAGE,8.4,EDUCATION,B,23820,11.53,0.216,N,24,0
42,50739,RENT,3.7,EDUCATION,B,19610,8.89,0.386,N,4,0
41,57439,RENT,6.3,VENTURE,B,14579,9.84,0.254,N,16,0
35,24488,MORTGAGE,11.3,EDUCATION,A,19154,5.64,0.782,Y,6,0
47,47768,RENT,7.4,PERSONAL,D,5201,15.36,0.109,N,12,1
54,109083,RENT,12.0,PERSONAL,B,28523,8.76,0.261,Y,4,0
64,62059,RENT,2.8,MEDICAL,C,12436,11.85,0.2,N,16,0
65,27050,RENT,11.7,VENTURE,A,15259,7.93,0.564,N,4,1
27,28692,MORTGAGE,4.9,MEDICAL,D,30463,15.95,1.062,N,8,0
63,32603,MORTGAGE,10.2,PERSONAL,D,16529,18.39,0.507,Y,8,0
41,84948,RENT,0.2,PERSONAL,C,29163,12.74,0.343,N,24,0
40,79387,RENT,5.4,PERSONAL,E,27384,18.06,0.345,Y,12,0
45,8000,RENT,9.4,HOMEIMPROVEMENT,A,14231,6.37,1.779,N,17,1
59,46874,MORTGAGE,1.0,EDUCATION,D,18350,15.81,0.391,Y,29,0
40,53167,MORTGAGE,5.4,MEDICAL,C,940,13.37,0.018,N,29,0
44,28877,MORTGAGE,8.7,MEDICAL,A,24778,6.52,0.858,N,5,1
60,39546,RENT,1.7,PERSONAL,A,10543,5.45,0.267,N,12,0
20,101930,RENT,2.6,HOMEIMPROVEMENT,B,21970,11.12,0.216,Y,15,0
25,61381,MORTGAGE,4.2,MEDICAL,D,1491,17.46,0.024,N,9,0
42,37243,OWN,3.7,DEBTCONSOLIDATION,D,8114,15.49,0.218,N,26,0
42,44222,OWN,0.2,MEDICAL,C,11684,14.78,0.264,N,18,1
62,43246,RENT,0.5,HOMEIMPROVEMENT,A,27086,6.39,0.626,N,24,0
62,57243,MORTGAGE,0.5,PERSONAL,F,7524,23.25,0.131,N,25,0
42,22329,MORTGAGE,1.5,HOMEIMPROVEMENT,B,17027,8.86,0.763,N,19,0
51,33915,OWN,1.4,EDUCATION,C,9021,15.85,0.266,N,7,1
49,86635,RENT,6.8,MEDICAL,D,1283,13.89,0.015,N,29,0
32,47102,MORTGAGE,4.3,EDUCATION,A,23334,5.68,0.495,N,22,0
62,30716,RENT,7.2,MEDICAL,C,16176,15.64,0.527,N,21,0
37,31421,MORTGAGE,0.4,EDUCATION,A,15426,5.0,0.491,N,21,1
42,72872,RENT,3.3,MEDICAL,A,19758,,0.271,N,11,0
34,36871,MORTGAGE,2.0,DEBTCONSOLIDATION,C,31066,12.37,0.843,N,7,1
52,64925,OWN,,PERSONAL,A,4063,7.04,0.063,Y,13,0
40,34725,RENT,6.2,DEBTCONSOLIDATION,B,10101,10.31,0.291,N,18,0
58,26331,MORTGAGE,10.2,VENTURE,A,5100,6.71,0.194,N,14,0
42,56075,RENT,,HOMEIMPROVEMENT,B,33453,10.89,0.597,N,2,0
46,46464,RENT,6.4,MEDICAL,A,30257,8.69,0.651,N,5,0
64,71454,RENT,3.9,HOMEIMPROVEMENT,D,24917,15.3,0.349,N,17,0
63,79719,RENT,8.7,MEDICAL,A,12602,5.0,0.158,Y,20,0
37,40260,OWN,3.5,VENTURE,D,10350,15.19,0.257,N,6,1
43,59391,RENT,3.9,PERSONAL,C,19671,13.36,0.331,N,14,0
59,39582,MORTGAGE,0.3,PERSONAL,B,19939,10.19,0.504,N,11,0
61,69459,OWN,5.5,HOMEIMPROVEMENT,E,30041,20.06,0.432,N,27,1
26,55735,OWN,1.6,DEBTCONSOLIDATION,A,11101,9.24,0.199,N,6,0
39,34783,MORTGAGE,0.1,VENTURE,A,26081,7.25,0.75,N,17,1
46,33217,RENT,0.3,HOMEIMPROVEMENT,A,27254,6.51,0.82,N,2,0
25,56827,MORTGAGE,15.8,PERSONAL,B,14480,9.13,0.255,N,13,0
46,92893,RENT,2.1,EDUCATION,G,23213,24.78,0.25,N,16,1
28,80475,OWN,10.1,HOMEIMPROVEMENT,A,28190,8.02,0.35,N,6,0
64,29183,MORTGAGE,16.1,MEDICAL,D,20280,15.28,0.695,N,7,1
50,30920,MORTGAGE,14.3,PERSONAL,C,7673,13.72,0.248,N,12,0
40,33531,RENT,10.7,MEDICAL,A,18881,5.7,0.563,N,21,0
45,35308,MORTGAGE,11.3,VENTURE,F,22665,21.98,0.642,N,15,0
59,18048,MORTGAGE,1.7,DEBTCONSOLIDATION,F,23811,20.14,1.319,Y,27,1
64,75699,OWN,0.8,DEBTCONSOLIDATION,E,24621,,0.325,N,3,0
32,38149,RENT,5.1,PERSONAL,B,33978,11.77,0.891,N,11,0
42,63205,OWN,,PERSONAL,A,28526,7.31,0.451,Y,28,0
39,41205,RENT,0.5,DEBTCONSOLIDATION,B,34470,9.84,0.837,N,26,0
56,48405,MORTGAGE,5.7,HOMEIMPROVEMENT,C,16296,13.32,0.337,N,13,0
47,33629,MORTGAGE,4.1,DEBTCONSOLIDATION,B,12544,,0.373,N,10,0
36,48264,RENT,9.9,DEBTCONSOLIDATION,C,12390,13.39,0.257,N,10,1
47,30357,RENT,4.7,HOMEIMPROVEMENT,D,8744,16.27,0.288,N,26,1
60,48462,MORTGAGE,4.3,MEDICAL,A,26853,5.8,0.554,N,11,0
21,109258,RENT,2.9,HOMEIMPROVEMENT,B,1810,8.23,0.017,Y,8,0
44,65272,RENT,3.1,EDUCATION,F,5174,22.87,0.079,N,29,1
60,57530,MORTGAGE,15.4,PERSONAL,A,22340,5.43,0.388,N,3,0
25,23721,MORTGAGE,0.7,DEBTCONSOLIDATION,B,27354,,1.153,N,24,0
30,66969,MORTGAGE,3.0,VENTURE,A,20405,8.21,0.305,Y,2,0
57,70646,RENT,5.3,PERSONAL,B,27512,8.76,0.389,N,23,0
25,56814,RENT,2.8,DEBTCONSOLIDATION,B,18192,9.21,0.32,N,23,1
64,55152,MORTGAGE,1.7,MEDICAL,A,30299,6.82,0.549,N,22,0
30,45383,MORTGAGE,1.7,DEBTCONSOLIDATION,A,22999,5.94,0.507,N,24,0
33,70064,MORTGAGE,1.3,HOMEIMPROVEMENT,C,12561,11.92,0.179,N,20,0
21,105699,MORTGAGE,2.1,PERSONAL,B,26370,9.36,0.249,N,24,0
59,58793,RENT,10.3,HOMEIMPROVEMENT,A,34832,6.07,0.592,Y,23,0
22,28725,RENT,3.5,DEBTCONSOLIDATION,D,17292,,0.602,N,20,0
54,29960,OWN,1.4,MEDICAL,C,34366,13.09,1.147,N,23,0
52,73088,MORTGAGE,2.4,HOMEIMPROVEMENT,A,26584,5.26,0.364,N,2,0
43,28854,MORTGAGE,0.6,VENTURE,E,3383,21.07,0.117,N,3,0
38,54752,OWN,11.7,DEBTCONSOLIDATION,A,7535,6.64,0.138,N,29,0
37,40536,OWN,2.6,MEDICAL,A,7401,6.92,0.183,Y,27,0
43,27180,MORTGAGE,19.7,PERSONAL,E,29662,18.37,1.091,N,5,1
64,77477,RENT,2.1,PERSONAL,A,30765,,0.397,N,17,0
54,72310,OTHER,9.1,VENTURE,E,34943,17.91,0.483,N,14,0
20,23257,MORTGAGE,1.5,EDUCATION,D,7123,,0.306,N,13,1
55,63882,RENT,0.4,HOMEIMPROVEMENT,B,17208,9.6,0.269,N,29,0
44,58946,MORTGAGE,0.2,DEBTCONSOLIDATION,A,4573,8.72,0.078,Y,6,0
64,77699,RENT,4.7,PERSONAL,A,23512,7.68,0.303,N,4,0
62,53730,OWN,1.9,DEBTCONSOLIDATION,A,15256,8.46,0.284,N,29,0
53,107447,MORTGAGE,2.9,VENTURE,E,22411,18.31,0.209,N,21,1
44,45722,MORTGAGE,8.5,HOMEIMPROVEMENT,B,27885,9.02,0.61,N,3,0
35,42207,MORTGAGE,1.4,MEDICAL,A,14965,6.38,0.355,N,25,0
53,28677,MORTGAGE,1.8,DEBTCONSOLIDATION,C,10518,13.62,0.367,N,6,1
48,29328,MORTGAGE,9.3,VENTURE,A,29015,8.22,0.989,N,2,1
38,27904,OWN,3.4,MEDICAL,A,8443,6.67,0.303,Y,15,0
42,55277,RENT,8.8,MEDICAL,A,15023,5.31,0.272,N,16,0
38,42276,RENT,2.3,MEDICAL,D,23465,17.17,0.555,N,5,0
44,58799,MORTGAGE,2.5,HOMEIMPROVEMENT,A,6513,,0.111,N,13,0
35,25207,MORTGAGE,0.9,EDUCATION,B,1371,10.61,0.054,N,11,0
28,30618,RENT,12.4,DEBTCONSOLIDATION,A,23403,8.71,0.764,Y,19,0
20,30336,RENT,11.4,MEDICAL,C,10914,10.7,0.36,N,10,0
61,161635,RENT,20.7,PERSONAL,B,31248,,0.193,Y,6,0
38,44751,MORTGAGE,2.6,HOMEIMPROVEMENT,A,5202,7.02,0.116,N,23,0
52,47263,MORTGAGE,8.5,HOMEIMPROVEMENT,B,16885,8.73,0.357,N,26,0
53,46976,RENT,2.7,MEDICAL,C,31554,14.1,0.672,N,10,1
35,115157,MORTGAGE,3.0,PERSONAL,A,11200,5.59,0.097,N,20,0
63,20184,RENT,8.9,VENTURE,D,21377,17.61,1.059,N,26,1
59,47432,MORTGAGE,1.0,HOMEIMPROVEMENT,B,28479,8.98,0.6,Y,21,0
37,20080,MORTGAGE,,MEDICAL,D,30722,17.68,1.53,N,18,0
53,13241,MORTGAGE,1.9,DEBTCONSOLIDATION,C,23919,12.01,1.806,N,16,1
44,32733,RENT,7.8,MEDICAL,E,2289,16.16,0.07,N,15,0
64,61493,RENT,2.3,DEBTCONSOLIDATION,C,2671,13.17,0.043,Y,25,0
25,31609,MORTGAGE,2.2,DEBTCONSOLIDATION,A,13445,7.82,0.425,N,19,0
40,60941,RENT,33.7,EDUCATION,D,14956,14.75,0.245,Y,27,0
25,51977,OTHER,2.4,EDUCATION,D,24307,17.9,0.468,N,15,0
51,45411,MORTGAGE,1.4,VENTURE,F,6335,23.64,0.14,N,21,0
60,98295,RENT,4.9,VENTURE,A,30677,,0.312,N,4,0
62,35319,MORTGAGE,8.1,DEBTCONSOLIDATION,C,9208,13.38,0.261,N,26,0
58,60437,RENT,0.4,VENTURE,B,17197,10.02,0.285,N,22,1
50,18184,MORTGAGE,4.8,VENTURE,C,18244,13.79,1.003,Y,3,1
61,51757,OTHER,0.2,MEDICAL,G,19008,26.02,0.367,N,21,1
29,42554,RENT,3.7,MEDICAL,C,34095,11.01,0.801,N,22,1
49,25585,MORTGAGE,1.5,MEDICAL,C,10839,15.01,0.424,N,7,1
37,61033,RENT,1.8,PERSONAL,B,16579,11.42,0.272,Y,25,0
43,32649,MORTGAGE,3.1,DEBTCONSOLIDATION,B,21275,8.74,0.652,Y,10,1
28,127096,RENT,13.1,VENTURE,B,28839,11.74,0.227,N,26,0
50,12853,MORTGAGE,6.2,PERSONAL,A,15820,9.29,1.231,N,2,1
34,56192,OTHER,13.8,HOMEIMPROVEMENT,B,34728,7.94,0.618,Y,16,1
23,50185,RENT,5.4,DEBTCONSOLIDATION,A,9469,7.82,0.189,N,2,0
59,42004,MORTGAGE,0.0,HOMEIMPROVEMENT,B,2063,11.1,0.049,N,4,0
28,36640,MORTGAGE,1.5,MEDICAL,B,22010,10.44,0.601,Y,25,0
64,50906,MORTGAGE,11.8,HOMEIMPROVEMENT,D,21940,17.4,0.431,N,17,1
28,87921,MORTGAGE,5.2,MEDICAL,B,25730,10.24,0.293,N,16,0
45,19541,MORTGAGE,20.0,DEBTCONSOLIDATION,B,28666,10.59,1.467,N,16,0
23,31467,RENT,0.8,DEBTCONSOLIDATION,A,34743,5.0,1.104,N,6,1
36,27510,OWN,1.8,VENTURE,D,2415,15.21,0.088,N,11,0
35,26808,MORTGAGE,2.2,PERSONAL,A,8694,8.52,0.324,N,23,0
34,59190,RENT,2.0,MEDICAL,G,17296,24.16,0.292,N,12,0
54,67787,RENT,1.5,EDUCATION,B,5040,9.93,0.074,N,9,0
24,88062,MORTGAGE,2.9,EDUCATION,A,15062,5.64,0.171,N,16,0
24,68377,OTHER,,VENTURE,B,7320,9.2,0.107,N,21,0
39,71494,OWN,,PERSONAL,A,3911,7.41,0.055,N,26,0
34,22550,OWN,0.4,MEDICAL,A,22054,6.83,0.978,N,13,0
37,110852,RENT,6.2,VENTURE,B,11112,7.82,0.1,N,27,0
21,43679,OWN,3.1,PERSONAL,C,27805,12.09,0.637,N,5,0
48,86521,OWN,4.1,EDUCATION,A,30140,8.67,0.348,Y,27,0
32,22996,RENT,3.0,MEDICAL,C,33214,14.28,1.444,N,29,1
23,42925,RENT,11.1,PERSONAL,D,25428,16.04,0.592,N,11,1
61,82343,MORTGAGE,4.1,HOMEIMPROVEMENT,C,2791,13.4,0.034,N,17,0
64,49779,MORTGAGE,,MEDICAL,B,21706,9.22,0.436,N,16,1
29,32380,RENT,3.6,HOMEIMPROVEMENT,A,13195,8.66,0.408,N,6,0
50,100749,RENT,1.7,DEBTCONSOLIDATION,A,8082,6.68,0.08,N,23,0
60,25737,RENT,2.2,DEBTCONSOLIDATION,D,18984,14.52,0.738,Y,23,1
27,48473,RENT,3.7,DEBTCONSOLIDATION,C,28823,10.96,0.595,N,13,1
22,69709,RENT,3.8,VENTURE,B,12379,7.91,0.178,N,12,0
65,155224,MORTGAGE,5.8,PERSONAL,A,28004,6.05,0.18,Y,25,0
28,38097,RENT,1.3,DEBTCONSOLIDATION,A,28301,8.98,0.743,N,12,1
49,42106,OWN,5.4,PERSONAL,D,1850,19.21,0.044,N,14,1
30,38384,OWN,7.5,PERSONAL,B,18373,11.28,0.479,N,10,1
54,55890,OWN,5.6,PERSONAL,F,26723,19.91,0.478,Y,17,1
56,67735,MORTGAGE,3.3,MEDICAL,G,22107,23.66,0.326,Y,17,1
61,89439,RENT,23.9,HOMEIMPROVEMENT,D,10914,14.67,0.122,N,2,0
32,74297,RENT,2.6,HOMEIMPROVEMENT,A,9783,6.66,0.132,N,20,0
55,37288,RENT,0.6,VENTURE,A,19263,5.99,0.517,N,24,0
32,76676,OTHER,8.6,DEBTCONSOLIDATION,A,14489,7.75,0.189,N,29,0
31,51552,RENT,1.2,VENTURE,G,7966,24.66,0.155,N,20,1
56,73857,MORTGAGE,6.2,PERSONAL,B,15701,11.05,0.213,N,22,0
29,76214,MORTGAGE,1.0,EDUCATION,C,11806,13.71,0.155,N,5,0
28,120158,OWN,0.1,EDUCATION,F,32060,23.57,0.267,N,6,0
26,40335,MORTGAGE,0.9,PERSONAL,D,22647,15.12,0.561,N,4,0
21,36313,MORTGAGE,2.4,DEBTCONSOLIDATION,C,33757,14.14,0.93,N,20,1
42,62688,MORTGAGE,0.6,HOMEIMPROVEMENT,A,19475,6.1,0.311,N,14,0
58,93937,MORTGAGE,1.1,VENTURE,A,16919,6.93,0.18,N,29,0
59,50611,RENT,7.2,MEDICAL,B,19724,9.0,0.39,N,29,0
58,97366,OWN,7.3,EDUCATION,F,7490,22.43,0.077,N,27,0
40,71648,MORTGAGE,8.5,VENTURE,E,10391,,0.145,N,14,0
42,43885,RENT,9.2,EDUCATION,A,29461,8.4,0.671,N,25,0
48,66825,OWN,2.7,HOMEIMPROVEMENT,B,23315,10.43,0.349,N,20,0
33,38593,MORTGAGE,10.1,HOMEIMPROVEMENT,C,19382,12.83,0.502,Y,14,1
45,55894,OWN,3.7,PERSONAL,B,12718,,0.228,Y,25,0
24,27167,OWN,3.2,PERSONAL,A,17004,8.83,0.626,N,6,0
50,47217,MORTGAGE,6.3,EDUCATION,B,17964,8.99,0.38,N,18,0
44,84950,RENT,1.2,EDUCATION,F,29278,22.56,0.345,N,19,0
50,74751,RENT,7.8,VENTURE,F,34704,,0.464,N,13,0
39,68972,OWN,2.8,PERSONAL,C,23994,12.99,0.348,N,24,0
63,57418,OWN,0.7,HOMEIMPROVEMENT,C,11682,14.11,0.203,N,18,0
36,53525,MORTGAGE,0.6,DEBTCONSOLIDATION,A,31113,9.66,0.581,N,19,0
64,24419,RENT,0.9,VENTURE,D,24349,15.89,0.997,N,2,1
21,43767,RENT,11.1,VENTURE,A,11754,6.69,0.269,Y,27,0
44,54200,OWN,23.5,MEDICAL,A,4141,7.27,0.076,N,24,0
32,26412,RENT,2.2,DEBTCONSOLIDATION,A,23381,7.59,0.885,N,3,0
58,18704,RENT,1.7,HOMEIMPROVEMENT,B,4323,,0.231,N,14,0
47,91204,MORTGAGE,1.2,VENTURE,D,31305,17.51,0.343,Y,11,0
61,50410,RENT,8.7,DEBTCONSOLIDATION,G,2444,25.4,0.048,N,4,0
25,55022,OWN,1.2,MEDICAL,C,29827,10.64,0.542,N,16,0
22,66542,RENT,12.9,DEBTCONSOLIDATION,D,32346,14.26,0.486,Y,28,0
54,28561,RENT,,PERSONAL,A,34277,8.16,1.2,N,28,0
37,39264,MORTGAGE,11.4,HOMEIMPROVEMENT,B,6945,9.24,0.177,N,28,0
30,112110,MORTGAGE,4.0,PERSONAL,D,30243,17.25,0.27,N,24,0
39,37467,RENT,5.9,MEDICAL,B,30488,10.99,0.814,N,2,1
24,42352,MORTGAGE,4.8,HOMEIMPROVEMENT,A,8515,6.78,0.201,N,13,0
38,33920,RENT,8.9,EDUCATION,D,15010,15.01,0.443,N,5,1
41,32615,OWN,9.0,EDUCATION,A,12517,6.8,0.384,N,24,0
38,90040,RENT,4.5,EDUCATION,A,25092,7.24,0.279,N,3,0
35,12554,OTHER,5.0,DEBTCONSOLIDATION,B,2943,8.34,0.234,Y,21,0
43,38125,MORTGAGE,12.7,VENTURE,A,3647,8.11,0.096,N,26,0
60,55490,RENT,13.3,DEBTCONSOLIDATION,C,8894,13.84,0.16,N,24,0
23,124646,RENT,5.5,DEBTCONSOLIDATION,C,8924,,0.072,N,20,0
34,26255,MORTGAGE,0.0,DEBTCONSOLIDATION,A,25862,7.23,0.985,N,20,0
44,23905,RENT,0.6,DEBTCONSOLIDATION,F,18656,23.71,0.78,N,28,0
63,30544,RENT,9.8,EDUCATION,D,33363,15.12,1.092,N,21,1
54,72109,RENT,0.4,VENTURE,A,13427,6.57,0.186,N,21,0
33,52517,MORTGAGE,1.2,VENTURE,D,25349,16.07,0.483,N,14,1
38,22171,MORTGAGE,1.3,MEDICAL,B,24823,9.3,1.12,Y,29,1
57,51779,RENT,4.6,EDUCATION,D,20873,15.85,0.403,N,25,0
55,115069,MORTGAGE,4.3,HOMEIMPROVEMENT,D,31809,14.11,0.276,N,23,0
26,56696,MORTGAGE,,DEBTCONSOLIDATION,A,10712,6.54,0.189,N,23,0
49,53664,RENT,1.2,VENTURE,C,29973,12.86,0.559,N,9,0
38,55470,OWN,7.2,MEDICAL,E,27299,18.1,0.492,N,12,0
44,61572,MORTGAGE,13.7,VENTURE,B,8377,11.55,0.136,Y,9,0
35,24418,OWN,0.3,HOMEIMPROVEMENT,A,32959,7.52,1.35,N,25,1
59,43150,RENT,0.7,HOMEIMPROVEMENT,A,5998,6.87,0.139,N,13,0
27,44406,OTHER,5.1,EDUCATION,A,5501,6.28,0.124,N,18,0
37,37574,MORTGAGE,8.2,VENTURE,A,9367,5.15,0.249,Y,9,1
47,71493,MORTGAGE,7.8,HOMEIMPROVEMENT,B,34901,9.18,0.488,N,22,0
35,34589,MORTGAGE,6.4,PERSONAL,B,10022,10.08,0.29,N,4,0
38,40215,RENT,10.9,HOMEIMPROVEMENT,A,15251,6.91,0.379,N,8,0
61,24511,OWN,1.2,HOMEIMPROVEMENT,C,1766,12.1,0.072,N,14,0
36,60359,MORTGAGE,0.6,VENTURE,G,14466,27.01,0.24,N,19,1
64,82293,RENT,4.8,DEBTCONSOLIDATION,E,636,20.32,0.008,N,11,0
32,40192,RENT,8.6,HOMEIMPROVEMENT,A,22061,6.47,0.549,N,27,0
26,76424,RENT,4.4,MEDICAL,D,9623,16.7,0.126,N,7,0
46,45214,MORTGAGE,16.5,DEBTCONSOLIDATION,E,8860,20.56,0.196,N,5,0
29,12208,MORTGAGE,7.9,HOMEIMPROVEMENT,E,25537,19.42,2.092,N,14,1
53,47651,MORTGAGE,6.0,PERSONAL,E,21389,18.8,0.449,N,16,0
55,44508,RENT,,HOMEIMPROVEMENT,D,24939,13.82,0.56,N,18,1
44,51877,MORTGAGE,0.6,EDUCATION,B,28592,9.92,0.551,N,14,1
25,56345,MORTGAGE,7.7,VENTURE,A,9247,6.09,0.164,N,16,0
43,33652,RENT,1.1,PERSONAL,B,11537,9.29,0.343,N,7,1
37,110108,RENT,0.1,MEDICAL,A,29395,6.62,0.267,Y,20,0
42,47269,RENT,,HOMEIMPROVEMENT,G,25901,24.74,0.548,N,13,1
25,43922,OWN,11.1,HOMEIMPROVEMENT,B,26774,9.55,0.61,N,21,0
48,73827,MORTGAGE,1.2,MEDICAL,F,2031,20.4,0.028,N,21,0
44,49523,OTHER,,HOMEIMPROVEMENT,D,743,13.9,0.015,Y,25,0
36,201030,RENT,0.2,EDUCATION,B,16918,10.99,0.084,N,8,0
65,43675,OWN,1.7,DEBTCONSOLIDATION,A,9882,9.04,0.226,Y,10,0
43,59486,MORTGAGE,4.9,DEBTCONSOLIDATION,A,24313,7.13,0.409,N,12,0
30,32466,MORTGAGE,7.2,PERSONAL,C,5953,11.69,0.183,N,17,0
45,79125,RENT,0.1,HOMEIMPROVEMENT,D,22113,17.19,0.279,Y,8,0
53,58092,MORTGAGE,2.0,MEDICAL,F,13640,24.49,0.235,N,26,0
47,40683,OWN,1.2,MEDICAL,A,27534,8.46,0.677,N,15,0
22,30338,RENT,33.5,PERSONAL,A,508,8.61,0.017,N,2,0
30,23856,RENT,5.6,EDUCATION,A,5501,5.6,0.231,N,21,0
57,61715,MORTGAGE,2.6,PERSONAL,A,20137,6.32,0.326,N,29,0
33,22861,OTHER,0.4,HOMEIMPROVEMENT,D,4203,17.45,0.184,N,18,0
45,100675,MORTGAGE,4.6,DEBTCONSOLIDATION,A,16165,5.55,0.161,N,7,0
40,24475,RENT,5.1,EDUCATION,C,33380,12.34,1.364,N,3,1
58,44439,RENT,8.5,EDUCATION,B,26017,,0.585,N,27,0
49,30186,RENT,1.7,MEDICAL,B,1842,10.65,0.061,N,10,0
27,49910,OWN,19.9,EDUCATION,C,34724,12.67,0.696,N,17,0
39,49740,MORTGAGE,2.9,HOMEIMPROVEMENT,B,34033,10.01,0.684,N,29,0
51,62607,MORTGAGE,1.8,HOMEIMPROVEMENT,B,21210,10.2,0.339,N,21,0
41,21174,RENT,2.1,HOMEIMPROVEMENT,C,23986,12.73,1.133,N,12,0
26,32207,OWN,3.7,DEBTCONSOLIDATION,A,1179,6.4,0.037,N,21,0
28,83600,MORTGAGE,13.8,VENTURE,C,14502,12.85,0.173,N,7,0
64,70417,OTHER,6.6,EDUCATION,F,7809,21.35,0.111,N,22,0
20,12397,MORTGAGE,4.3,EDUCATION,C,14604,,1.178,N,23,1
48,60323,MORTGAGE,0.9,HOMEIMPROVEMENT,B,9800,10.37,0.162,N,14,0
27,27782,MORTGAGE,0.8,MEDICAL,D,2640,15.91,0.095,N,13,1
23,35401,RENT,3.5,DEBTCONSOLIDATION,D,20385,15.71,0.576,N,16,0
54,43259,OWN,6.5,EDUCATION,B,12192,11.25,0.282,N,26,0
22,115446,RENT,7.0,VENTURE,C,6183,12.56,0.054,N,23,0
64,27626,MORTGAGE,1.3,EDUCATION,B,9586,10.87,0.347,N,7,0
59,22648,OWN,0.5,PERSONAL,D,4752,17.42,0.21,N,21,1
26,62797,RENT,2.4,VENTURE,B,4004,10.59,0.064,N,24,0
46,48271,MORTGAGE,12.5,MEDICAL,E,7860,17.06,0.163,Y,21,1
20,95211,MORTGAGE,3.9,VENTURE,C,12371,,0.13,Y,17,0
46,40374,MORTGAGE,1.9,VENTURE,B,33524,8.97,0.83,N,22,0
35,95411,OWN,2.0,EDUCATION,B,2359,8.57,0.025,N,21,0
57,49461,MORTGAGE,0.7,VENTURE,B,19630,,0.397,N,10,0
26,65579,MORTGAGE,,HOMEIMPROVEMENT,A,7899,7.45,0.12,N,23,0
63,119750,RENT,7.8,DEBTCONSOLIDATION,A,4973,5.0,0.042,N,11,0
42,44712,RENT,17.3,VENTURE,B,20647,,0.462,N,7,0
60,87078,RENT,3.5,EDUCATION,B,31594,9.2,0.363,N,14,0
30,34979,MORTGAGE,0.9,HOMEIMPROVEMENT,B,19573,11.11,0.56,Y,6,1
61,55555,RENT,5.7,MEDICAL,A,1544,6.21,0.028,N,16,0
52,22146,MORTGAGE,7.1,PERSONAL,C,5392,13.38,0.243,N,13,1
55,37146,RENT,0.4,VENTURE,A,24723,7.37,0.666,N,10,0
56,27394,MORTGAGE,,HOMEIMPROVEMENT,A,9175,6.01,0.335,N,6,0
60,95933,RENT,8.8,HOMEIMPROVEMENT,A,11259,5.79,0.117,Y,13,0
36,127559,MORTGAGE,3.2,MEDICAL,B,28303,12.43,0.222,Y,16,0
54,40332,MORTGAGE,4.1,MEDICAL,A,23852,7.47,0.591,N,13,0
24,32042,OWN,6.2,PERSONAL,A,18088,7.06,0.565,N,25,0
51,23797,MORTGAGE,5.6,PERSONAL,B,25027,11.45,1.052,N,23,1
22,56698,MORTGAGE,0.1,EDUCATION,A,12991,9.11,0.229,N,23,0
54,35197,OWN,0.7,PERSONAL,B,14088,11.8,0.4,Y,13,1
33,36250,MORTGAGE,0.9,PERSONAL,B,9254,8.35,0.255,N,28,0
50,120123,RENT,7.0,HOMEIMPROVEMENT,E,7546,19.04,0.063,N,20,0
50,41646,OWN,2.9,VENTURE,D,20912,,0.502,N,16,0
36,67687,MORTGAGE,3.9,VENTURE,G,31943,27.27,0.472,N,26,1
43,50469,RENT,7.4,DEBTCONSOLIDATION,B,3543,10.85,0.07,N,11,0
42,23263,MORTGAGE,2.1,PERSONAL,C,29596,,1.272,Y,4,1
37,17770,OWN,,DEBTCONSOLIDATION,F,18735,19.79,1.054,N,26,1
33,64095,OTHER,2.9,DEBTCONSOLIDATION,B,10271,11.95,0.16,Y,13,0
34,125149,OWN,2.4,EDUCATION,C,8412,12.99,0.067,N,13,0
34,58293,RENT,2.0,EDUCATION,B,32272,9.95,0.554,Y,19,0
25,69095,RENT,,VENTURE,C,30878,12.59,0.447,N,9,0
46,29804,RENT,7.4,MEDICAL,A,11672,6.0,0.392,Y,12,1
34,85664,RENT,0.1,HOMEIMPROVEMENT,D,4526,16.05,0.053,N,8,0
55,85082,OWN,15.8,PERSONAL,G,28208,25.97,0.332,N,20,1
27,33426,RENT,7.5,HOMEIMPROVEMENT,A,25915,6.97,0.775,N,24,0
34,66169,MORTGAGE,,PERSONAL,D,17927,17.26,0.271,N,25,0
22,18554,MORTGAGE,0.4,PERSONAL,A,29227,7.83,1.575,N,16,0
32,72995,MORTGAGE,1.8,DEBTCONSOLIDATION,A,9602,8.08,0.132,N,21,0
60,35780,RENT,4.9,VENTURE,C,31980,13.22,0.894,N,26,0
53,24961,RENT,4.8,HOMEIMPROVEMENT,A,5803,,0.232,N,25,0
43,61172,RENT,1.6,HOMEIMPROVEMENT,B,20001,8.62,0.327,Y,15,0
59,18500,RENT,3.0,MEDICAL,A,13856,8.18,0.749,N,11,0
51,59179,OTHER,1.2,MEDICAL,C,12209,13.31,0.206,N,17,0
51,26297,MORTGAGE,0.3,HOMEIMPROVEMENT,B,2555,9.69,0.097,N,19,0
49,23377,MORTGAGE,3.6,MEDICAL,E,33281,,1.424,N,16,1
32,50661,OWN,2.1,MEDICAL,C,2649,14.52,0.052,N,23,0
20,44582,RENT,3.9,PERSONAL,A,14108,6.98,0.316,N,18,0
53,109232,MORTGAGE,14.6,VENTURE,B,28896,12.26,0.265,N,18,0
34,24181,RENT,0.8,PERSONAL,E,7346,16.51,0.304,N,27,1
63,104430,MORTGAGE,0.0,DEBTCONSOLIDATION,C,2304,13.38,0.022,N,13,0
33,26220,MORTGAGE,0.4,MEDICAL,C,13141,,0.501,N,2,0
48,81283,RENT,3.1,PERSONAL,C,14285,12.12,0.176,N,24,0
53,90070,RENT,6.1,PERSONAL,B,27093,,0.301,N,15,0
37,58501,RENT,4.3,EDUCATION,C,21422,13.75,0.366,N,24,0
26,31728,MORTGAGE,3.4,PERSONAL,D,29474,16.33,0.929,N,18,1
48,21213,RENT,2.2,PERSONAL,A,1259,6.34,0.059,N,22,0
50,16756,MORTGAGE,1.9,VENTURE,F,4360,21.2,0.26,N,6,1
44,135775,MORTGAGE,2.4,HOMEIMPROVEMENT,A,15359,5.0,0.113,N,23,0
57,41636,MORTGAGE,4.7,EDUCATION,B,18525,9.27,0.445,N,5,0
33,26700,MORTGAGE,,EDUCATION,A,24075,6.11,0.902,N,3,0
27,26141,RENT,7.4,EDUCATION,C,31227,14.43,1.195,N,21,0
46,53762,MORTGAGE,4.3,DEBTCONSOLIDATION,B,18709,9.52,0.348,Y,6,0
21,39451,OWN,1.6,EDUCATION,A,1061,6.53,0.027,Y,28,0
36,17058,MORTGAGE,3.5,VENTURE,G,737,25.25,0.043,N,4,1
56,78865,MORTGAGE,16.5,HOMEIMPROVEMENT,B,6478,11.64,0.082,N,19,0
33,58937,MORTGAGE,0.1,DEBTCONSOLIDATION,B,11825,11.62,0.201,N,14,0
44,134854,RENT,1.1,VENTURE,B,24351,12.87,0.181,N,23,0
49,91806,MORTGAGE,3.0,EDUCATION,A,2707,,0.029,N,14,0
48,8919,OWN,5.1,HOMEIMPROVEMENT,B,6057,10.2,0.679,Y,13,1
39,106866,RENT,1.2,VENTURE,B,12164,9.88,0.114,Y,27,0
40,95236,OWN,13.4,HOMEIMPROVEMENT,B,21887,7.81,0.23,N,5,0
41,32695,RENT,5.1,DEBTCONSOLIDATION,D,19533,14.6,0.597,Y,8,1
54,38641,MORTGAGE,10.5,VENTURE,A,6078,8.09,0.157,N,7,0
56,61478,OWN,2.0,HOMEIMPROVEMENT,C,8762,13.63,0.143,N,9,0
35,28062,MORTGAGE,8.8,VENTURE,A,27992,7.62,0.998,N,6,0
62,42894,OWN,2.4,EDUCATION,B,30623,10.54,0.714,N,7,0
36,84967,OWN,1.5,EDUCATION,B,23059,7.98,0.271,N,26,0
35,65169,RENT,12.1,EDUCATION,A,32765,5.68,0.503,N,28,0
21,33971,MORTGAGE,0.5,DEBTCONSOLIDATION,C,21826,12.36,0.642,Y,6,1
23,86035,RENT,14.3,VENTURE,B,33730,11.0,0.392,N,26,0
40,57906,RENT,3.1,HOMEIMPROVEMENT,G,6890,25.16,0.119,N,20,0
58,56828,RENT,24.5,HOMEIMPROVEMENT,C,12916,14.09,0.227,N,10,0
53,36930,MORTGAGE,3.9,MEDICAL,A,6329,,0.171,N,19,0
49,48844,MORTGAGE,7.1,PERSONAL,A,23360,5.09,0.478,Y,9,0
25,32024,MORTGAGE,0.0,EDUCATION,A,5694,6.86,0.178,Y,2,0
36,16859,MORTGAGE,3.4,EDUCATION,A,16839,6.86,0.999,N,15,1
58,42028,RENT,6.7,EDUCATION,C,3340,12.01,0.079,N,10,0
44,45835,MORTGAGE,7.6,MEDICAL,D,33319,16.53,0.727,N,8,0
24,52865,RENT,0.9,MEDICAL,A,7679,10.43,0.145,N,11,0
24,95481,MORTGAGE,2.7,MEDICAL,B,31265,8.86,0.327,N,18,0
39,34243,MORTGAGE,2.7,EDUCATION,B,33056,10.72,0.965,Y,12,0
35,40044,MORTGAGE,0.5,HOMEIMPROVEMENT,C,27260,11.75,0.681,N,18,0
60,74712,OWN,2.9,EDUCATION,A,27232,5.0,0.364,N,15,0
56,32406,MORTGAGE,8.2,MEDICAL,F,21844,21.26,0.674,N,15,1
59,53346,MORTGAGE,1.8,MEDICAL,C,20889,13.33,0.392,Y,9,0
28,39161,MORTGAGE,2.8,PERSONAL,F,17856,22.48,0.456,N,26,1
24,42873,RENT,16.2,VENTURE,A,1266,9.13,0.03,N,19,0
61,74382,RENT,0.2,PERSONAL,C,2978,13.33,0.04,Y,20,0
21,39918,RENT,4.5,PERSONAL,D,20782,16.02,0.521,N,19,1
28,75728,RENT,6.8,EDUCATION,C,2933,14.0,0.039,N,18,0
62,16750,RENT,7.2,VENTURE,A,22604,7.3,1.349,N,19,1
55,22330,OTHER,6.3,VENTURE,G,34285,24.97,1.535,N,15,1
41,13697,MORTGAGE,6.5,EDUCATION,E,23564,,1.72,N,9,1
41,25817,MORTGAGE,0.3,HOMEIMPROVEMENT,A,27503,7.76,1.065,N,19,1
41,136116,RENT,3.8,DEBTCONSOLIDATION,C,14401,13.63,0.106,N,10,0
53,48550,RENT,7.6,EDUCATION,B,2661,9.68,0.055,N,2,0
48,32967,RENT,0.5,HOMEIMPROVEMENT,E,6519,,0.198,N,7,1
57,75398,MORTGAGE,0.1,HOMEIMPROVEMENT,C,7611,,0.101,N,7,0
65,81487,MORTGAGE,8.4,VENTURE,A,19925,8.15,0.245,N,7,0
52,25047,MORTGAGE,6.2,EDUCATION,A,12579,5.9,0.502,N,8,0
37,193689,MORTGAGE,2.7,EDUCATION,B,32213,9.38,0.166,N,18,0
26,57067,MORTGAGE,14.1,VENTURE,A,21839,8.82,0.383,N,10,0
20,61162,RENT,7.3,PERSONAL,A,34972,8.25,0.572,N,12,0
52,64439,MORTGAGE,17.2,EDUCATION,C,16466,11.3,0.256,Y,22,0
20,64365,MORTGAGE,13.2,DEBTCONSOLIDATION,D,15609,16.4,0.243,N,25,0
43,34828,MORTGAGE,3.3,DEBTCONSOLIDATION,B,34427,11.15,0.988,N,19,1
23,156668,RENT,7.0,MEDICAL,C,18886,11.77,0.121,N,14,0
23,41904,RENT,5.5,MEDICAL,A,24325,8.21,0.58,N,15,0
37,83003,RENT,8.3,EDUCATION,B,2769,10.06,0.033,N,6,0
46,37751,OTHER,7.7,HOMEIMPROVEMENT,C,5955,14.81,0.158,N,8,0
62,34243,MORTGAGE,0.8,DEBTCONSOLIDATION,B,28116,9.85,0.821,N,4,1
51,139528,OTHER,1.3,DEBTCONSOLIDATION,B,32847,8.27,0.235,N,13,0
52,46184,MORTGAGE,1.5,VENTURE,A,15778,,0.342,N,8,1
47,48109,RENT,8.5,DEBTCONSOLIDATION,C,26622,11.65,0.553,N,8,0
61,57296,MORTGAGE,8.3,HOMEIMPROVEMENT,D,16739,15.31,0.292,N,12,0
60,205042,RENT,,MEDICAL,B,27338,,0.133,N,11,0
55,161590,OWN,4.3,MEDICAL,A,17298,6.03,0.107,Y,3,0
25,99317,MORTGAGE,8.8,VENTURE,D,33039,17.61,0.333,N,25,0
35,235506,MORTGAGE,1.9,MEDICAL,A,8070,7.18,0.034,N,13,0
53,29157,MORTGAGE,0.3,PERSONAL,B,9318,9.72,0.32,N,10,0
42,70314,MORTGAGE,3.3,MEDICAL,A,15561,,0.221,N,23,0
61,51108,OTHER,12.3,DEBTCONSOLIDATION,E,4534,19.25,0.089,Y,7,0
43,18527,RENT,7.8,HOMEIMPROVEMENT,D,6587,15.73,0.356,N,15,0
32,63240,MORTGAGE,2.3,HOMEIMPROVEMENT,C,33920,15.87,0.536,N,9,0
37,37423,MORTGAGE,0.3,PERSONAL,C,17396,,0.465,N,17,0
32,113939,OTHER,5.1,HOMEIMPROVEMENT,C,28688,13.54,0.252,N,22,1
56,39447,MORTGAGE,9.0,HOMEIMPROVEMENT,A,2944,6.24,0.075,N,17,0
62,38233,OTHER,,HOMEIMPROVEMENT,C,9501,12.98,0.249,N,2,0
58,113912,MORTGAGE,2.8,EDUCATION,B,31504,,0.277,N,11,0
61,47287,RENT,0.7,PERSONAL,C,13187,11.89,0.279,N,26,0
36,92928,MORTGAGE,12.1,PERSONAL,A,28975,7.71,0.312,N,20,0
34,61907,MORTGAGE,1.6,MEDICAL,A,25578,7.16,0.413,N,8,0
37,62365,MORTGAGE,1.3,DEBTCONSOLIDATION,C,25115,10.27,0.403,N,7,0
42,42863,RENT,8.5,PERSONAL,B,13136,10.99,0.306,N,28,0
49,64615,MORTGAGE,19.9,VENTURE,A,721,7.59,0.011,N,5,0
53,45600,RENT,5.4,PERSONAL,A,7594,7.29,0.167,Y,24,0
23,31505,OWN,4.9,VENTURE,C,26541,12.24,0.842,N,10,0
22,46289,RENT,1.9,HOMEIMPROVEMENT,A,12327,9.96,0.266,N,5,0
26,99539,MORTGAGE,0.1,DEBTCONSOLIDATION,B,8661,9.29,0.087,N,12,0
37,65828,RENT,1.1,VENTURE,B,7522,6.41,0.114,N,23,1
61,74805,RENT,4.4,DEBTCONSOLIDATION,B,34309,10.62,0.459,Y,4,0
26,49060,OWN,0.8,DEBTCONSOLIDATION,D,30195,15.84,0.615,Y,13,1
59,16885,RENT,10.8,EDUCATION,A,22345,5.27,1.323,N,4,1
25,25039,RENT,1.0,DEBTCONSOLIDATION,E,30205,18.7,1.206,N,8,1
41,41816,RENT,3.7,HOMEIMPROVEMENT,C,18790,12.92,0.449,N,26,0
20,26257,MORTGAGE,,VENTURE,B,3945,9.09,0.15,Y,22,1
23,36739,MORTGAGE,,DEBTCONSOLIDATION,E,13138,19.13,0.358,N,4,1
65,36015,RENT,2.0,HOMEIMPROVEMENT,C,24757,13.43,0.687,N,23,0
62,36617,MORTGAGE,10.3,EDUCATION,E,23856,18.94,0.652,N,25,1
48,108060,RENT,2.9,HOMEIMPROVEMENT,B,1397,8.89,0.013,N,28,0
40,47613,OWN,6.0,HOMEIMPROVEMENT,B,8119,10.56,0.171,N,29,0
45,81966,MORTGAGE,5.1,PERSONAL,C,33844,,0.413,N,5,0
33,53646,OTHER,0.6,MEDICAL,A,14486,7.49,0.27,N,24,0
28,106794,OWN,4.9,VENTURE,E,6690,19.37,0.063,N,24,0
31,85951,RENT,4.0,MEDICAL,C,5837,12.74,0.068,N,6,0
61,35407,RENT,11.4,EDUCATION,C,1744,12.39,0.049,N,27,0
25,144191,MORTGAGE,10.6,EDUCATION,E,19966,17.53,0.138,N,19,0
39,38177,RENT,0.8,HOMEIMPROVEMENT,G,17073,24.36,0.447,Y,5,1
43,54720,RENT,0.4,MEDICAL,A,12646,6.02,0.231,Y,29,0
46,60316,RENT,1.7,VENTURE,D,23927,14.79,0.397,N,6,1
57,64125,MORTGAGE,21.6,VENTURE,C,29257,11.55,0.456,N,20,0
27,75955,MORTGAGE,0.1,HOMEIMPROVEMENT,B,23357,11.58,0.308,N,5,0
20,32330,RENT,5.6,VENTURE,F,24232,22.92,0.75,N,13,1
43,72532,RENT,4.7,PERSONAL,D,28142,18.93,0.388,N,15,1
26,67482,MORTGAGE,5.2,MEDICAL,C,5130,13.28,0.076,N,13,0
38,49033,RENT,1.2,EDUCATION,B,34340,10.86,0.7,N,14,0
41,44162,OTHER,1.3,VENTURE,C,13631,12.91,0.309,N,6,0
54,31430,RENT,2.8,VENTURE,C,15703,14.81,0.5,N,2,1
49,63843,MORTGAGE,0.5,VENTURE,A,4194,6.94,0.066,N,20,0
48,34089,RENT,0.4,HOMEIMPROVEMENT,B,18516,11.17,0.543,Y,15,1
41,55872,RENT,0.5,EDUCATION,A,1838,7.22,0.033,N,26,0
30,46363,MORTGAGE,4.3,MEDICAL,B,30781,12.21,0.664,N,10,0
39,23534,MORTGAGE,2.5,VENTURE,C,3085,12.42,0.131,Y,26,0
48,29337,OWN,1.7,PERSONAL,A,28041,8.38,0.956,N,10,0
60,61244,MORTGAGE,1.9,DEBTCONSOLIDATION,D,14601,15.87,0.238,N,15,0
61,36740,RENT,1.2,HOMEIMPROVEMENT,A,21323,,0.58,N,26,0
53,36057,RENT,2.7,MEDICAL,B,22118,9.94,0.613,Y,21,1
20,32203,RENT,1.1,VENTURE,C,18173,10.3,0.564,N,24,0
50,32810,RENT,6.0,MEDICAL,D,17365,17.12,0.529,N,2,0
49,120990,MORTGAGE,0.7,HOMEIMPROVEMENT,D,12428,16.8,0.103,N,16,0
37,26477,OTHER,14.8,DEBTCONSOLIDATION,B,25480,12.28,0.962,N,22,0
36,110204,MORTGAGE,0.5,PERSONAL,A,9408,5.85,0.085,N,12,0
57,40867,MORTGAGE,,VENTURE,C,2357,12.11,0.058,N,19,1
33,34215,MORTGAGE,9.0,PERSONAL,B,5753,,0.168,N,27,1
42,60542,MORTGAGE,5.7,HOMEIMPROVEMENT,B,25359,10.44,0.419,N,21,1
44,50471,RENT,12.2,PERSONAL,A,24958,6.5,0.495,N,10,0
34,43974,MORTGAGE,0.7,HOMEIMPROVEMENT,A,24248,6.01,0.551,N,6,0
65,55322,OWN,1.0,DEBTCONSOLIDATION,B,22862,10.48,0.413,N,16,0
41,50034,RENT,1.5,PERSONAL,B,2861,11.32,0.057,N,16,0
22,43539,RENT,,MEDICAL,B,10661,10.13,0.245,N,3,0
38,82012,OTHER,,MEDICAL,C,14492,12.43,0.177,N,2,0
63,22118,MORTGAGE,4.3,HOMEIMPROVEMENT,B,9301,11.41,0.421,N,3,0
53,29641,RENT,0.1,MEDICAL,E,14469,,0.488,N,27,0
54,31776,MORTGAGE,2.4,DEBTCONSOLIDATION,B,32917,9.68,1.036,Y,2,1
20,27395,RENT,1.4,PERSONAL,B,13032,10.62,0.476,N,20,0
40,51393,MORTGAGE,4.7,PERSONAL,A,27482,6.18,0.535,Y,16,0
48,64730,RENT,21.1,VENTURE,C,625,14.23,0.01,N,28,0
25,16657,RENT,3.6,HOMEIMPROVEMENT,C,25807,11.9,1.549,N,25,1
56,37770,MORTGAGE,2.8,MEDICAL,C,2121,,0.056,N,13,0
20,41072,MORTGAGE,2.3,DEBTCONSOLIDATION,E,11507,17.62,0.28,N,8,1
20,41889,OWN,7.7,HOMEIMPROVEMENT,D,13804,17.04,0.33,Y,14,0
46,24178,RENT,0.4,MEDICAL,E,11108,20.63,0.459,Y,2,1
40,41261,MORTGAGE,16.1,VENTURE,A,7601,,0.184,N,11,0
35,29699,RENT,2.7,PERSONAL,B,7288,10.54,0.245,N,20,0
63,40785,RENT,1.9,PERSONAL,B,26744,,0.656,Y,24,0
59,19038,OWN,18.3,DEBTCONSOLIDATION,C,18745,13.36,0.985,N,6,1
45,40939,MORTGAGE,13.7,EDUCATION,B,17142,8.61,0.419,N,7,0
35,33008,RENT,5.1,HOMEIMPROVEMENT,D,7834,15.21,0.237,N,6,1
47,42431,RENT,,MEDICAL,B,23716,10.91,0.559,N,25,0
20,57840,MORTGAGE,6.9,EDUCATION,A,17415,8.46,0.301,Y,18,0
55,47829,MORTGAGE,2.0,HOMEIMPROVEMENT,B,34733,11.14,0.726,N,8,0
29,75838,OTHER,2.5,MEDICAL,A,636,,0.008,N,26,0
62,40198,MORTGAGE,0.9,VENTURE,A,12269,7.96,0.305,N,26,0
36,68898,OWN,3.7,HOMEIMPROVEMENT,A,7929,5.16,0.115,N,4,0
42,91011,MORTGAGE,6.8,MEDICAL,A,20569,,0.226,N,21,0
26,56986,OWN,1.6,PERSONAL,C,29268,11.35,0.514,Y,5,1
63,48463,RENT,14.0,HOMEIMPROVEMENT,B,23032,13.39,0.475,Y,25,0
26,61568,OWN,1.1,MEDICAL,A,1899,9.49,0.031,N,29,0
63,58104,RENT,0.3,DEBTCONSOLIDATION,B,20610,,0.355,N,24,0
34,85023,OWN,5.2,PERSONAL,E,4320,18.73,0.051,N,9,0
53,75855,RENT,9.5,PERSONAL,B,28010,9.48,0.369,N,22,0
65,76359,MORTGAGE,15.3,EDUCATION,G,21163,26.55,0.277,Y,14,1
64,50222,MORTGAGE,7.3,MEDICAL,C,18108,13.79,0.361,N,4,1
23,59140,OTHER,1.1,EDUCATION,F,16347,21.55,0.276,N,10,1
33,58535,MORTGAGE,19.0,DEBTCONSOLIDATION,A,6927,7.67,0.118,N,10,0
33,25233,RENT,12.6,EDUCATION,B,9705,10.93,0.385,N,11,0
35,88247,MORTGAGE,0.9,VENTURE,C,12014,10.77,0.136,N,27,0
26,19572,RENT,4.1,EDUCATION,G,5746,25.64,0.294,Y,19,1
51,72526,RENT,4.1,EDUCATION,D,14615,15.98,0.202,N,25,0
38,56774,RENT,2.9,VENTURE,C,31372,11.63,0.553,Y,29,0
21,41925,RENT,,VENTURE,A,23324,6.29,0.556,N,4,0
29,60788,MORTGAGE,0.3,HOMEIMPROVEMENT,B,12458,10.34,0.205,N,13,0
36,61710,OWN,4.9,EDUCATION,A,17464,,0.283,N,26,0
56,23877,OWN,1.1,PERSONAL,B,31950,9.77,1.338,Y,3,1
31,106816,RENT,3.7,VENTURE,A,18378,6.64,0.172,N,13,0
25,51004,RENT,7.6,MEDICAL,B,12264,10.07,0.24,N,10,0
41,175098,RENT,1.4,HOMEIMPROVEMENT,D,28150,14.07,0.161,N,3,0
51,75687,RENT,2.5,HOMEIMPROVEMENT,A,17787,9.06,0.235,Y,16,0
60,50370,RENT,15.1,EDUCATION,B,14627,9.56,0.29,N,8,0
39,33539,RENT,7.2,DEBTCONSOLIDATION,A,15426,7.61,0.46,N,8,0
20,46121,MORTGAGE,4.3,PERSONAL,B,1070,11.94,0.023,N,9,0
25,53231,MORTGAGE,1.3,DEBTCONSOLIDATION,B,16021,11.36,0.301,N,16,0
38,109752,MORTGAGE,2.8,DEBTCONSOLIDATION,A,26417,7.36,0.241,N,13,0
37,96246,RENT,7.4,VENTURE,F,4665,21.87,0.048,Y,21,1
25,62838,MORTGAGE,8.6,MEDICAL,B,5464,9.97,0.087,N,21,0
64,129709,MORTGAGE,1.4,EDUCATION,A,3159,5.05,0.024,N,25,0
52,16173,RENT,5.4,PERSONAL,B,9691,8.54,0.599,N,7,0
42,63229,RENT,,EDUCATION,A,4691,7.29,0.074,N,7,0
42,97793,RENT,,EDUCATION,A,34057,6.55,0.348,N,17,0
45,66243,RENT,4.0,HOMEIMPROVEMENT,B,30186,8.2,0.456,N,27,0
32,23551,MORTGAGE,1.3,DEBTCONSOLIDATION,A,4105,7.35,0.174,N,6,1
26,105260,RENT,0.4,MEDICAL,C,27991,13.91,0.266,N,27,0
34,74513,MORTGAGE,6.5,MEDICAL,D,21573,17.4,0.29,N,4,1
63,59198,RENT,3.4,MEDICAL,B,1989,10.64,0.034,Y,15,0
46,51461,MORTGAGE,,MEDICAL,C,8581,,0.167,N,19,0
45,146757,RENT,5.5,VENTURE,B,24125,10.82,0.164,N,25,0
52,62597,MORTGAGE,6.5,VENTURE,A,10733,7.34,0.171,N,29,0
34,42913,RENT,1.8,MEDICAL,B,11829,8.89,0.276,N,2,0
55,31374,RENT,1.5,PERSONAL,C,5521,,0.176,N,18,0
64,74357,OWN,4.6,VENTURE,A,25222,8.02,0.339,N,13,0
46,84324,MORTGAGE,1.1,VENTURE,C,16696,13.38,0.198,N,6,0
24,50568,RENT,8.4,PERSONAL,D,1187,16.31,0.023,Y,22,1
21,36070,MORTGAGE,3.7,MEDICAL,D,13432,16.08,0.372,N,3,1
52,101877,MORTGAGE,1.3,EDUCATION,A,16065,7.72,0.158,N,27,0
35,30089,MORTGAGE,4.9,VENTURE,A,17566,6.39,0.584,N,8,0
42,144812,RENT,14.5,EDUCATION,A,22406,6.85,0.155,N,18,0
57,32728,OWN,0.4,EDUCATION,E,9882,19.89,0.302,N,21,0
35,24268,RENT,0.6,PERSONAL,D,4441,16.04,0.183,N,5,0
33,26037,RENT,9.3,MEDICAL,D,21806,15.1,0.838,N,3,1
48,26626,RENT,0.6,DEBTCONSOLIDATION,B,29920,9.17,1.124,N,20,1
45,43039,MORTGAGE,0.2,EDUCATION,B,16039,10.05,0.373,N,19,0
54,37892,OWN,,MEDICAL,B,18173,6.9,0.48,N,23,0
34,86124,MORTGAGE,3.1,HOMEIMPROVEMENT,D,8798,18.1,0.102,N,19,0
22,79629,MORTGAGE,4.2,DEBTCONSOLIDATION,D,30022,15.79,0.377,N,14,0
42,43350,OTHER,3.5,DEBTCONSOLIDATION,B,9986,10.58,0.23,N,8,0
48,270184,MORTGAGE,,DEBTCONSOLIDATION,B,9716,,0.036,N,23,0
53,43035,MORTGAGE,7.3,MEDICAL,D,23586,16.3,0.548,N,27,0
52,46307,OTHER,20.6,PERSONAL,A,10674,5.36,0.231,N,19,0
60,24280,RENT,3.2,PERSONAL,D,13920,14.72,0.573,N,20,1
60,46896,MORTGAGE,0.4,HOMEIMPROVEMENT,B,18152,8.21,0.387,N,25,0
42,57732,MORTGAGE,15.6,PERSONAL,B,1797,11.31,0.031,N,2,0
26,25557,OWN,0.0,MEDICAL,C,7693,11.15,0.301,N,10,0
22,37261,OWN,7.5,DEBTCONSOLIDATION,C,33583,12.2,0.901,N,3,1
51,58680,MORTGAGE,0.2,MEDICAL,A,13445,8.57,0.229,N,9,0
50,36729,OWN,7.2,DEBTCONSOLIDATION,F,25628,20.64,0.698,N,25,1
37,32735,MORTGAGE,,MEDICAL,G,19653,25.18,0.6,N,9,1
62,75370,RENT,2.5,PERSONAL,B,9758,,0.129,N,21,0
26,24217,RENT,1.4,MEDICAL,C,18885,12.93,0.78,N,3,1
60,26947,MORTGAGE,1.3,VENTURE,C,11475,13.19,0.426,Y,28,1
20,54044,RENT,3.4,DEBTCONSOLIDATION,B,28441,10.64,0.526,N,3,0
33,78072,MORTGAGE,0.9,DEBTCONSOLIDATION,F,26349,,0.337,N,24,1
51,57990,RENT,5.6,HOMEIMPROVEMENT,A,6308,5.88,0.109,N,2,0
25,43341,OWN,2.3,VENTURE,A,24363,6.47,0.562,N,3,0
58,41441,RENT,2.0,MEDICAL,E,13776,19.76,0.332,N,4,0
29,85454,OWN,3.1,PERSONAL,A,7068,6.76,0.083,N,24,0
26,78625,OWN,3.9,HOMEIMPROVEMENT,D,11951,15.33,0.152,N,28,0
45,50383,MORTGAGE,0.8,VENTURE,A,21334,8.24,0.423,Y,13,0
53,42079,RENT,6.2,MEDICAL,F,1098,19.33,0.026,N,9,0
49,49981,MORTGAGE,10.7,PERSONAL,D,27752,17.35,0.555,N,21,1
55,32860,MORTGAGE,1.6,MEDICAL,E,21591,,0.657,N,21,1
40,45134,RENT,1.0,DEBTCONSOLIDATION,F,4457,21.75,0.099,N,27,1
36,37449,RENT,7.1,VENTURE,A,1679,5.42,0.045,N,18,0
52,46375,RENT,1.0,VENTURE,B,24088,10.21,0.519,N,14,1
29,38195,RENT,0.2,HOMEIMPROVEMENT,C,9479,13.58,0.248,N,2,0
61,65393,RENT,4.8,PERSONAL,D,30633,14.03,0.468,N,24,0
31,76889,RENT,1.4,EDUCATION,A,10077,7.1,0.131,N,12,0
35,39781,MORTGAGE,0.9,MEDICAL,E,20387,21.34,0.512,N,10,0
60,31365,OWN,20.0,PERSONAL,A,22376,8.52,0.713,N,3,0
51,72503,MORTGAGE,1.7,EDUCATION,E,31073,19.63,0.429,N,13,1
34,54264,OWN,11.7,PERSONAL,B,32779,10.49,0.604,N,26,1
46,40066,MORTGAGE,1.0,MEDICAL,B,5738,10.05,0.143,N,12,0
47,104459,MORTGAGE,8.5,MEDICAL,B,22450,10.18,0.215,N,8,0
36,35926,RENT,3.5,HOMEIMPROVEMENT,A,30363,6.89,0.845,N,17,1
65,16381,RENT,0.4,VENTURE,B,26874,10.25,1.641,N,28,1
21,33210,MORTGAGE,6.6,VENTURE,B,18627,8.04,0.561,N,16,1
55,119384,OWN,11.1,VENTURE,B,14809,,0.124,N,25,0
26,41161,MORTGAGE,0.9,HOMEIMPROVEMENT,D,26032,15.1,0.632,N,6,1
32,36919,RENT,6.5,VENTURE,B,32815,11.24,0.889,N,18,1
34,49743,MORTGAGE,2.9,PERSONAL,B,32606,10.71,0.655,Y,9,1
44,85484,RENT,7.0,VENTURE,E,28710,20.02,0.336,N,27,0
42,46835,RENT,6.3,VENTURE,D,27675,16.11,0.591,N,20,1
41,67862,MORTGAGE,0.1,DEBTCONSOLIDATION,A,31078,8.46,0.458,Y,22,0
45,44174,MORTGAGE,1.0,MEDICAL,D,33534,17.6,0.759,N,24,1
52,68156,MORTGAGE,3.2,HOMEIMPROVEMENT,G,30909,26.43,0.454,Y,8,1
30,54130,OWN,13.6,HOMEIMPROVEMENT,E,7121,18.18,0.132,N,8,1
29,39383,MORTGAGE,2.1,VENTURE,D,6060,16.07,0.154,N,28,0
44,56497,MORTGAGE,5.0,DEBTCONSOLIDATION,C,19925,12.44,0.353,N,14,1
56,36374,RENT,0.1,EDUCATION,A,29236,8.77,0.804,Y,28,1
62,22971,RENT,6.2,MEDICAL,C,12947,14.35,0.564,N,19,0
57,48487,MORTGAGE,4.6,VENTURE,C,15984,13.55,0.33,N,19,0
60,24121,RENT,6.3,EDUCATION,B,10814,10.83,0.448,Y,4,1
64,68090,RENT,11.8,PERSONAL,A,33820,7.35,0.497,N,7,0
43,48020,RENT,,DEBTCONSOLIDATION,B,19436,8.88,0.405,Y,17,0
59,107238,MORTGAGE,1.5,DEBTCONSOLIDATION,C,5958,14.29,0.056,Y,29,1
65,40878,MORTGAGE,27.3,MEDICAL,B,28005,12.42,0.685,Y,11,0
52,48483,MORTGAGE,0.8,DEBTCONSOLIDATION,C,26234,13.61,0.541,Y,3,1
36,21844,MORTGAGE,6.4,HOMEIMPROVEMENT,E,23641,18.86,1.082,N,14,1
43,26708,RENT,6.5,EDUCATION,B,2600,9.13,0.097,N,8,0
56,19471,MORTGAGE,5.7,VENTURE,F,6743,21.69,0.346,N,14,1
21,88665,OWN,1.3,EDUCATION,B,18273,8.47,0.206,N,26,0
51,38072,RENT,1.2,HOMEIMPROVEMENT,A,12244,5.9,0.322,N,10,0
43,101711,MORTGAGE,5.5,PERSONAL,A,6963,6.8,0.068,N,3,0
28,11222,MORTGAGE,1.0,EDUCATION,B,14713,10.38,1.311,Y,9,1
23,114856,MORTGAGE,5.4,VENTURE,A,14965,5.23,0.13,N,9,0
36,47220,RENT,3.4,EDUCATION,D,23988,16.23,0.508,N,9,0
36,59095,OWN,2.4,DEBTCONSOLIDATION,D,15822,17.9,0.268,N,3,0
49,27320,MORTGAGE,1.8,PERSONAL,E,1307,19.52,0.048,N,16,1
59,65513,MORTGAGE,14.7,EDUCATION,C,26482,13.59,0.404,N,4,1
30,39908,RENT,3.5,PERSONAL,B,9309,10.49,0.233,N,21,0
40,25420,MORTGAGE,4.1,PERSONAL,A,17794,5.08,0.7,N,28,0
40,25229,MORTGAGE,14.9,MEDICAL,C,3985,11.19,0.158,N,15,1
37,24985,RENT,5.3,MEDICAL,C,29945,13.72,1.199,N,23,1
48,60423,RENT,15.8,VENTURE,B,15701,10.85,0.26,Y,3,1
43,34558,MORTGAGE,,VENTURE,E,6314,20.25,0.183,N,6,1
29,19889,RENT,9.4,VENTURE,C,30550,14.62,1.536,N,10,1
64,60060,MORTGAGE,2.0,PERSONAL,D,33970,15.38,0.566,N,23,0
36,14838,RENT,8.3,PERSONAL,C,2855,14.16,0.192,Y,29,0
37,101822,RENT,9.7,MEDICAL,B,5352,11.15,0.053,Y,9,0
61,146170,MORTGAGE,1.6,DEBTCONSOLIDATION,D,7278,17.84,0.05,N,3,0
39,23817,RENT,2.6,PERSONAL,A,30553,8.92,1.283,N,5,1
56,87452,OTHER,6.5,MEDICAL,C,20067,,0.229,N,23,0
64,59397,OWN,0.5,EDUCATION,B,29448,9.9,0.496,Y,21,0
37,37234,MORTGAGE,7.0,VENTURE,A,23143,7.25,0.622,N,26,0
36,38202,MORTGAGE,0.6,VENTURE,B,24289,,0.636,N,29,0
28,70260,OWN,12.3,HOMEIMPROVEMENT,B,12747,11.33,0.181,N,19,0
33,47955,RENT,1.6,DEBTCONSOLIDATION,A,18594,6.75,0.388,N,24,0
48,11768,MORTGAGE,4.3,MEDICAL,D,14109,17.4,1.199,Y,26,1
50,153300,RENT,0.6,HOMEIMPROVEMENT,B,25939,11.82,0.169,N,3,0
23,62208,RENT,1.6,VENTURE,B,20612,9.66,0.331,Y,13,1
37,47638,MORTGAGE,2.6,HOMEIMPROVEMENT,B,23579,7.91,0.495,N,7,0
39,33019,MORTGAGE,3.3,EDUCATION,D,34349,15.97,1.04,N,3,0
62,44181,RENT,0.0,HOMEIMPROVEMENT,A,7031,8.6,0.159,Y,22,0
63,98523,RENT,11.0,EDUCATION,C,16413,14.59,0.167,N,13,0
28,56607,MORTGAGE,0.0,VENTURE,B,18762,9.88,0.331,N,28,0
32,60261,RENT,7.4,PERSONAL,E,25388,,0.421,N,25,0
34,24660,MORTGAGE,,MEDICAL,C,31767,12.82,1.288,N,4,1
46,40445,MORTGAGE,3.7,HOMEIMPROVEMENT,A,13040,,0.322,N,16,0
34,50416,RENT,1.2,DEBTCONSOLIDATION,B,32295,7.94,0.641,N,22,0
47,71905,RENT,4.7,EDUCATION,C,30089,13.62,0.418,N,20,0
56,38999,MORTGAGE,3.9,DEBTCONSOLIDATION,A,14263,6.42,0.366,N,20,0
38,81660,MORTGAGE,0.9,VENTURE,E,23179,19.26,0.284,N,18,0
45,26123,RENT,1.4,DEBTCONSOLIDATION,A,6550,7.81,0.251,Y,15,0
45,50931,RENT,0.3,DEBTCONSOLIDATION,A,20615,,0.405,Y,3,0
44,46458,RENT,0.3,VENTURE,A,28513,6.17,0.614,Y,24,0
45,21299,RENT,0.1,PERSONAL,C,32752,,1.538,N,15,1
45,47751,MORTGAGE,1.2,DEBTCONSOLIDATION,B,34561,10.71,0.724,N,5,1
65,35581,MORTGAGE,5.7,DEBTCONSOLIDATION,A,1434,7.79,0.04,N,15,0
47,106678,MORTGAGE,1.9,DEBTCONSOLIDATION,D,23277,,0.218,Y,12,1
37,39118,MORTGAGE,2.1,VENTURE,A,30869,,0.789,N,13,0
51,59455,RENT,0.7,DEBTCONSOLIDATION,B,5191,9.95,0.087,Y,14,0
22,24907,RENT,4.3,VENTURE,A,17382,6.11,0.698,N,12,0
21,55832,MORTGAGE,2.1,PERSONAL,E,27235,17.82,0.488,N,18,1
52,39015,MORTGAGE,5.6,VENTURE,D,26111,16.59,0.669,N,5,1
61,31985,MORTGAGE,6.8,DEBTCONSOLIDATION,C,28602,13.29,0.894,N,17,0
38,232964,MORTGAGE,4.4,EDUCATION,A,2172,7.46,0.009,N,26,0
36,40360,MORTGAGE,1.6,DEBTCONSOLIDATION,B,20518,8.67,0.508,N,25,0
63,43626,RENT,3.6,HOMEIMPROVEMENT,C,28297,10.33,0.649,N,7,0
52,80506,MORTGAGE,1.5,HOMEIMPROVEMENT,B,23164,10.73,0.288,N,7,0
31,32124,MORTGAGE,11.7,EDUCATION,B,25011,11.44,0.779,N,19,1
22,61193,OTHER,7.3,HOMEIMPROVEMENT,D,14386,14.06,0.235,N,22,1
62,64904,MORTGAGE,3.4,DEBTCONSOLIDATION,A,33596,6.5,0.518,N,26,0
45,56082,MORTGAGE,16.8,VENTURE,C,20750,16.17,0.37,N,25,0
54,173335,MORTGAGE,4.0,DEBTCONSOLIDATION,B,9831,10.68,0.057,N,21,0
27,31497,OWN,2.0,HOMEIMPROVEMENT,C,1509,14.57,0.048,N,8,0
55,114197,OTHER,0.5,HOMEIMPROVEMENT,A,25404,8.96,0.222,N,16,0
26,63556,MORTGAGE,3.9,VENTURE,A,9487,,0.149,N,10,0
65,80837,MORTGAGE,9.8,HOMEIMPROVEMENT,C,665,15.81,0.008,Y,6,0
65,59140,RENT,10.1,VENTURE,F,4179,19.91,0.071,N,3,1
55,137730,MORTGAGE,4.6,PERSONAL,F,27804,22.61,0.202,N,3,0
35,41107,MORTGAGE,2.5,DEBTCONSOLIDATION,A,31915,7.41,0.776,N,9,0
43,64438,MORTGAGE,,PERSONAL,A,9078,5.68,0.141,N,25,0
20,100509,RENT,7.2,HOMEIMPROVEMENT,C,3537,12.11,0.035,N,9,0
44,36049,MORTGAGE,2.7,PERSONAL,B,5588,9.26,0.155,N,6,0
29,84985,RENT,3.2,HOMEIMPROVEMENT,D,2198,14.27,0.026,N,29,1
35,48520,MORTGAGE,5.7,PERSONAL,B,1691,8.3,0.035,N,19,0
35,24854,RENT,10.5,HOMEIMPROVEMENT,B,21816,9.61,0.878,N,17,1
27,22062,MORTGAGE,7.8,MEDICAL,C,7675,12.42,0.348,N,12,0
48,46632,RENT,0.1,DEBTCONSOLIDATION,A,24489,6.21,0.525,Y,15,0
58,84540,RENT,0.7,EDUCATION,C,6054,14.0,0.072,N,28,0
47,15624,MORTGAGE,9.6,DEBTCONSOLIDATION,B,11815,9.1,0.756,N,27,0
25,54734,RENT,9.0,PERSONAL,D,25396,16.32,0.464,N,29,0
35,80082,MORTGAGE,2.5,VENTURE,A,29749,7.0,0.371,N,29,0
39,24273,OWN,4.4,EDUCATION,B,22915,9.62,0.944,Y,9,1
35,34589,OWN,11.8,HOMEIMPROVEMENT,F,29624,20.36,0.856,Y,29,1
26,67157,RENT,12.1,EDUCATION,C,26375,12.8,0.393,N,21,1
60,78174,MORTGAGE,7.6,VENTURE,E,21854,18.23,0.28,Y,29,0
33,118450,RENT,,VENTURE,C,32551,14.15,0.275,N,26,0
62,35507,OWN,6.6,DEBTCONSOLIDATION,E,17998,19.77,0.507,N,11,1
45,31301,MORTGAGE,0.5,HOMEIMPROVEMENT,B,11670,9.29,0.373,N,23,1
45,121658,RENT,,DEBTCONSOLIDATION,A,34732,5.93,0.285,N,12,0
33,32363,RENT,0.8,PERSONAL,D,3970,,0.123,N,27,0
26,64796,RENT,5.4,PERSONAL,D,1929,15.7,0.03,N,24,0
52,162870,MORTGAGE,4.7,MEDICAL,C,14904,14.26,0.092,N,20,0
45,74160,RENT,7.5,DEBTCONSOLIDATION,C,21852,14.42,0.295,N,19,0
64,75417,MORTGAGE,4.0,VENTURE,E,21770,15.8,0.289,Y,19,1
39,99006,MORTGAGE,0.3,MEDICAL,A,34176,8.82,0.345,N,20,0
22,65426,OTHER,6.1,VENTURE,C,15118,12.86,0.231,N,8,0
23,75617,OWN,2.4,MEDICAL,A,1130,5.35,0.015,N,9,0
45,40602,RENT,1.9,DEBTCONSOLIDATION,A,16165,6.94,0.398,N,16,0
30,92779,MORTGAGE,23.9,PERSONAL,B,7659,9.01,0.083,N,17,0
21,61538,MORTGAGE,4.5,VENTURE,D,8642,17.98,0.14,N,21,0
33,21743,OWN,,DEBTCONSOLIDATION,D,1791,15.3,0.082,N,20,0
63,56028,RENT,3.7,DEBTCONSOLIDATION,F,11901,20.85,0.212,N,12,1
49,14863,RENT,7.3,PERSONAL,A,8409,9.52,0.566,N,8,0
31,72595,RENT,7.0,EDUCATION,B,10590,10.48,0.146,Y,20,0
45,43111,RENT,5.4,PERSONAL,A,28182,6.39,0.654,Y,25,0
63,139812,RENT,30.5,VENTURE,A,15769,9.22,0.113,N,21,0
52,64170,MORTGAGE,3.1,EDUCATION,A,19113,8.57,0.298,N,17,1
32,81495,MORTGAGE,6.1,MEDICAL,A,2311,6.26,0.028,N,9,0
33,27527,MORTGAGE,8.0,HOMEIMPROVEMENT,B,1269,9.03,0.046,N,19,0
43,71433,MORTGAGE,2.4,VENTURE,A,34767,7.12,0.487,Y,25,1
53,34462,RENT,3.1,HOMEIMPROVEMENT,B,777,9.81,0.023,Y,9,0
63,89302,OWN,17.4,HOMEIMPROVEMENT,E,25878,18.15,0.29,N,14,0
45,26500,OWN,0.2,EDUCATION,D,3808,,0.144,Y,11,0
40,52072,MORTGAGE,2.0,MEDICAL,D,9959,18.1,0.191,N,20,0
47,25930,OWN,3.3,PERSONAL,D,14065,17.26,0.542,N,19,1
55,52532,RENT,0.0,EDUCATION,B,29956,10.47,0.57,N,24,0
59,149099,MORTGAGE,11.5,MEDICAL,C,25729,12.59,0.173,Y,26,0
21,72889,RENT,1.7,PERSONAL,D,8935,15.85,0.123,N,11,0
61,48148,RENT,1.5,PERSONAL,A,8622,7.82,0.179,N,2,0
28,12655,RENT,8.6,MEDICAL,E,31917,19.72,2.522,N,6,1
42,36511,MORTGAGE,1.6,PERSONAL,B,28308,10.08,0.775,N,4,1
34,63643,RENT,5.4,VENTURE,A,5565,8.3,0.087,N,10,0
32,37013,MORTGAGE,8.6,VENTURE,C,26675,11.6,0.721,N,9,1
42,107466,RENT,7.9,EDUCATION,C,15509,14.18,0.144,N,17,0
36,50988,OWN,,PERSONAL,C,33144,13.75,0.65,N,26,0
21,88718,MORTGAGE,0.5,PERSONAL,A,2452,5.29,0.028,N,26,0
39,54868,RENT,0.4,MEDICAL,B,18040,9.21,0.329,N,11,0
39,42117,RENT,1.8,VENTURE,B,27835,11.8,0.661,Y,20,1
65,37826,MORTGAGE,0.2,HOMEIMPROVEMENT,F,24325,22.63,0.643,N,15,1
22,28094,RENT,3.5,EDUCATION,D,2565,15.86,0.091,N,24,0
31,89602,MORTGAGE,2.5,DEBTCONSOLIDATION,D,10711,,0.12,N,6,0
59,38738,MORTGAGE,4.1,VENTURE,A,11661,7.01,0.301,Y,7,0
21,65333,RENT,1.8,MEDICAL,B,1883,,0.029,N,9,0
55,36711,RENT,3.3,EDUCATION,B,18759,11.12,0.511,N,27,1
33,27020,MORTGAGE,2.0,HOMEIMPROVEMENT,B,13664,12.17,0.506,Y,12,1
35,66524,RENT,1.1,DEBTCONSOLIDATION,A,18679,5.83,0.281,N,9,0
38,32510,RENT,5.2,EDUCATION,C,6860,14.4,0.211,N,24,0
53,39329,RENT,5.6,VENTURE,B,28613,9.55,0.728,N,14,1
63,24666,RENT,8.8,HOMEIMPROVEMENT,C,23521,11.53,0.954,N,2,0
65,37375,RENT,,DEBTCONSOLIDATION,A,8892,,0.238,N,18,0
25,49675,OWN,,MEDICAL,B,14815,9.17,0.298,N,17,0
32,41851,MORTGAGE,5.8,EDUCATION,D,9980,17.2,0.238,N,23,0
55,76881,MORTGAGE,0.3,VENTURE,B,12052,,0.157,N,10,0
41,53105,RENT,0.6,MEDICAL,D,2810,18.33,0.053,N,9,0
37,267807,RENT,8.4,HOMEIMPROVEMENT,C,26085,14.48,0.097,Y,29,0
31,61903,MORTGAGE,1.3,EDUCATION,D,15444,17.56,0.249,Y,2,1
49,18872,MORTGAGE,2.2,PERSONAL,A,21748,8.42,1.152,Y,9,0
59,43604,RENT,0.8,VENTURE,A,21842,7.27,0.501,N,6,0
26,45732,RENT,1.1,VENTURE,C,1876,14.63,0.041,N,19,0
51,34978,MORTGAGE,7.5,PERSONAL,F,16758,21.68,0.479,N,8,0
38,51018,MORTGAGE,1.5,MEDICAL,C,34431,12.25,0.675,N,19,1
25,34411,RENT,,VENTURE,B,18555,10.71,0.539,N,17,0
39,58867,MORTGAGE,0.8,MEDICAL,A,33715,8.49,0.573,N,13,0
46,17158,MORTGAGE,5.7,HOMEIMPROVEMENT,B,9570,,0.558,N,5,0
62,91976,OTHER,6.5,PERSONAL,B,33293,9.53,0.362,N,14,0
56,20577,MORTGAGE,2.2,MEDICAL,D,12490,14.28,0.607,N,12,0
26,42405,RENT,7.7,HOMEIMPROVEMENT,B,34841,,0.822,N,17,0
24,32761,MORTGAGE,1.4,EDUCATION,B,16147,9.16,0.493,N,13,0
30,58003,MORTGAGE,5.9,VENTURE,A,696,8.47,0.012,Y,15,0
34,44321,MORTGAGE,6.5,PERSONAL,A,4707,6.51,0.106,N,17,0
22,56297,MORTGAGE,17.3,EDUCATION,B,18562,10.58,0.33,N,21,1
24,90323,OWN,1.3,EDUCATION,B,10672,8.2,0.118,N,22,0
42,74812,RENT,0.5,EDUCATION,C,6494,14.56,0.087,N,23,0
56,50009,RENT,1.5,MEDICAL,C,10535,13.28,0.211,N,19,0
28,63115,MORTGAGE,0.7,VENTURE,A,22474,5.38,0.356,N,9,0
34,144062,RENT,0.9,PERSONAL,B,29553,9.38,0.205,N,26,0
22,76292,RENT,2.0,DEBTCONSOLIDATION,E,32271,18.07,0.423,N,4,0
48,41712,RENT,2.7,DEBTCONSOLIDATION,B,3718,10.28,0.089,N,8,0
25,98995,MORTGAGE,11.7,VENTURE,B,30505,9.57,0.308,N,21,0
36,60792,RENT,1.1,VENTURE,B,13165,9.64,0.217,N,28,0
45,28867,MORTGAGE,17.8,VENTURE,B,7748,9.0,0.268,N,11,0
40,44382,RENT,8.3,HOMEIMPROVEMENT,A,2501,5.53,0.056,N,12,0
27,21812,RENT,10.7,HOMEIMPROVEMENT,A,8647,7.98,0.396,N,21,0
40,13950,RENT,13.3,HOMEIMPROVEMENT,A,19212,8.2,1.377,N,2,0
30,29086,RENT,7.0,HOMEIMPROVEMENT,D,22631,15.2,0.778,N,12,1
57,52439,MORTGAGE,7.8,VENTURE,A,16590,7.6,0.316,N,6,1
27,52524,OWN,2.9,VENTURE,F,33760,20.93,0.643,N,23,1
61,22553,MORTGAGE,3.6,DEBTCONSOLIDATION,D,21463,16.94,0.952,N,14,1
43,13249,RENT,13.5,PERSONAL,C,4735,12.84,0.357,Y,17,1
54,110075,MORTGAGE,2.4,DEBTCONSOLIDATION,C,26562,12.11,0.241,N,12,0
33,51658,RENT,0.2,DEBTCONSOLIDATION,A,11783,5.77,0.228,N,6,0
33,115340,RENT,7.2,PERSONAL,C,24390,14.31,0.211,N,7,0
29,111772,MORTGAGE,4.3,PERSONAL,F,2136,20.33,0.019,N,4,0
31,73430,MORTGAGE,8.4,DEBTCONSOLIDATION,A,17822,6.91,0.243,N,28,0
57,50641,RENT,,DEBTCONSOLIDATION,B,30397,7.7,0.6,N,3,0
63,39390,RENT,4.9,DEBTCONSOLIDATION,A,9615,,0.244,Y,22,0
65,72782,OWN,1.4,PERSONAL,C,16704,11.47,0.23,N,7,0
53,44894,RENT,11.7,PERSONAL,A,21004,5.0,0.468,N,11,1
60,35444,OWN,,HOMEIMPROVEMENT,B,22886,9.36,0.646,N,7,0
29,15462,OTHER,9.3,VENTURE,C,34759,12.6,2.248,N,22,1
36,46830,MORTGAGE,0.5,PERSONAL,A,22210,5.59,0.474,N,3,0
36,89605,RENT,,MEDICAL,D,10117,15.27,0.113,N,18,0
22,97990,MORTGAGE,1.3,PERSONAL,A,1866,6.72,0.019,N,27,0
50,50478,RENT,2.0,PERSONAL,A,24118,5.0,0.478,Y,23,1
20,30067,RENT,4.9,VENTURE,B,13822,10.04,0.46,N,2,0
31,80539,MORTGAGE,0.7,DEBTCONSOLIDATION,D,8831,16.72,0.11,N,2,1
58,48608,RENT,2.9,HOMEIMPROVEMENT,D,32655,16.35,0.672,N,7,1
23,40089,RENT,1.1,EDUCATION,A,9197,7.38,0.229,N,18,0
61,22009,MORTGAGE,9.7,DEBTCONSOLIDATION,A,1337,6.82,0.061,N,3,1
32,155915,MORTGAGE,0.2,DEBTCONSOLIDATION,D,4808,16.42,0.031,N,18,0
53,73579,RENT,,VENTURE,C,23372,14.28,0.318,N,17,0
61,78075,RENT,5.0,HOMEIMPROVEMENT,A,1058,10.02,0.014,N,8,0
40,30499,RENT,12.2,MEDICAL,C,9759,11.76,0.32,N,5,0
41,51218,RENT,,EDUCATION,E,32986,18.0,0.644,N,14,0
23,46872,MORTGAGE,11.3,HOMEIMPROVEMENT,A,15754,5.84,0.336,N,21,0
37,75369,MORTGAGE,0.3,DEBTCONSOLIDATION,A,25482,8.53,0.338,N,5,0
24,103553,MORTGAGE,9.2,HOMEIMPROVEMENT,A,3606,,0.035,N,6,0
38,22274,RENT,7.6,VENTURE,C,30512,13.91,1.37,N,17,1
21,27144,RENT,11.6,HOMEIMPROVEMENT,A,4761,5.41,0.175,N,29,0
31,69923,RENT,1.9,PERSONAL,D,4085,15.64,0.058,Y,10,1
36,37070,RENT,12.1,HOMEIMPROVEMENT,D,10193,16.42,0.275,N,12,1
29,76740,RENT,,EDUCATION,C,13322,13.41,0.174,N,13,0
53,39927,RENT,5.0,HOMEIMPROVEMENT,A,8721,9.32,0.218,Y,15,0
25,24665,RENT,2.8,MEDICAL,G,33946,,1.376,N,16,1
27,18626,MORTGAGE,2.8,PERSONAL,B,32845,11.22,1.763,N,6,1
30,63976,MORTGAGE,4.0,EDUCATION,B,25299,9.49,0.395,Y,11,1
31,64845,MORTGAGE,2.2,EDUCATION,G,27229,25.5,0.42,N,19,1
28,83584,RENT,7.9,DEBTCONSOLIDATION,E,14351,17.03,0.172,Y,9,1
21,58707,OWN,,VENTURE,B,21040,10.1,0.358,Y,9,0
27,8000,OWN,5.9,VENTURE,B,6819,10.21,0.852,N,26,0
30,64659,RENT,1.3,PERSONAL,A,26562,5.5,0.411,N,5,0
55,21991,MORTGAGE,17.5,EDUCATION,E,6784,18.64,0.308,N,20,0
29,17549,MORTGAGE,5.4,DEBTCONSOLIDATION,D,3966,17.76,0.226,N,27,0
40,16424,MORTGAGE,1.1,MEDICAL,B,28875,,1.758,N,12,1
39,15613,RENT,6.9,HOMEIMPROVEMENT,D,18331,16.75,1.174,Y,7,1
27,57150,MORTGAGE,1.0,HOMEIMPROVEMENT,D,7775,18.87,0.136,N,2,0
55,32789,MORTGAGE,0.3,HOMEIMPROVEMENT,A,12966,6.45,0.395,Y,23,0
48,21258,RENT,3.7,VENTURE,C,5009,14.02,0.236,Y,6,0
61,49647,OWN,,EDUCATION,A,33473,,0.674,N,2,0
31,26681,MORTGAGE,1.0,EDUCATION,D,26025,17.33,0.975,N,23,0
33,84085,RENT,2.1,MEDICAL,A,26166,6.95,0.311,Y,4,0
40,108838,MORTGAGE,14.6,VENTURE,C,26160,14.27,0.24,N,25,0
41,43491,MORTGAGE,1.7,MEDICAL,B,4460,11.65,0.103,Y,4,0
40,104558,RENT,0.8,EDUCATION,A,32857,6.76,0.314,N,4,0
63,104461,RENT,24.5,HOMEIMPROVEMENT,A,18200,8.26,0.174,N,8,0
49,51355,OWN,1.8,VENTURE,C,514,10.94,0.01,N,2,0
58,127185,MORTGAGE,5.7,VENTURE,A,25125,7.15,0.198,N,11,0
39,34824,RENT,1.3,VENTURE,C,20381,14.57,0.585,N,27,0
43,16724,RENT,4.0,DEBTCONSOLIDATION,B,21641,,1.294,N,25,0
42,20849,MORTGAGE,2.4,DEBTCONSOLIDATION,C,2418,11.49,0.116,N,21,0
26,33954,MORTGAGE,16.3,HOMEIMPROVEMENT,B,25746,,0.758,N,6,0
28,65766,RENT,2.8,DEBTCONSOLIDATION,B,10992,9.37,0.167,N,22,0
20,25973,MORTGAGE,4.4,VENTURE,A,14143,7.2,0.545,N,17,0
45,33803,RENT,14.5,DEBTCONSOLIDATION,B,16824,9.22,0.498,N,17,0
57,24656,RENT,22.7,DEBTCONSOLIDATION,C,30417,14.07,1.234,N,5,1
57,34231,MORTGAGE,0.5,PERSONAL,D,3267,15.66,0.095,N,28,0
63,102589,RENT,9.0,VENTURE,A,15110,6.14,0.147,N,18,0
41,59674,OWN,2.4,DEBTCONSOLIDATION,C,27627,11.75,0.463,Y,14,0
63,35691,RENT,4.5,HOMEIMPROVEMENT,A,34113,7.07,0.956,Y,4,1
29,95918,MORTGAGE,2.4,DEBTCONSOLIDATION,A,17442,7.55,0.182,N,9,0
25,49717,RENT,2.6,DEBTCONSOLIDATION,C,11366,14.09,0.229,N,3,0
36,52760,RENT,0.9,VENTURE,B,10635,9.54,0.202,N,25,0
57,91906,MORTGAGE,4.3,DEBTCONSOLIDATION,C,15358,13.57,0.167,N,12,0
43,40601,MORTGAGE,4.0,PERSONAL,F,1088,23.89,0.027,Y,5,1
29,81140,MORTGAGE,1.0,PERSONAL,A,34621,8.48,0.427,N,26,0
27,78019,MORTGAGE,3.9,DEBTCONSOLIDATION,C,22224,12.5,0.285,N,9,0
40,45249,MORTGAGE,18.1,VENTURE,E,33242,19.82,0.735,Y,14,1
25,22744,MORTGAGE,6.3,EDUCATION,A,18473,6.78,0.812,Y,25,0
40,49364,MORTGAGE,3.3,EDUCATION,B,31924,9.48,0.647,Y,5,0
58,91627,MORTGAGE,,MEDICAL,A,8325,5.88,0.091,N,3,0
43,76947,MORTGAGE,4.3,PERSONAL,C,25283,15.13,0.329,Y,9,0
52,125572,OWN,0.7,EDUCATION,C,19269,12.15,0.153,Y,24,0
37,37431,RENT,4.0,MEDICAL,C,33577,12.81,0.897,N,19,1
47,75253,MORTGAGE,1.0,EDUCATION,C,23436,10.71,0.311,N,8,0
51,28184,RENT,7.3,VENTURE,D,2161,17.32,0.077,N,18,0
31,54768,RENT,17.1,DEBTCONSOLIDATION,A,2685,6.96,0.049,N,15,0
61,90037,RENT,2.2,PERSONAL,F,7025,,0.078,Y,23,1
46,80703,MORTGAGE,2.9,EDUCATION,A,10472,7.42,0.13,N,8,0
29,51880,MORTGAGE,2.7,VENTURE,A,21684,7.16,0.418,Y,14,0
65,42301,MORTGAGE,1.7,MEDICAL,F,16134,23.01,0.381,N,3,0
61,28363,RENT,7.9,VENTURE,D,16354,15.99,0.577,N,13,1
51,43296,MORTGAGE,4.8,MEDICAL,D,31264,13.79,0.722,N,3,1
61,23846,OWN,0.3,EDUCATION,A,21441,7.32,0.899,N,28,0
45,40588,RENT,,DEBTCONSOLIDATION,D,15897,17.33,0.392,N,9,1
44,18152,RENT,1.0,HOMEIMPROVEMENT,C,10362,,0.571,N,19,0
30,23735,RENT,19.4,DEBTCONSOLIDATION,D,20022,13.47,0.844,Y,27,1
42,78357,MORTGAGE,2.4,VENTURE,F,27710,21.14,0.354,N,3,0
53,73700,MORTGAGE,4.8,HOMEIMPROVEMENT,A,10317,7.39,0.14,Y,28,0
59,41820,MORTGAGE,0.4,PERSONAL,B,20569,8.59,0.492,Y,22,0
42,50798,MORTGAGE,2.1,HOMEIMPROVEMENT,D,32758,15.86,0.645,N,5,0
48,54687,RENT,8.1,DEBTCONSOLIDATION,B,11775,10.49,0.215,N,18,0
50,63144,MORTGAGE,3.2,PERSONAL,A,2718,5.95,0.043,Y,15,0
26,59535,RENT,11.7,EDUCATION,A,7546,8.55,0.127,N,9,0
59,23500,RENT,4.3,EDUCATION,C,16209,13.81,0.69,N,5,0
52,12788,MORTGAGE,13.2,VENTURE,B,20189,8.79,1.579,N,28,1
40,28021,MORTGAGE,20.3,HOMEIMPROVEMENT,A,32195,7.84,1.149,N,17,1
21,45031,MORTGAGE,3.0,PERSONAL,B,25632,9.01,0.569,Y,10,1
37,83125,MORTGAGE,4.2,PERSONAL,A,7180,6.38,0.086,Y,19,0
52,55764,RENT,,HOMEIMPROVEMENT,A,20343,7.05,0.365,N,19,0
56,65769,RENT,,DEBTCONSOLIDATION,A,14260,7.99,0.217,Y,23,0
53,29932,RENT,9.9,EDUCATION,E,25969,18.95,0.868,N,14,1
39,47150,OWN,4.5,DEBTCONSOLIDATION,A,694,7.5,0.015,N,12,0
54,50818,OWN,6.5,EDUCATION,D,4751,17.72,0.093,N,28,0
37,32350,OWN,0.4,PERSONAL,D,21089,16.31,0.652,N,3,1
65,27220,RENT,7.3,VENTURE,C,4030,12.24,0.148,Y,3,0
43,43274,MORTGAGE,,EDUCATION,A,2200,7.84,0.051,N,23,0
27,70521,MORTGAGE,8.2,MEDICAL,E,31093,,0.441,N,23,1
49,29800,MORTGAGE,3.6,PERSONAL,B,10800,9.65,0.362,N,25,0
63,43717,MORTGAGE,1.6,HOMEIMPROVEMENT,A,21616,7.68,0.494,Y,28,0
29,103284,MORTGAGE,15.3,HOMEIMPROVEMENT,B,4390,,0.043,N,12,0
42,36840,RENT,7.2,DEBTCONSOLIDATION,A,5192,6.78,0.141,Y,14,1
30,49217,RENT,21.2,DEBTCONSOLIDATION,B,15556,9.62,0.316,N,27,0
21,46252,RENT,2.3,PERSONAL,B,17870,12.19,0.386,Y,28,1
45,44210,RENT,5.2,DEBTCONSOLIDATION,B,8975,7.37,0.203,Y,16,0
55,122720,RENT,4.7,DEBTCONSOLIDATION,C,3738,13.44,0.03,N,17,0
52,57998,RENT,5.8,PERSONAL,E,22708,19.02,0.392,N,17,0
32,20669,RENT,0.2,EDUCATION,B,25654,9.49,1.241,N,18,1
59,113621,MORTGAGE,1.7,PERSONAL,B,19479,10.35,0.171,N,18,0
44,57019,OWN,12.0,PERSONAL,D,9074,14.83,0.159,N,8,0
23,39916,MORTGAGE,2.8,DEBTCONSOLIDATION,C,7441,11.44,0.186,N,10,0
61,102970,RENT,16.2,MEDICAL,B,6992,11.25,0.068,N,24,0
38,31943,RENT,1.2,HOMEIMPROVEMENT,D,28834,15.19,0.903,N,5,1
37,125949,RENT,,DEBTCONSOLIDATION,E,20478,18.85,0.163,N,26,0
56,51602,OTHER,6.0,EDUCATION,C,26630,10.29,0.516,N,16,1
49,85225,MORTGAGE,7.5,VENTURE,A,28337,5.0,0.332,N,12,0
38,264904,RENT,2.5,EDUCATION,B,4894,10.3,0.018,N,29,0
42,54124,MORTGAGE,11.9,HOMEIMPROVEMENT,B,17532,11.3,0.324,N,7,0
35,46478,RENT,3.9,VENTURE,B,13772,9.18,0.296,N,27,0
20,27258,OWN,5.7,PERSONAL,A,25908,8.96,0.95,N,28,0
31,45875,RENT,0.5,MEDICAL,B,15505,11.54,0.338,N,2,0
43,27725,RENT,5.0,MEDICAL,B,34779,,1.254,Y,23,1
53,44230,MORTGAGE,10.6,HOMEIMPROVEMENT,A,27664,8.3,0.625,N,27,0
27,240885,OWN,1.0,DEBTCONSOLIDATION,E,25170,20.58,0.104,N,23,0
37,52353,OWN,6.7,HOMEIMPROVEMENT,E,630,18.38,0.012,N,2,1
24,36151,MORTGAGE,0.1,MEDICAL,D,12310,15.43,0.341,Y,25,0
45,43680,RENT,13.0,VENTURE,B,30133,10.84,0.69,N,6,0
49,39084,RENT,20.3,VENTURE,B,32375,8.51,0.828,N,5,0
32,87257,OTHER,2.2,DEBTCONSOLIDATION,C,8805,13.4,0.101,N,15,0
38,46647,MORTGAGE,0.6,EDUCATION,C,19729,13.55,0.423,N,11,0
48,118763,MORTGAGE,5.4,PERSONAL,C,26366,13.84,0.222,N,2,0
22,41198,RENT,0.2,DEBTCONSOLIDATION,A,32481,7.69,0.788,Y,22,1
45,42686,MORTGAGE,3.3,VENTURE,C,2795,11.45,0.065,N,13,0
59,29934,RENT,1.6,PERSONAL,E,3767,16.95,0.126,Y,18,1
31,39701,MORTGAGE,3.2,HOMEIMPROVEMENT,A,31395,7.08,0.791,N,4,0
21,18892,OWN,0.1,VENTURE,B,9901,12.93,0.524,N,11,1
30,15193,MORTGAGE,0.3,VENTURE,B,9177,8.85,0.604,N,2,0
63,69117,MORTGAGE,0.1,VENTURE,C,1176,12.61,0.017,N,27,0
47,18769,RENT,4.8,EDUCATION,A,12922,7.36,0.688,N,20,0
37,61284,RENT,4.1,DEBTCONSOLIDATION,E,25647,18.35,0.418,Y,19,0
32,37224,OWN,1.3,HOMEIMPROVEMENT,A,7982,7.79,0.214,Y,14,1
56,82186,RENT,5.2,MEDICAL,D,2369,16.85,0.029,N,21,0
41,18998,MORTGAGE,10.8,EDUCATION,A,17815,8.85,0.938,N,24,0
31,68120,MORTGAGE,1.6,EDUCATION,A,1305,7.66,0.019,N,18,0
21,58828,MORTGAGE,8.9,VENTURE,D,10538,15.6,0.179,N,24,0
56,59837,OWN,5.4,EDUCATION,E,16273,20.04,0.272,N,23,0
26,90957,MORTGAGE,0.2,DEBTCONSOLIDATION,G,15186,24.95,0.167,Y,5,1
45,50952,OWN,2.4,DEBTCONSOLIDATION,A,23616,6.55,0.463,Y,10,0
45,12755,RENT,3.5,DEBTCONSOLIDATION,B,32198,9.5,2.524,N,24,1
43,62755,MORTGAGE,6.6,MEDICAL,A,2115,6.41,0.034,N,11,0
31,58443,MORTGAGE,1.7,EDUCATION,A,34700,,0.594,N,11,0
35,42849,RENT,20.3,DEBTCONSOLIDATION,A,34765,8.29,0.811,Y,16,1
42,30854,MORTGAGE,5.8,EDUCATION,A,2416,7.34,0.078,N,6,0
59,40194,MORTGAGE,2.3,VENTURE,E,6396,18.47,0.159,Y,19,1
28,109308,MORTGAGE,0.5,HOMEIMPROVEMENT,A,14283,7.23,0.131,N,12,0
51,29556,RENT,1.0,DEBTCONSOLIDATION,C,27483,12.12,0.93,Y,14,1
34,18821,MORTGAGE,3.3,MEDICAL,C,26884,12.89,1.428,Y,18,1
56,21860,RENT,3.4,VENTURE,A,31057,5.19,1.421,N,19,1
32,48078,MORTGAGE,7.3,EDUCATION,G,29482,,0.613,N,26,1
24,122880,MORTGAGE,6.5,DEBTCONSOLIDATION,B,29071,11.05,0.237,Y,17,1
30,164829,MORTGAGE,1.1,MEDICAL,E,23804,18.36,0.144,N,19,0
29,70096,RENT,4.5,PERSONAL,F,16049,23.23,0.229,N,6,0
32,28575,RENT,0.1,DEBTCONSOLIDATION,F,32457,22.74,1.136,N,9,1
60,30293,RENT,2.5,DEBTCONSOLIDATION,D,6092,16.52,0.201,N,25,0
65,79356,RENT,7.2,EDUCATION,A,13005,6.32,0.164,N,15,0
34,101966,MORTGAGE,2.6,HOMEIMPROVEMENT,A,5877,5.91,0.058,N,28,0
61,34437,MORTGAGE,9.0,EDUCATION,C,11410,14.2,0.331,N,26,0
26,107306,RENT,18.7,HOMEIMPROVEMENT,B,575,8.59,0.005,Y,21,0
59,43206,RENT,4.7,PERSONAL,D,20742,15.53,0.48,N,27,0
47,72609,MORTGAGE,0.8,VENTURE,D,11057,16.3,0.152,N,14,0
51,92042,MORTGAGE,2.4,VENTURE,A,9813,9.9,0.107,N,24,0
54,21699,RENT,0.0,DEBTCONSOLIDATION,A,18650,7.86,0.859,N,10,1
34,62836,RENT,,VENTURE,A,29164,6.21,0.464,N,24,0
55,107554,RENT,8.6,MEDICAL,C,32405,12.98,0.301,N,2,0
40,36012,RENT,5.0,HOMEIMPROVEMENT,A,18370,6.72,0.51,N,28,0
25,27415,RENT,7.7,EDUCATION,C,13350,,0.487,N,23,0
20,64352,RENT,8.0,MEDICAL,C,19912,14.2,0.309,N,19,0
23,52753,MORTGAGE,9.5,MEDICAL,A,15944,6.26,0.302,N,8,0
30,40944,MORTGAGE,1.6,EDUCATION,C,25371,13.23,0.62,N,10,0
63,48961,RENT,10.3,PERSONAL,C,2488,14.17,0.051,N,8,0
45,19561,MORTGAGE,5.3,VENTURE,B,21461,,1.097,N,29,0
56,61234,MORTGAGE,1.7,PERSONAL,F,5445,21.83,0.089,Y,9,0
42,117704,OWN,21.8,PERSONAL,A,31684,6.56,0.269,N,19,0
48,33088,RENT,15.0,VENTURE,B,24281,9.98,0.734,N,27,0
40,31081,MORTGAGE,4.3,PERSONAL,E,31211,,1.004,N,22,1
64,53901,MORTGAGE,9.3,MEDICAL,B,25043,9.16,0.465,N,11,1
64,234505,RENT,1.5,DEBTCONSOLIDATION,B,25220,7.47,0.108,N,18,0
46,89763,OWN,2.7,EDUCATION,C,12489,11.72,0.139,N,20,0
58,46546,MORTGAGE,1.0,DEBTCONSOLIDATION,C,19916,13.16,0.428,N,2,0
59,50100,MORTGAGE,3.7,MEDICAL,A,6566,7.49,0.131,N,3,0
32,94784,RENT,3.4,DEBTCONSOLIDATION,B,5009,9.53,0.053,Y,29,0
42,29727,RENT,1.2,MEDICAL,B,1654,7.46,0.056,Y,15,1
35,68628,MORTGAGE,5.6,HOMEIMPROVEMENT,C,29081,12.3,0.424,N,5,0
49,26513,RENT,0.6,VENTURE,C,20736,11.49,0.782,N,23,1
23,81528,MORTGAGE,0.3,VENTURE,C,23419,12.69,0.287,N,18,0
59,41702,RENT,2.4,DEBTCONSOLIDATION,C,14896,13.12,0.357,N,26,0
35,54741,MORTGAGE,2.6,MEDICAL,A,19749,5.07,0.361,N,18,0
50,40240,MORTGAGE,1.9,VENTURE,A,5688,6.54,0.141,N,9,0
61,71989,RENT,1.5,HOMEIMPROVEMENT,B,25170,,0.35,N,2,0
44,44530,MORTGAGE,2.1,DEBTCONSOLIDATION,A,21739,6.77,0.488,Y,18,0
63,160634,RENT,0.9,EDUCATION,C,16428,,0.102,N,9,0
31,106977,RENT,2.6,PERSONAL,C,24314,11.19,0.227,N,14,0
45,23924,RENT,11.7,VENTURE,A,5329,5.26,0.223,N,3,0
56,54464,RENT,1.3,MEDICAL,E,26055,21.12,0.478,N,18,0
52,73448,RENT,5.8,VENTURE,B,24213,10.41,0.33,N,8,0
47,38101,OWN,0.8,MEDICAL,A,2517,6.16,0.066,Y,17,0
28,95498,RENT,2.2,DEBTCONSOLIDATION,A,17056,6.6,0.179,N,18,0
31,89505,RENT,1.9,DEBTCONSOLIDATION,C,9274,11.57,0.104,N,5,0
24,46818,RENT,13.8,PERSONAL,B,19629,10.27,0.419,Y,11,0
47,84092,RENT,2.8,VENTURE,D,18241,15.86,0.217,Y,27,0
54,13018,MORTGAGE,5.9,PERSONAL,B,7896,,0.607,N,10,0
24,103432,RENT,4.6,MEDICAL,E,30445,20.23,0.294,Y,11,1
53,79824,MORTGAGE,0.8,HOMEIMPROVEMENT,A,24397,8.62,0.306,N,20,0
65,26951,RENT,14.0,HOMEIMPROVEMENT,C,5325,14.03,0.198,N,7,0
53,56304,MORTGAGE,2.1,EDUCATION,E,13169,18.74,0.234,N,13,0
32,16083,RENT,0.2,MEDICAL,B,13763,8.37,0.856,N,27,0
58,32212,MORTGAGE,,MEDICAL,A,687,6.65,0.021,Y,12,1
61,89554,MORTGAGE,2.0,MEDICAL,B,12039,9.94,0.134,N,16,0
64,48675,RENT,0.5,DEBTCONSOLIDATION,F,29413,22.47,0.604,N,26,1
33,47216,MORTGAGE,4.8,DEBTCONSOLIDATION,C,16850,,0.357,N,21,0
30,50255,MORTGAGE,2.1,HOMEIMPROVEMENT,C,15365,11.56,0.306,N,15,0
61,47132,RENT,5.0,HOMEIMPROVEMENT,C,5053,13.31,0.107,N,13,0
57,84382,MORTGAGE,0.0,HOMEIMPROVEMENT,A,3946,9.9,0.047,N,29,0
23,34876,OWN,20.1,VENTURE,B,28650,11.71,0.821,N,20,0
52,61737,MORTGAGE,0.9,VENTURE,A,19705,8.43,0.319,N,22,0
26,26120,OWN,5.4,HOMEIMPROVEMENT,B,23093,9.56,0.884,N,13,0
60,73688,RENT,6.3,PERSONAL,D,12489,15.1,0.169,N,28,0
27,41078,MORTGAGE,0.9,VENTURE,C,5997,13.91,0.146,N,8,0
56,47928,OWN,0.6,DEBTCONSOLIDATION,G,11913,26.51,0.249,Y,6,1
29,40167,RENT,0.8,VENTURE,A,5106,6.69,0.127,N,16,0
62,43061,OWN,1.4,VENTURE,B,8244,9.3,0.191,N,17,0
34,28209,RENT,0.9,VENTURE,D,16087,,0.57,N,28,0
57,58752,OWN,5.6,EDUCATION,A,8612,7.26,0.147,N,12,0
34,66507,RENT,2.7,VENTURE,A,16448,6.92,0.247,N,28,0
24,23579,RENT,3.9,PERSONAL,B,29874,10.02,1.267,N,21,1
48,35312,OWN,0.2,EDUCATION,B,5222,11.49,0.148,N,18,0
38,49836,RENT,9.9,DEBTCONSOLIDATION,G,13027,26.04,0.261,N,7,1
29,35268,RENT,0.9,DEBTCONSOLIDATION,B,34917,9.79,0.99,N,21,1
31,43366,RENT,2.2,VENTURE,E,19657,19.0,0.453,N,23,0
23,119235,MORTGAGE,0.4,MEDICAL,E,17207,,0.144,N,7,0
50,28001,OTHER,0.7,EDUCATION,A,14844,7.63,0.53,N,13,0
37,13743,RENT,5.5,DEBTCONSOLIDATION,C,34629,14.98,2.52,N,21,1
35,35266,MORTGAGE,5.9,VENTURE,A,2313,,0.066,N,9,0
59,40925,RENT,,PERSONAL,A,17496,,0.428,Y,21,1
55,37440,MORTGAGE,4.0,HOMEIMPROVEMENT,E,31672,18.41,0.846,N,6,1
44,56831,RENT,15.2,DEBTCONSOLIDATION,B,8152,,0.143,N,22,0
42,27849,RENT,3.5,VENTURE,B,3039,11.27,0.109,N,12,0
31,25683,RENT,3.0,MEDICAL,B,13302,11.29,0.518,N,3,1
53,33827,MORTGAGE,1.4,PERSONAL,A,23565,8.64,0.697,N,9,1
55,34213,OWN,0.5,DEBTCONSOLIDATION,B,3835,8.54,0.112,Y,9,0
56,157386,MORTGAGE,4.0,EDUCATION,B,34343,10.46,0.218,N,27,0
22,115133,RENT,1.9,PERSONAL,B,32197,9.19,0.28,N,9,0
28,19570,MORTGAGE,3.7,VENTURE,E,22897,18.88,1.17,N,18,1
37,16959,MORTGAGE,1.2,DEBTCONSOLIDATION,B,11918,8.13,0.703,N,8,0
62,46762,RENT,9.1,DEBTCONSOLIDATION,A,3115,6.19,0.067,N,4,0
54,140277,RENT,40.0,MEDICAL,A,31705,6.88,0.226,N,2,0
53,70710,RENT,1.9,DEBTCONSOLIDATION,C,7198,13.47,0.102,N,6,0
60,48142,MORTGAGE,9.2,PERSONAL,C,22130,13.9,0.46,N,17,0
33,38145,MORTGAGE,10.3,DEBTCONSOLIDATION,F,16349,23.91,0.429,N,5,1
23,88648,MORTGAGE,27.7,PERSONAL,C,3343,12.86,0.038,N,16,0
48,54062,RENT,2.1,HOMEIMPROVEMENT,A,7509,6.44,0.139,Y,24,0
60,127066,RENT,7.1,HOMEIMPROVEMENT,A,3238,7.42,0.025,N,18,0
64,19375,OWN,1.3,VENTURE,B,13491,10.37,0.696,N,18,0
34,61883,RENT,4.9,EDUCATION,C,27543,11.66,0.445,N,14,0
47,35960,OWN,6.1,EDUCATION,A,7795,5.54,0.217,N,25,0
61,61565,MORTGAGE,6.8,MEDICAL,C,33537,15.75,0.545,N,12,0
35,56273,RENT,,VENTURE,E,29372,19.33,0.522,N,17,1
31,64881,MORTGAGE,9.4,EDUCATION,C,14402,13.96,0.222,N,5,0
24,83924,OWN,2.7,DEBTCONSOLIDATION,C,19073,13.68,0.227,N,16,0
53,105280,RENT,1.2,PERSONAL,D,17627,16.57,0.167,N,13,1
61,143407,OWN,3.9,VENTURE,A,26448,8.52,0.184,N,28,0
20,49448,RENT,10.0,PERSONAL,A,19163,9.68,0.388,N,15,0
58,36377,MORTGAGE,17.1,MEDICAL,A,6202,7.67,0.17,N,14,0
51,24979,MORTGAGE,6.9,DEBTCONSOLIDATION,A,9004,7.14,0.36,N,10,0
45,62267,OWN,0.0,VENTURE,E,25276,20.22,0.406,N,27,0
36,77590,MORTGAGE,0.7,DEBTCONSOLIDATION,A,28415,6.73,0.366,Y,16,0
46,23350,MORTGAGE,0.4,DEBTCONSOLIDATION,C,25078,11.56,1.074,N,17,1
43,92002,RENT,0.5,DEBTCONSOLIDATION,C,8595,13.78,0.093,N,11,0
54,46363,RENT,2.4,MEDICAL,C,29524,11.91,0.637,N,6,1
65,24570,RENT,,HOMEIMPROVEMENT,C,8828,,0.359,N,12,0
61,30743,RENT,0.6,MEDICAL,B,27172,8.48,0.884,N,7,1
58,29179,RENT,10.7,DEBTCONSOLIDATION,B,26096,6.99,0.894,N,12,1
45,29466,RENT,4.8,HOMEIMPROVEMENT,E,15880,17.42,0.539,N,3,0
57,67066,OWN,8.0,VENTURE,A,16933,7.13,0.252,N,28,0
42,78834,MORTGAGE,2.3,PERSONAL,A,31394,8.44,0.398,N,20,0
41,124807,RENT,2.6,PERSONAL,B,14072,,0.113,N,24,0
23,33388,OTHER,1.9,PERSONAL,B,29946,9.17,0.897,Y,16,1
28,59196,RENT,2.9,MEDICAL,B,14150,9.92,0.239,N,13,0
23,34342,MORTGAGE,4.7,VENTURE,G,14065,24.91,0.41,Y,8,1
26,49566,MORTGAGE,3.4,VENTURE,D,27702,15.93,0.559,N,7,1
42,21715,RENT,9.1,HOMEIMPROVEMENT,E,16726,20.27,0.77,N,12,1
21,26429,MORTGAGE,11.5,VENTURE,B,27097,,1.025,N,5,1
43,76243,RENT,3.2,PERSONAL,A,9254,6.41,0.121,N,29,0
59,21678,RENT,1.4,VENTURE,D,19619,16.02,0.905,N,15,1
50,68744,RENT,14.5,HOMEIMPROVEMENT,D,13030,16.78,0.19,N,11,0
50,33796,OWN,,VENTURE,C,10920,16.44,0.323,N,16,0
59,16999,MORTGAGE,5.1,VENTURE,E,6342,21.1,0.373,N,5,0
62,12134,MORTGAGE,6.8,PERSONAL,F,11995,,0.989,N,14,1
53,109634,MORTGAGE,0.4,VENTURE,B,5201,9.39,0.047,Y,9,0
43,17188,RENT,0.4,MEDICAL,A,8060,6.9,0.469,N,26,0
45,47315,MORTGAGE,0.8,HOMEIMPROVEMENT,B,19939,9.19,0.421,Y,25,0
35,59556,RENT,0.8,HOMEIMPROVEMENT,G,12018,25.26,0.202,N,9,1
32,23807,RENT,2.7,HOMEIMPROVEMENT,B,585,10.39,0.025,N,29,0
34,36154,MORTGAGE,0.9,VENTURE,C,8737,13.73,0.242,N,14,0
46,63790,RENT,9.6,MEDICAL,C,2583,10.64,0.04,N,12,0
23,57602,RENT,4.3,DEBTCONSOLIDATION,A,16872,5.95,0.293,N,6,0
35,38051,MORTGAGE,2.3,DEBTCONSOLIDATION,C,19823,14.74,0.521,Y,28,1
49,55842,MORTGAGE,0.4,HOMEIMPROVEMENT,B,9742,8.68,0.174,N,19,0
63,46340,MORTGAGE,4.5,EDUCATION,D,12414,15.08,0.268,N,27,0
49,28746,RENT,0.6,DEBTCONSOLIDATION,C,25107,,0.873,N,19,0
55,94870,RENT,6.8,DEBTCONSOLIDATION,D,12423,17.71,0.131,N,3,0
22,54944,MORTGAGE,8.1,PERSONAL,A,21025,7.8,0.383,N,23,0
41,17798,MORTGAGE,3.9,EDUCATION,A,1071,6.67,0.06,N,27,0
41,65311,MORTGAGE,0.8,EDUCATION,D,30658,15.45,0.469,N,16,0
31,34942,OWN,7.7,HOMEIMPROVEMENT,B,7735,9.18,0.221,Y,6,0
40,41806,OWN,1.8,EDUCATION,A,8708,5.49,0.208,N,21,0
23,49242,RENT,1.3,EDUCATION,A,16436,,0.334,N,29,0
50,31693,MORTGAGE,,DEBTCONSOLIDATION,B,29356,12.11,0.926,N,5,1
63,132147,MORTGAGE,12.8,MEDICAL,A,11333,8.79,0.086,Y,9,0
50,21561,MORTGAGE,1.8,PERSONAL,C,34346,12.59,1.593,N,27,0
42,50573,RENT,11.8,VENTURE,C,31223,,0.617,Y,19,1
39,60460,MORTGAGE,0.3,HOMEIMPROVEMENT,C,13830,14.37,0.229,N,22,0
34,50144,OWN,,DEBTCONSOLIDATION,E,33398,18.27,0.666,N,24,0
42,44132,MORTGAGE,6.0,DEBTCONSOLIDATION,A,19429,7.8,0.44,N,16,0
47,39840,MORTGAGE,1.1,HOMEIMPROVEMENT,B,23606,8.67,0.593,N,13,0
35,31516,RENT,1.9,EDUCATION,A,7952,7.2,0.252,Y,8,0
56,31210,RENT,0.7,VENTURE,E,11827,18.43,0.379,N,17,0
40,92706,RENT,2.0,DEBTCONSOLIDATION,E,15374,,0.166,N,9,0
34,38447,RENT,1.6,VENTURE,B,30996,,0.806,N,15,1
36,158372,MORTGAGE,6.7,VENTURE,B,7981,9.27,0.05,N,20,0
56,70821,RENT,6.1,HOMEIMPROVEMENT,A,13259,5.72,0.187,N,19,0
32,11302,MORTGAGE,15.5,HOMEIMPROVEMENT,D,20499,,1.814,N,9,1
38,79681,RENT,6.4,DEBTCONSOLIDATION,C,20974,14.61,0.263,N,17,0
49,47608,RENT,5.9,DEBTCONSOLIDATION,E,19418,19.16,0.408,N,10,1
64,22823,RENT,5.9,DEBTCONSOLIDATION,A,30191,6.91,1.323,Y,2,1
37,100442,OWN,10.7,MEDICAL,B,6380,,0.064,N,26,0
33,38570,RENT,1.8,HOMEIMPROVEMENT,C,9345,,0.242,N,9,0
55,36808,RENT,1.8,HOMEIMPROVEMENT,E,28617,21.78,0.777,Y,8,1
55,60255,MORTGAGE,6.8,MEDICAL,B,5913,,0.098,N,9,0
39,91909,OTHER,1.3,HOMEIMPROVEMENT,B,29050,9.99,0.316,Y,14,0
38,52176,MORTGAGE,12.2,EDUCATION,E,8156,,0.156,N,4,1
64,50161,RENT,3.8,EDUCATION,A,12837,5.69,0.256,N,3,0
63,33413,RENT,1.8,MEDICAL,B,33949,11.58,1.016,N,14,0
26,91050,OTHER,7.5,DEBTCONSOLIDATION,B,1618,8.92,0.018,N,29,0
63,52453,MORTGAGE,1.9,MEDICAL,A,13006,,0.248,N,5,0
23,43304,MORTGAGE,16.5,EDUCATION,B,22168,8.67,0.512,Y,24,0
53,40447,RENT,20.4,VENTURE,C,33243,12.89,0.822,Y,3,0
21,86228,RENT,5.5,HOMEIMPROVEMENT,B,34350,8.57,0.398,N,24,0
24,42434,RENT,0.6,PERSONAL,B,25517,10.79,0.601,N,8,0
29,86350,MORTGAGE,1.5,PERSONAL,D,12547,16.25,0.145,N,27,0
51,37821,RENT,3.6,MEDICAL,G,20667,,0.546,N,10,1
61,72930,OTHER,9.5,PERSONAL,D,26958,17.01,0.37,N,20,0
60,54934,RENT,1.0,VENTURE,D,18684,16.15,0.34,N,10,0
32,29059,MORTGAGE,0.6,PERSONAL,E,20233,19.14,0.696,N,24,1
58,46731,RENT,0.4,EDUCATION,D,8489,14.48,0.182,N,12,0
24,14693,MORTGAGE,3.5,MEDICAL,G,5513,25.46,0.375,N,14,1
29,32557,RENT,10.8,DEBTCONSOLIDATION,D,9700,15.88,0.298,N,9,0
29,20582,MORTGAGE,0.2,PERSONAL,C,34370,13.79,1.67,N,15,0
57,147064,MORTGAGE,1.2,HOMEIMPROVEMENT,C,25552,13.9,0.174,N,20,0
46,20716,RENT,5.9,MEDICAL,E,29411,18.23,1.42,N,6,1
40,203248,MORTGAGE,8.7,VENTURE,C,16223,12.13,0.08,N,17,0
27,65046,MORTGAGE,8.2,EDUCATION,D,20817,16.09,0.32,N,28,0
20,36850,OWN,7.7,PERSONAL,A,33249,6.69,0.902,N,8,0
47,76381,OWN,0.7,EDUCATION,E,24820,17.25,0.325,N,25,0
58,34389,OWN,,VENTURE,B,29700,,0.864,N,15,1
33,22578,RENT,20.9,DEBTCONSOLIDATION,A,11772,8.29,0.521,N,23,1
40,51199,RENT,22.5,PERSONAL,D,17267,16.54,0.337,N,23,1
49,72044,OTHER,4.6,DEBTCONSOLIDATION,B,17746,9.97,0.246,N,6,0
40,99024,MORTGAGE,6.2,DEBTCONSOLIDATION,A,12640,8.5,0.128,Y,21,0
28,64456,RENT,15.1,MEDICAL,A,10037,6.93,0.156,N,17,0
36,36638,MORTGAGE,3.0,DEBTCONSOLIDATION,A,31209,7.85,0.852,N,8,1
24,105077,RENT,0.7,MEDICAL,A,32924,6.96,0.313,N,27,0
50,92933,MORTGAGE,5.5,DEBTCONSOLIDATION,C,34257,13.07,0.369,Y,22,0
59,56837,MORTGAGE,16.1,HOMEIMPROVEMENT,E,30688,22.77,0.54,N,17,1
57,95408,MORTGAGE,6.0,VENTURE,B,15095,9.17,0.158,Y,25,0
62,163022,RENT,8.1,PERSONAL,C,23931,13.66,0.147,N,13,0
38,36352,RENT,2.7,EDUCATION,D,30538,16.64,0.84,N,17,1
55,29886,RENT,0.5,EDUCATION,B,5178,11.38,0.173,Y,18,0
52,35775,MORTGAGE,0.9,PERSONAL,C,11981,12.91,0.335,N,9,0
32,23334,RENT,20.3,VENTURE,B,22907,12.4,0.982,N,13,1
33,67857,MORTGAGE,3.4,VENTURE,C,13944,12.57,0.205,N,6,0
52,20222,MORTGAGE,0.1,DEBTCONSOLIDATION,A,7727,6.46,0.382,N,5,0
48,98297,MORTGAGE,15.5,EDUCATION,F,29294,23.01,0.298,N,29,0
62,33870,MORTGAGE,3.4,PERSONAL,A,22935,8.48,0.677,N,23,0
55,103496,MORTGAGE,9.0,DEBTCONSOLIDATION,B,28784,8.5,0.278,Y,29,0
63,12011,RENT,4.0,PERSONAL,B,24729,9.08,2.059,N,24,1
29,39661,MORTGAGE,0.5,EDUCATION,C,28086,13.2,0.708,N,20,1
50,24072,MORTGAGE,4.8,PERSONAL,B,12961,10.71,0.538,N,13,0
25,103191,RENT,29.8,PERSONAL,B,10208,11.62,0.099,N,5,0
20,123434,MORTGAGE,0.2,DEBTCONSOLIDATION,A,8204,7.14,0.066,N,8,0
26,13504,RENT,9.2,MEDICAL,A,17044,8.39,1.262,N,8,1
46,78922,RENT,1.3,MEDICAL,D,11554,13.84,0.146,Y,20,1
40,88236,OWN,2.5,HOMEIMPROVEMENT,A,9016,5.56,0.102,N,26,0
47,58637,OWN,2.3,DEBTCONSOLIDATION,D,25360,15.99,0.432,Y,4,1
35,67743,MORTGAGE,11.5,HOMEIMPROVEMENT,B,29358,11.25,0.433,N,25,0
65,65109,MORTGAGE,3.5,VENTURE,A,2542,6.61,0.039,N,25,0
42,79081,OWN,3.0,MEDICAL,A,32402,6.65,0.41,N,20,0
39,26880,OWN,8.5,MEDICAL,E,24493,19.46,0.911,N,24,1
57,94870,MORTGAGE,0.3,MEDICAL,C,17621,12.73,0.186,N,20,0
44,55002,MORTGAGE,0.5,MEDICAL,A,5284,8.68,0.096,N,14,0
47,53217,RENT,0.1,VENTURE,C,30641,13.12,0.576,N,15,0
24,66946,RENT,5.8,EDUCATION,D,33207,,0.496,N,19,0
40,24369,RENT,3.7,VENTURE,B,34755,10.18,1.426,N,8,0
37,20860,MORTGAGE,10.4,EDUCATION,C,17587,12.55,0.843,Y,14,1
25,45863,MORTGAGE,3.5,HOMEIMPROVEMENT,B,21153,,0.461,Y,25,0
48,114570,OWN,1.3,MEDICAL,A,7598,8.31,0.066,N,26,0
38,25540,RENT,8.2,DEBTCONSOLIDATION,B,31891,9.8,1.249,N,15,1
52,53978,MORTGAGE,1.7,DEBTCONSOLIDATION,D,33992,12.63,0.63,N,18,0
20,33051,RENT,13.7,EDUCATION,B,33358,9.43,1.009,Y,16,1
64,30698,RENT,1.4,VENTURE,B,18653,7.22,0.608,N,10,0
22,64563,OWN,0.9,EDUCATION,B,33944,10.62,0.526,N,3,0
61,74433,MORTGAGE,3.4,PERSONAL,B,23573,8.65,0.317,N,4,0
40,31788,MORTGAGE,0.3,HOMEIMPROVEMENT,B,5296,10.06,0.167,N,9,0
54,105133,RENT,0.2,HOMEIMPROVEMENT,C,19258,11.23,0.183,N,19,0
60,61844,RENT,3.4,MEDICAL,A,5280,6.9,0.085,N,24,0
59,42919,MORTGAGE,1.2,MEDICAL,D,9372,16.2,0.218,N,12,0
22,59345,RENT,0.0,VENTURE,A,1791,,0.03,N,25,0
44,150240,RENT,1.8,EDUCATION,C,29442,12.95,0.196,N,11,0
64,74194,RENT,3.2,PERSONAL,B,10474,7.98,0.141,N,22,0
57,33380,MORTGAGE,2.5,HOMEIMPROVEMENT,D,27627,16.05,0.828,N,12,1
64,48519,OTHER,0.7,EDUCATION,D,21238,15.23,0.438,N,4,1
39,52690,MORTGAGE,4.3,PERSONAL,A,8929,7.11,0.169,N,28,0
63,70682,OTHER,6.2,DEBTCONSOLIDATION,C,16587,12.86,0.235,N,13,0
64,55924,MORTGAGE,5.6,EDUCATION,A,30634,6.71,0.548,N,10,0
53,139027,OWN,2.5,MEDICAL,A,34521,6.46,0.248,N,13,0
40,43274,MORTGAGE,0.7,DEBTCONSOLIDATION,E,16526,19.33,0.382,Y,29,1
42,18930,MORTGAGE,3.5,DEBTCONSOLIDATION,A,9618,9.0,0.508,N,15,0
25,55159,RENT,11.1,HOMEIMPROVEMENT,A,2498,6.84,0.045,N,14,0
32,38460,MORTGAGE,3.2,PERSONAL,A,10134,7.65,0.263,N,9,0
42,21435,RENT,1.1,MEDICAL,B,21143,11.88,0.986,N,4,0
28,33291,RENT,0.5,DEBTCONSOLIDATION,E,13707,19.48,0.412,N,25,0
36,40250,OWN,14.4,VENTURE,A,33056,7.91,0.821,N,20,1
21,91756,RENT,6.8,VENTURE,C,19633,11.97,0.214,N,7,0
38,21681,OTHER,1.9,MEDICAL,B,7796,10.43,0.36,N,17,0
38,59419,MORTGAGE,1.8,PERSONAL,B,1360,10.42,0.023,N,15,0
26,166252,RENT,11.3,PERSONAL,C,21817,15.13,0.131,N,29,0
61,44525,MORTGAGE,1.0,HOMEIMPROVEMENT,C,30117,,0.676,N,2,1
61,43812,MORTGAGE,3.8,MEDICAL,B,17364,12.61,0.396,N,21,0
39,72829,RENT,6.3,VENTURE,D,15257,17.38,0.209,N,9,0
28,65329,MORTGAGE,2.5,MEDICAL,A,25936,8.16,0.397,N,7,0
36,106901,MORTGAGE,0.2,EDUCATION,A,6320,5.62,0.059,N,28,0
46,44716,RENT,1.3,PERSONAL,G,16140,23.91,0.361,N,6,1
21,72128,RENT,11.6,DEBTCONSOLIDATION,D,2662,16.75,0.037,Y,23,0
55,72762,RENT,3.7,EDUCATION,D,11554,13.5,0.159,N,8,0
38,40759,RENT,8.4,VENTURE,C,27052,11.19,0.664,N,2,0
36,46042,RENT,4.1,PERSONAL,B,23699,10.96,0.515,N,14,0
24,48719,MORTGAGE,14.4,VENTURE,C,9085,14.43,0.186,N,17,1
58,24816,RENT,12.0,VENTURE,A,26913,9.57,1.085,Y,20,1
37,39585,OWN,3.3,VENTURE,D,5133,15.6,0.13,Y,13,0
26,111623,RENT,1.9,HOMEIMPROVEMENT,C,4819,11.96,0.043,N,15,0
36,86746,MORTGAGE,4.6,VENTURE,F,33751,21.08,0.389,Y,16,1
58,35633,MORTGAGE,5.6,VENTURE,C,6837,13.54,0.192,N,13,0
55,48598,OWN,3.4,EDUCATION,A,29296,6.76,0.603,N,18,0
59,83638,MORTGAGE,8.6,EDUCATION,B,29690,8.37,0.355,N,10,0
64,62559,RENT,1.0,EDUCATION,A,9003,7.63,0.144,N,5,0
23,76111,OWN,2.0,PERSONAL,D,5905,14.77,0.078,N,19,1
57,65760,RENT,5.8,HOMEIMPROVEMENT,B,32993,10.89,0.502,N,13,0
44,55186,RENT,1.4,PERSONAL,B,21709,10.85,0.393,N,12,0
24,44746,RENT,2.9,HOMEIMPROVEMENT,F,5836,21.64,0.13,N,22,0
49,25404,MORTGAGE,16.6,HOMEIMPROVEMENT,F,14228,22.34,0.56,Y,3,1
31,71734,RENT,4.9,MEDICAL,F,26269,21.65,0.366,Y,24,1
23,43392,MORTGAGE,14.9,DEBTCONSOLIDATION,A,33785,6.92,0.779,N,21,1
43,19804,MORTGAGE,6.4,MEDICAL,C,28787,,1.454,Y,22,1
48,36311,OWN,6.4,MEDICAL,F,29758,17.93,0.82,Y,26,1
28,78335,RENT,4.5,HOMEIMPROVEMENT,C,3099,12.85,0.04,N,15,0
23,17087,RENT,,HOMEIMPROVEMENT,A,27819,5.81,1.628,N,13,1
43,27826,RENT,3.7,PERSONAL,D,21571,14.97,0.775,N,3,0
33,52861,RENT,1.5,HOMEIMPROVEMENT,E,22811,17.9,0.432,N,12,1
24,106206,MORTGAGE,33.1,VENTURE,C,34395,14.14,0.324,Y,6,1
37,84964,MORTGAGE,1.6,VENTURE,B,11247,11.29,0.132,N,15,0
61,111960,MORTGAGE,1.3,HOMEIMPROVEMENT,A,19245,7.41,0.172,N,16,0
38,54955,MORTGAGE,4.9,VENTURE,C,27057,12.61,0.492,N,21,0
31,43693,OWN,3.6,HOMEIMPROVEMENT,B,17230,,0.394,N,4,1
37,77949,RENT,0.1,MEDICAL,C,23997,14.32,0.308,Y,28,0
36,29892,OTHER,0.7,HOMEIMPROVEMENT,A,14844,8.99,0.497,N,18,0
49,28636,RENT,8.3,MEDICAL,A,7462,6.09,0.261,N,29,0
43,25970,MORTGAGE,3.3,EDUCATION,B,25725,8.18,0.991,N,7,0
30,89222,MORTGAGE,0.8,VENTURE,A,27793,7.37,0.312,N,8,0
54,30976,MORTGAGE,3.1,EDUCATION,C,8956,10.85,0.289,N,14,0
42,84993,MORTGAGE,1.5,VENTURE,B,11937,10.33,0.14,N,2,0
36,53191,MORTGAGE,1.3,DEBTCONSOLIDATION,C,4310,13.27,0.081,Y,14,1
20,89855,OWN,15.8,DEBTCONSOLIDATION,D,27022,15.84,0.301,N,7,0
34,26689,MORTGAGE,2.2,DEBTCONSOLIDATION,A,18718,9.15,0.701,N,18,0
51,34751,MORTGAGE,0.2,EDUCATION,E,11804,19.09,0.34,N,7,0
28,62924,RENT,17.6,DEBTCONSOLIDATION,D,27141,,0.431,N,5,1
34,38675,RENT,7.9,HOMEIMPROVEMENT,C,27312,14.39,0.706,N,7,0
47,12439,OTHER,1.5,DEBTCONSOLIDATION,E,23227,18.92,1.867,N,2,1
43,23046,MORTGAGE,2.6,EDUCATION,A,16215,6.53,0.704,N,2,0
54,26574,MORTGAGE,9.9,VENTURE,B,31705,9.56,1.193,N,20,0
41,27680,RENT,2.2,PERSONAL,A,7720,7.51,0.279,N,23,0
46,71323,RENT,4.2,VENTURE,B,21059,10.39,0.295,N,20,0
38,59004,RENT,3.8,PERSONAL,B,9984,12.05,0.169,N,14,0
64,53595,MORTGAGE,2.6,HOMEIMPROVEMENT,C,5389,12.24,0.101,N,8,0
31,147970,RENT,5.1,VENTURE,A,26723,6.72,0.181,N,12,0
39,93561,RENT,3.2,EDUCATION,A,10317,8.15,0.11,N,21,0
20,76191,MORTGAGE,,HOMEIMPROVEMENT,B,29000,,0.381,N,13,1
40,21538,MORTGAGE,8.4,VENTURE,A,8880,6.93,0.412,N,10,0
64,50652,RENT,0.6,HOMEIMPROVEMENT,D,4005,15.77,0.079,N,14,0
20,57773,MORTGAGE,3.1,PERSONAL,C,3720,12.4,0.064,N,8,0
29,39012,OWN,4.3,HOMEIMPROVEMENT,B,15099,8.91,0.387,N,21,0
51,125305,MORTGAGE,6.1,EDUCATION,A,15801,6.97,0.126,N,26,0
58,50420,OWN,2.6,VENTURE,A,17587,7.7,0.349,N,6,0
41,24944,OWN,6.7,PERSONAL,C,16293,13.44,0.653,N,17,0
37,28323,RENT,0.7,HOMEIMPROVEMENT,G,10101,24.9,0.357,N,21,1
65,172006,RENT,5.3,MEDICAL,B,1339,10.38,0.008,N,19,0
51,38907,MORTGAGE,8.8,PERSONAL,D,19449,14.86,0.5,N,26,0
46,15627,MORTGAGE,11.0,PERSONAL,E,1033,19.68,0.066,Y,13,0
47,35254,RENT,,EDUCATION,A,13260,5.28,0.376,N,27,0
37,17950,RENT,1.9,EDUCATION,E,31920,19.31,1.778,N,25,1
58,81187,MORTGAGE,0.9,HOMEIMPROVEMENT,B,14742,10.71,0.182,N,23,0
48,16727,RENT,2.1,MEDICAL,F,1841,22.13,0.11,N,2,0
37,22669,OWN,3.9,PERSONAL,C,34889,13.01,1.539,N,9,1
63,49128,RENT,1.1,HOMEIMPROVEMENT,A,27692,5.73,0.564,N,5,0
27,90233,OWN,15.2,DEBTCONSOLIDATION,F,20579,21.95,0.228,Y,18,1
50,47184,RENT,,MEDICAL,A,23692,9.38,0.502,N,4,0
53,24545,RENT,0.2,HOMEIMPROVEMENT,E,4037,18.92,0.164,N,23,0
26,54198,RENT,4.1,PERSONAL,A,22844,6.67,0.421,N,19,0
55,37900,OTHER,,HOMEIMPROVEMENT,C,23913,11.06,0.631,N,9,1
37,91398,RENT,1.4,EDUCATION,B,33940,10.44,0.371,N,22,0
57,78443,MORTGAGE,3.7,EDUCATION,F,17246,22.53,0.22,Y,22,1
28,36481,OWN,2.6,VENTURE,A,3579,6.43,0.098,N,2,0
28,75272,MORTGAGE,1.1,MEDICAL,B,34651,9.71,0.46,N,10,0
65,56907,RENT,4.8,DEBTCONSOLIDATION,C,31611,11.4,0.555,N,28,0
27,103958,OWN,25.3,PERSONAL,F,1128,22.15,0.011,N,3,0
54,73530,OWN,2.3,MEDICAL,B,34917,10.6,0.475,N,26,0
37,66227,RENT,4.0,EDUCATION,B,29198,7.29,0.441,N,27,0
24,101760,MORTGAGE,2.0,DEBTCONSOLIDATION,B,7977,9.96,0.078,N,11,0
33,49437,OWN,,PERSONAL,A,32118,9.08,0.65,N,28,0
47,32041,OTHER,10.0,VENTURE,D,32978,16.18,1.029,N,15,1
49,54746,RENT,1.0,EDUCATION,A,25231,7.59,0.461,N,2,0
23,40316,MORTGAGE,11.5,EDUCATION,C,21192,14.27,0.526,N,11,0
58,68343,RENT,0.8,DEBTCONSOLIDATION,C,27303,13.68,0.399,N,9,1
39,50719,RENT,0.5,MEDICAL,A,3815,6.57,0.075,N,4,0
44,61182,RENT,5.3,HOMEIMPROVEMENT,B,32048,8.06,0.524,Y,14,0
47,25279,RENT,2.4,MEDICAL,D,29833,,1.18,N,4,1
31,64832,MORTGAGE,3.8,EDUCATION,B,4283,10.9,0.066,N,8,0
21,24176,MORTGAGE,5.3,MEDICAL,A,25120,8.01,1.039,N,24,0
62,83197,RENT,0.3,HOMEIMPROVEMENT,A,17476,8.25,0.21,N,24,0
33,83265,RENT,1.7,VENTURE,D,23754,17.34,0.285,N,12,0
41,59359,RENT,3.1,PERSONAL,B,2498,10.95,0.042,Y,15,0
50,58136,OTHER,1.6,EDUCATION,E,26435,19.03,0.455,N,8,0
42,43346,OWN,0.3,MEDICAL,C,10659,12.62,0.246,N,20,0
39,35179,RENT,0.5,EDUCATION,B,22149,10.88,0.63,N,16,0
57,48618,OWN,8.1,PERSONAL,C,13665,13.17,0.281,N,9,0
23,145870,RENT,12.1,MEDICAL,B,29224,10.14,0.2,N,2,0
34,55610,MORTGAGE,,VENTURE,E,26916,20.18,0.484,N,4,1
43,23384,OWN,1.4,PERSONAL,B,28858,12.52,1.234,N,9,1
44,19156,RENT,5.3,HOMEIMPROVEMENT,A,13958,5.87,0.729,N,14,1
20,22226,MORTGAGE,15.4,HOMEIMPROVEMENT,C,23610,,1.062,N,19,0
26,39827,RENT,1.8,EDUCATION,C,20146,11.79,0.506,N,8,0
50,98340,RENT,9.7,HOMEIMPROVEMENT,D,15963,16.23,0.162,Y,21,0
31,27919,MORTGAGE,3.5,MEDICAL,E,15082,16.98,0.54,N,7,1
61,107147,OTHER,15.7,HOMEIMPROVEMENT,B,21243,,0.198,Y,26,0
24,54105,MORTGAGE,0.7,VENTURE,B,17485,10.02,0.323,N,9,0
63,63952,OWN,18.2,DEBTCONSOLIDATION,B,22499,11.28,0.352,Y,5,1
61,62995,OWN,2.9,MEDICAL,E,1568,17.22,0.025,Y,24,1
57,67837,RENT,15.3,DEBTCONSOLIDATION,F,22941,22.52,0.338,N,15,0
31,39094,RENT,3.1,EDUCATION,F,4865,21.96,0.124,Y,20,1
58,13576,MORTGAGE,3.8,EDUCATION,A,18781,8.76,1.383,N,10,0
37,35468,MORTGAGE,8.2,HOMEIMPROVEMENT,B,10208,,0.288,N,14,1
21,30081,RENT,6.4,HOMEIMPROVEMENT,A,31183,7.52,1.037,Y,13,1
29,58151,OTHER,4.8,EDUCATION,B,18872,9.81,0.325,N,3,0
34,55302,MORTGAGE,2.7,MEDICAL,A,21672,,0.392,N,7,0
49,42200,RENT,,PERSONAL,A,9845,6.31,0.233,N,22,0
63,128738,MORTGAGE,14.8,EDUCATION,B,7588,9.09,0.059,N,21,0
36,34461,RENT,0.0,VENTURE,B,10876,7.91,0.316,N,19,0
23,14412,MORTGAGE,4.4,MEDICAL,A,501,8.86,0.035,Y,10,0
26,52349,OWN,10.0,PERSONAL,A,4670,6.57,0.089,N,16,0
60,94283,OWN,5.3,PERSONAL,D,30110,16.57,0.319,Y,22,0
50,57407,RENT,8.1,MEDICAL,B,22224,8.67,0.387,N,2,0
58,40289,MORTGAGE,11.3,EDUCATION,C,18689,13.06,0.464,N,22,0
53,55951,MORTGAGE,7.0,PERSONAL,B,11747,10.61,0.21,N,8,0
25,134779,RENT,6.3,VENTURE,D,33179,16.1,0.246,N,4,0
57,30293,RENT,16.7,DEBTCONSOLIDATION,A,6895,6.0,0.228,N,24,0
64,49860,MORTGAGE,10.0,MEDICAL,A,7970,7.97,0.16,N,23,0
53,70860,MORTGAGE,8.4,HOMEIMPROVEMENT,C,11122,10.54,0.157,N,8,0
63,56366,RENT,0.5,DEBTCONSOLIDATION,E,31383,17.11,0.557,Y,14,0
34,42773,RENT,1.4,EDUCATION,A,34650,6.86,0.81,Y,10,1
33,38774,RENT,4.1,MEDICAL,A,21726,5.0,0.56,N,3,0
25,41904,RENT,6.2,VENTURE,E,33484,18.06,0.799,Y,13,1
56,65684,MORTGAGE,1.8,DEBTCONSOLIDATION,A,18264,6.43,0.278,N,3,0
51,63613,RENT,0.5,DEBTCONSOLIDATION,A,14840,8.83,0.233,N,14,0
22,155141,RENT,1.9,PERSONAL,E,1811,18.21,0.012,N,2,1
22,21052,OWN,7.4,EDUCATION,D,27495,15.37,1.306,N,28,1
41,128907,RENT,10.5,EDUCATION,B,19863,7.78,0.154,N,19,0
41,43806,MORTGAGE,12.2,MEDICAL,F,31489,22.09,0.719,N,4,1
29,46638,OWN,,MEDICAL,C,18451,,0.396,N,29,0
22,78613,MORTGAGE,2.3,VENTURE,A,32892,5.69,0.418,N,8,0
31,78340,MORTGAGE,2.6,HOMEIMPROVEMENT,C,26058,,0.333,N,4,0
48,92608,RENT,2.4,MEDICAL,C,11555,14.02,0.125,N,16,0
36,104414,RENT,5.5,DEBTCONSOLIDATION,C,7463,12.33,0.071,N,13,0
26,47958,MORTGAGE,2.2,MEDICAL,G,31328,22.69,0.653,N,12,0
32,105155,MORTGAGE,0.1,MEDICAL,A,13768,,0.131,N,14,0
21,34681,RENT,2.9,VENTURE,C,34399,14.84,0.992,N,25,1
23,41443,MORTGAGE,1.3,PERSONAL,B,22547,10.17,0.544,N,4,1
29,44351,OWN,0.1,HOMEIMPROVEMENT,A,15711,6.08,0.354,N,19,0
58,36693,RENT,3.2,VENTURE,C,16464,14.64,0.449,N,16,1
43,50661,MORTGAGE,1.2,MEDICAL,C,10197,12.78,0.201,Y,27,1
36,80260,MORTGAGE,3.0,PERSONAL,D,30188,16.02,0.376,N,11,0
25,70139,MORTGAGE,1.6,MEDICAL,E,568,,0.008,N,21,0
38,34987,MORTGAGE,4.6,VENTURE,C,33704,14.11,0.963,N,5,1
24,33438,MORTGAGE,23.5,EDUCATION,B,19549,9.66,0.585,N,6,1
51,30624,RENT,4.0,MEDICAL,B,31079,10.44,1.015,N,13,1
29,51474,RENT,5.2,PERSONAL,B,18557,10.66,0.361,N,22,0
28,20548,RENT,12.6,HOMEIMPROVEMENT,A,17438,7.99,0.849,N,20,0
46,30036,MORTGAGE,2.3,EDUCATION,C,28892,,0.962,N,17,1
32,38087,MORTGAGE,0.9,MEDICAL,C,8607,14.96,0.226,N,18,1
38,87592,OWN,1.7,MEDICAL,C,15162,14.71,0.173,N,9,0
40,45583,MORTGAGE,2.6,PERSONAL,F,17507,20.89,0.384,Y,27,0
43,85239,MORTGAGE,5.2,EDUCATION,B,24492,9.98,0.287,N,3,1
57,54348,MORTGAGE,0.0,EDUCATION,B,16230,10.09,0.299,N,29,0
23,37764,RENT,9.6,EDUCATION,C,7490,13.19,0.198,N,17,0
43,38629,MORTGAGE,0.4,MEDICAL,C,20321,13.93,0.526,Y,16,1
54,25813,MORTGAGE,11.5,EDUCATION,A,4016,6.6,0.156,N,12,0
22,183826,OWN,,MEDICAL,B,20656,,0.112,N,6,0
23,90289,RENT,23.1,MEDICAL,A,23245,7.76,0.257,N,3,0
56,68326,OTHER,8.3,DEBTCONSOLIDATION,D,28533,16.59,0.418,Y,23,1
59,23936,MORTGAGE,0.8,EDUCATION,E,11965,19.57,0.5,N,8,1
54,38238,RENT,6.1,VENTURE,B,10786,10.67,0.282,N,8,0
50,28668,RENT,1.1,HOMEIMPROVEMENT,A,12018,7.26,0.419,N,2,1
63,52583,RENT,11.4,HOMEIMPROVEMENT,A,16050,5.0,0.305,N,26,0
44,29436,MORTGAGE,1.9,VENTURE,A,33698,5.78,1.145,N,18,1
59,33905,RENT,2.0,EDUCATION,A,24114,5.45,0.711,N,25,0
32,29862,RENT,12.5,MEDICAL,A,33017,5.71,1.106,Y,28,1
23,42964,OTHER,0.1,PERSONAL,B,4422,8.81,0.103,N,17,0
65,50984,MORTGAGE,1.1,VENTURE,B,14341,11.24,0.281,N,18,0
33,43595,MORTGAGE,,HOMEIMPROVEMENT,C,1881,14.6,0.043,N,12,1
32,113902,RENT,6.0,HOMEIMPROVEMENT,B,18455,10.77,0.162,N,15,0
46,76581,MORTGAGE,5.2,MEDICAL,D,831,14.81,0.011,N,14,0
25,31867,RENT,5.5,HOMEIMPROVEMENT,F,23724,20.89,0.744,Y,4,1
36,58634,OWN,10.6,HOMEIMPROVEMENT,B,22161,9.22,0.378,N,27,0
55,33344,RENT,0.6,MEDICAL,A,30955,6.12,0.928,N,21,0
59,39445,MORTGAGE,3.7,EDUCATION,A,23937,8.58,0.607,N,26,0
54,63803,MORTGAGE,6.5,DEBTCONSOLIDATION,A,13685,5.37,0.214,N,9,0
36,70693,MORTGAGE,5.1,HOMEIMPROVEMENT,B,16237,10.38,0.23,N,13,0
60,35486,MORTGAGE,3.0,DEBTCONSOLIDATION,C,30997,11.47,0.873,N,12,0
21,26697,RENT,0.1,DEBTCONSOLIDATION,B,15405,10.6,0.577,N,28,1
32,51443,RENT,0.3,EDUCATION,A,1896,6.54,0.037,N,13,0
21,62258,MORTGAGE,0.6,PERSONAL,D,33994,14.65,0.546,N,16,0
47,34507,MORTGAGE,2.1,EDUCATION,A,7062,6.33,0.205,N,22,0
62,76811,RENT,0.6,MEDICAL,A,10005,7.6,0.13,N,5,0
45,69675,RENT,2.8,MEDICAL,C,18288,11.05,0.262,N,11,0
41,34232,MORTGAGE,1.0,MEDICAL,A,28641,6.25,0.837,Y,17,0
62,91271,OTHER,7.6,HOMEIMPROVEMENT,C,25842,12.78,0.283,N,10,0
22,92818,MORTGAGE,10.3,VENTURE,F,15025,20.35,0.162,Y,18,1
54,152850,OWN,2.5,HOMEIMPROVEMENT,D,1703,14.86,0.011,N,28,0
31,125676,MORTGAGE,3.6,EDUCATION,A,15818,8.74,0.126,N,23,0
43,29838,RENT,15.3,PERSONAL,B,1313,8.41,0.044,N,14,0
24,81531,RENT,3.8,PERSONAL,B,13175,9.36,0.162,N,9,0
39,79522,MORTGAGE,26.6,PERSONAL,G,31793,25.58,0.4,N,24,1
58,40470,MORTGAGE,0.8,DEBTCONSOLIDATION,F,23891,21.91,0.59,N,9,1
58,62957,MORTGAGE,9.9,PERSONAL,A,10034,6.31,0.159,Y,4,1
32,17453,MORTGAGE,3.4,DEBTCONSOLIDATION,E,7756,19.94,0.444,N,22,0
60,17189,OTHER,0.1,VENTURE,A,7410,5.0,0.431,N,14,0
64,19090,MORTGAGE,17.9,PERSONAL,B,31428,10.84,1.646,N,18,1
31,60723,RENT,16.8,DEBTCONSOLIDATION,B,3540,8.86,0.058,Y,17,1
32,62322,RENT,2.4,HOMEIMPROVEMENT,B,2786,6.93,0.045,Y,25,0
29,42165,MORTGAGE,15.4,PERSONAL,D,25390,18.59,0.602,Y,3,1
52,126328,OWN,0.8,MEDICAL,B,33906,10.04,0.268,Y,11,0
59,84363,RENT,5.7,EDUCATION,D,33624,16.92,0.399,N,4,0
35,20351,OTHER,1.1,HOMEIMPROVEMENT,G,7753,26.29,0.381,N,27,1
64,44596,OTHER,1.4,VENTURE,D,24100,14.89,0.54,N,3,1
54,29236,MORTGAGE,7.6,HOMEIMPROVEMENT,B,796,9.69,0.027,N,2,0
22,61555,RENT,2.4,MEDICAL,C,23588,12.96,0.383,N,3,1
24,48203,RENT,0.0,PERSONAL,C,25539,12.16,0.53,N,27,0
45,30162,RENT,2.7,PERSONAL,D,15431,17.43,0.512,Y,3,1
30,124487,RENT,,VENTURE,A,12961,8.6,0.104,N,7,0
26,50592,MORTGAGE,5.7,EDUCATION,C,20389,12.84,0.403,Y,15,0
29,38994,RENT,1.1,PERSONAL,D,31983,16.6,0.82,N,21,1
61,42649,MORTGAGE,9.2,DEBTCONSOLIDATION,D,25289,17.03,0.593,N,11,1
53,119403,RENT,1.6,VENTURE,F,27826,22.34,0.233,Y,21,1
22,80918,RENT,2.5,PERSONAL,A,24921,,0.308,N,2,0
27,44833,MORTGAGE,1.8,DEBTCONSOLIDATION,B,26712,7.02,0.596,N,27,0
50,28405,OTHER,5.2,HOMEIMPROVEMENT,B,2702,,0.095,Y,14,1
30,30948,MORTGAGE,0.5,VENTURE,B,16890,10.95,0.546,Y,17,0
64,37602,MORTGAGE,3.3,VENTURE,B,20078,8.87,0.534,N,29,0
26,64792,MORTGAGE,2.0,VENTURE,A,32370,7.21,0.5,N,3,1
64,74316,MORTGAGE,10.8,PERSONAL,D,15221,16.53,0.205,N,15,0
21,32890,OWN,0.4,VENTURE,E,15077,19.54,0.458,N,20,1
25,76146,RENT,8.9,HOMEIMPROVEMENT,A,4247,7.15,0.056,N,13,0
60,29740,OWN,0.9,EDUCATION,A,20781,5.8,0.699,N,17,0
51,35014,RENT,,EDUCATION,A,22980,8.45,0.656,N,10,0
39,22087,OWN,1.1,MEDICAL,B,10490,9.95,0.475,N,12,0
53,21728,RENT,0.5,HOMEIMPROVEMENT,D,13665,15.36,0.629,N,22,0
35,29564,OWN,3.7,HOMEIMPROVEMENT,A,1057,5.03,0.036,N,13,0
44,48331,OWN,22.2,VENTURE,C,29497,13.49,0.61,N,5,1
31,28376,RENT,0.2,MEDICAL,A,18673,9.95,0.658,N,27,0
26,111741,OTHER,3.1,DEBTCONSOLIDATION,F,15064,21.72,0.135,N,20,0
58,29352,RENT,2.4,DEBTCONSOLIDATION,E,30032,,1.023,N,11,1
36,54239,RENT,2.1,HOMEIMPROVEMENT,F,28215,21.98,0.52,N,16,1
64,101329,RENT,2.0,HOMEIMPROVEMENT,A,16191,6.91,0.16,N,18,0
30,51579,OTHER,11.3,HOMEIMPROVEMENT,B,17038,9.56,0.33,N,28,0
25,40128,MORTGAGE,0.1,PERSONAL,A,12768,9.49,0.318,Y,13,0
42,53149,MORTGAGE,7.5,HOMEIMPROVEMENT,C,7679,13.05,0.144,Y,2,0
46,35991,MORTGAGE,1.5,DEBTCONSOLIDATION,A,687,5.44,0.019,Y,17,0
65,28269,OWN,2.4,PERSONAL,D,18948,,0.67,N,27,1
25,68664,MORTGAGE,2.7,DEBTCONSOLIDATION,C,14783,14.37,0.215,N,9,1
57,35571,RENT,1.8,HOMEIMPROVEMENT,C,26450,13.34,0.744,Y,27,1
21,82060,RENT,0.5,DEBTCONSOLIDATION,D,32454,,0.395,Y,26,1
41,75958,RENT,0.6,EDUCATION,B,8297,9.48,0.109,N,20,0
39,53716,MORTGAGE,1.8,PERSONAL,A,31628,7.84,0.589,N,10,0
44,83615,RENT,8.6,PERSONAL,C,29058,12.05,0.348,Y,25,1
34,36343,RENT,0.7,VENTURE,F,21120,21.82,0.581,N,12,1
48,75438,OWN,6.8,HOMEIMPROVEMENT,C,19746,13.87,0.262,Y,18,0
27,75223,RENT,1.7,MEDICAL,C,32671,12.11,0.434,N,23,0
56,41531,MORTGAGE,10.7,MEDICAL,E,26845,20.53,0.646,N,10,0
52,38702,RENT,2.8,MEDICAL,B,6774,8.03,0.175,N,21,0
41,58745,RENT,0.9,MEDICAL,G,24965,25.05,0.425,N,12,1
24,144716,RENT,21.3,EDUCATION,A,23536,7.09,0.163,N,10,0
58,43142,RENT,1.0,MEDICAL,C,18799,10.45,0.436,Y,3,0
37,38256,OWN,4.2,DEBTCONSOLIDATION,A,17871,6.11,0.467,N,27,0
57,93724,RENT,4.2,VENTURE,B,15751,10.72,0.168,N,28,0
56,50892,RENT,2.3,MEDICAL,A,24728,6.14,0.486,N,10,0
49,78929,MORTGAGE,15.1,VENTURE,A,28679,,0.363,Y,12,0
50,110309,MORTGAGE,9.3,PERSONAL,A,10045,6.51,0.091,N,2,0
29,17173,MORTGAGE,8.9,DEBTCONSOLIDATION,B,11187,11.17,0.651,Y,21,1
34,48018,OWN,18.3,HOMEIMPROVEMENT,A,30420,7.41,0.634,N,6,0
61,43200,MORTGAGE,3.1,MEDICAL,D,13123,15.46,0.304,N,19,0
63,28874,RENT,0.5,VENTURE,A,29783,6.14,1.031,N,23,1
37,17064,MORTGAGE,7.3,DEBTCONSOLIDATION,B,32623,11.04,1.912,N,9,1
42,20428,MORTGAGE,2.4,VENTURE,A,30208,7.17,1.479,N,28,1
52,51917,RENT,1.1,HOMEIMPROVEMENT,A,33275,8.21,0.641,N,19,0
35,36544,RENT,3.3,PERSONAL,E,3430,19.74,0.094,N,10,0
57,31539,RENT,13.0,MEDICAL,D,9464,12.08,0.3,N,3,1
54,51633,RENT,0.9,VENTURE,D,29855,17.29,0.578,N,18,0
53,33500,RENT,9.4,MEDICAL,B,17702,10.15,0.528,N,12,0
47,99667,RENT,2.7,DEBTCONSOLIDATION,A,17890,7.3,0.179,N,15,0
21,34839,OWN,0.7,EDUCATION,A,31372,5.0,0.9,N,7,1
49,112187,OWN,9.4,VENTURE,C,27648,12.42,0.246,N,6,0
32,48218,MORTGAGE,17.5,PERSONAL,D,23958,16.07,0.497,Y,13,1
60,34250,MORTGAGE,1.7,DEBTCONSOLIDATION,E,17427,17.46,0.509,Y,13,1
35,32908,RENT,1.8,HOMEIMPROVEMENT,B,10683,11.59,0.325,N,11,0
24,112711,OWN,2.5,VENTURE,B,18980,,0.168,N,4,0
47,71876,MORTGAGE,,EDUCATION,A,4591,6.52,0.064,Y,20,0
58,32283,RENT,0.1,HOMEIMPROVEMENT,D,34046,18.18,1.055,Y,25,1
64,52338,RENT,1.3,PERSONAL,A,22586,7.44,0.432,Y,21,0
39,13396,RENT,6.1,MEDICAL,B,25243,11.65,1.884,N,18,1
43,23567,RENT,2.6,MEDICAL,E,12523,18.02,0.531,N,16,1
46,32446,RENT,2.0,VENTURE,D,2398,16.57,0.074,N,5,0
49,32011,RENT,10.3,HOMEIMPROVEMENT,A,19035,8.61,0.595,N,7,1
64,95526,RENT,12.5,EDUCATION,A,27224,,0.285,N,3,0
46,17106,RENT,14.8,EDUCATION,D,14949,17.21,0.874,N,13,1
45,22352,OTHER,,PERSONAL,C,9233,14.49,0.413,Y,17,1
26,62869,RENT,12.2,DEBTCONSOLIDATION,C,1932,14.83,0.031,Y,8,0
61,55639,RENT,6.7,HOMEIMPROVEMENT,A,27736,5.0,0.498,N,18,0
57,40442,MORTGAGE,0.8,HOMEIMPROVEMENT,E,15712,18.49,0.389,N,15,0
24,151580,OWN,4.7,MEDICAL,D,24650,13.91,0.163,N,27,0
42,68842,RENT,0.1,PERSONAL,E,34815,16.93,0.506,Y,10,0
47,96043,OWN,6.2,PERSONAL,B,3480,9.37,0.036,N,14,0
53,47670,RENT,6.6,DEBTCONSOLIDATION,A,17156,6.49,0.36,N,19,0
34,36352,RENT,7.8,PERSONAL,A,24982,8.63,0.687,N,26,0
51,36582,RENT,0.9,HOMEIMPROVEMENT,E,7142,,0.195,Y,13,1
45,81651,MORTGAGE,4.9,MEDICAL,A,5602,7.22,0.069,Y,14,0
50,74982,RENT,1.0,PERSONAL,A,33636,8.92,0.449,N,17,1
38,43467,MORTGAGE,14.7,MEDICAL,A,34351,,0.79,N,18,0
28,63536,RENT,5.6,DEBTCONSOLIDATION,D,2507,18.34,0.039,N,21,0
48,83236,MORTGAGE,,PERSONAL,E,8659,16.75,0.104,N,22,0
58,35948,RENT,1.0,HOMEIMPROVEMENT,D,30430,,0.847,N,25,0
23,40584,MORTGAGE,5.4,MEDICAL,C,10215,14.85,0.252,N,12,0
22,62670,MORTGAGE,3.2,VENTURE,G,18162,24.19,0.29,N,28,1
48,18328,MORTGAGE,6.7,DEBTCONSOLIDATION,A,26448,6.71,1.443,N,6,1
30,63327,RENT,1.6,PERSONAL,E,17621,21.01,0.278,Y,16,1
52,26402,MORTGAGE,5.4,HOMEIMPROVEMENT,B,26376,10.8,0.999,Y,2,1
57,82282,MORTGAGE,,MEDICAL,B,21004,8.03,0.255,N,18,0
30,159736,RENT,3.9,EDUCATION,A,11208,,0.07,Y,19,0
46,33408,OTHER,15.8,HOMEIMPROVEMENT,A,22577,6.15,0.676,Y,10,0
52,23334,MORTGAGE,4.9,HOMEIMPROVEMENT,B,28683,9.41,1.229,N,18,1
40,44402,MORTGAGE,0.3,EDUCATION,A,19356,6.89,0.436,Y,4,1
58,42366,RENT,22.4,EDUCATION,B,7596,9.31,0.179,Y,9,0
50,70502,MORTGAGE,0.9,VENTURE,A,29749,7.59,0.422,N,12,0
57,55755,RENT,6.3,VENTURE,A,14573,5.95,0.261,N,18,0
65,41648,RENT,3.8,VENTURE,E,14076,,0.338,N,17,1
21,51525,RENT,1.7,HOMEIMPROVEMENT,E,7902,19.91,0.153,N,21,1
46,26444,MORTGAGE,1.0,HOMEIMPROVEMENT,F,6769,21.92,0.256,N,28,0
55,77347,RENT,1.0,HOMEIMPROVEMENT,C,23635,13.08,0.306,Y,25,0
30,119357,MORTGAGE,9.8,VENTURE,D,23866,16.11,0.2,N,15,0
37,25369,RENT,10.3,MEDICAL,D,33817,16.15,1.333,N,23,1
20,20566,RENT,3.1,HOMEIMPROVEMENT,C,3719,12.88,0.181,N,23,0
54,39294,MORTGAGE,0.5,HOMEIMPROVEMENT,B,34798,9.82,0.886,N,18,0
54,25039,MORTGAGE,10.8,HOMEIMPROVEMENT,A,2626,,0.105,N,8,0
50,24296,RENT,3.3,VENTURE,A,6618,7.22,0.272,Y,12,1
47,22672,RENT,2.9,PERSONAL,D,21519,15.48,0.949,N,18,0
58,44069,RENT,2.6,VENTURE,C,5074,12.82,0.115,N,14,0
20,39093,MORTGAGE,2.3,PERSONAL,B,12719,11.19,0.325,N,20,0
44,60191,RENT,3.7,VENTURE,A,11017,,0.183,N,18,0
62,35966,MORTGAGE,4.6,MEDICAL,A,22694,9.95,0.631,N,12,0
57,25105,MORTGAGE,3.1,MEDICAL,C,24277,13.16,0.967,N,25,1
39,48567,RENT,11.3,HOMEIMPROVEMENT,B,12848,,0.265,N,5,0
22,27386,RENT,1.9,VENTURE,B,29685,9.71,1.084,N,17,0
21,64970,RENT,4.3,PERSONAL,B,23466,10.17,0.361,N,22,0
37,19605,RENT,1.8,PERSONAL,C,3575,14.3,0.182,N,2,0
63,14902,MORTGAGE,7.0,MEDICAL,F,32742,,2.197,Y,14,1
29,20223,MORTGAGE,0.5,HOMEIMPROVEMENT,E,3291,18.85,0.163,N,18,0
24,38945,MORTGAGE,1.0,PERSONAL,A,29810,5.79,0.765,Y,16,1
28,41859,RENT,8.1,VENTURE,B,24832,12.0,0.593,N,11,0
21,52855,OWN,1.0,HOMEIMPROVEMENT,B,6798,,0.129,N,2,0
53,35933,RENT,4.9,DEBTCONSOLIDATION,B,14353,9.57,0.399,N,16,0
57,30773,RENT,17.6,VENTURE,C,6753,,0.219,Y,28,0
50,107828,MORTGAGE,3.7,VENTURE,A,22893,5.38,0.212,Y,12,0
29,93235,MORTGAGE,1.0,MEDICAL,D,1263,16.55,0.014,N,28,0
31,84323,RENT,1.9,VENTURE,B,14129,10.46,0.168,N,14,0
55,58098,MORTGAGE,8.7,EDUCATION,G,22196,22.87,0.382,N,29,0
40,60698,OWN,2.2,HOMEIMPROVEMENT,A,32766,6.12,0.54,N,4,0
25,31481,MORTGAGE,6.4,EDUCATION,A,33796,6.64,1.074,N,23,0
22,53071,RENT,7.5,VENTURE,C,29838,12.65,0.562,N,22,0
29,29233,MORTGAGE,3.5,VENTURE,C,31336,12.39,1.072,N,17,1
24,27465,MORTGAGE,7.6,MEDICAL,C,21270,13.15,0.774,N,15,1
65,20138,MORTGAGE,1.9,MEDICAL,F,23486,23.67,1.166,N,12,1
45,61288,MORTGAGE,3.6,DEBTCONSOLIDATION,B,16020,10.57,0.261,N,11,0
40,53638,OTHER,5.8,MEDICAL,B,2243,11.41,0.042,N,14,0
64,41498,RENT,0.9,DEBTCONSOLIDATION,E,31038,19.44,0.748,Y,8,1
45,38615,RENT,1.6,MEDICAL,C,31175,12.62,0.807,N,18,0
57,17915,MORTGAGE,5.3,DEBTCONSOLIDATION,B,24615,9.79,1.374,N,25,1
63,56444,RENT,5.3,PERSONAL,C,30214,13.96,0.535,N,17,0
45,41210,RENT,,MEDICAL,C,7397,13.65,0.179,N,6,0
27,80241,MORTGAGE,7.9,VENTURE,B,22703,11.6,0.283,N,7,0
24,53125,RENT,3.3,DEBTCONSOLIDATION,B,7989,10.01,0.15,Y,3,0
34,72271,MORTGAGE,10.7,VENTURE,B,33707,8.33,0.466,N,26,0
35,48825,MORTGAGE,6.7,DEBTCONSOLIDATION,A,4685,6.77,0.096,N,4,0
20,54172,RENT,1.9,HOMEIMPROVEMENT,F,24020,20.21,0.443,N,22,1
35,81807,OWN,2.5,DEBTCONSOLIDATION,A,7530,6.84,0.092,N,11,0
56,44098,RENT,5.5,EDUCATION,A,31359,5.59,0.711,N,25,0
22,63546,MORTGAGE,11.2,DEBTCONSOLIDATION,C,10011,12.89,0.158,N,17,0
50,38409,MORTGAGE,1.0,DEBTCONSOLIDATION,C,7302,13.18,0.19,N,2,0
32,45610,RENT,3.6,PERSONAL,D,20366,15.85,0.447,N,21,0
35,117764,RENT,0.6,PERSONAL,B,8276,,0.07,Y,22,0
62,69722,RENT,1.6,HOMEIMPROVEMENT,E,30688,18.54,0.44,N,23,0
40,36395,MORTGAGE,5.8,HOMEIMPROVEMENT,C,18719,14.36,0.514,Y,4,0
21,61858,MORTGAGE,0.4,MEDICAL,B,22065,10.34,0.357,N,5,0
46,24246,RENT,5.4,HOMEIMPROVEMENT,D,34725,14.18,1.432,N,20,1
57,43405,MORTGAGE,11.6,PERSONAL,A,28750,7.16,0.662,N,5,1
45,29016,RENT,17.4,EDUCATION,E,16432,20.82,0.566,Y,8,1
57,62852,MORTGAGE,1.2,DEBTCONSOLIDATION,C,16677,12.45,0.265,N,26,0
65,44182,OTHER,6.9,EDUCATION,E,13085,18.54,0.296,N,10,0
44,57291,RENT,13.0,PERSONAL,A,25410,7.76,0.444,N,22,0
30,75041,OWN,0.5,MEDICAL,E,17241,17.97,0.23,N,23,0
27,38058,MORTGAGE,2.7,EDUCATION,C,7071,11.58,0.186,N,26,0
27,38813,OTHER,12.6,DEBTCONSOLIDATION,C,13035,11.12,0.336,N,21,0
52,48032,RENT,1.1,DEBTCONSOLIDATION,B,23698,10.82,0.493,N,8,0
26,30537,RENT,13.6,EDUCATION,F,34167,23.04,1.119,N,4,1
57,48719,RENT,3.7,MEDICAL,B,17216,9.3,0.353,Y,26,0
40,50154,MORTGAGE,0.5,EDUCATION,B,2641,8.61,0.053,N,26,0
27,55598,MORTGAGE,3.0,VENTURE,D,518,17.04,0.009,N,27,0
